frame,time_seconds,lifter_id,class,confidence,x1,y1,x2,y2,X_3D,Y_3D,Z_3D,W_3D,H_3D,D_3D
26,1.084,1,lifter,0.7917,194,1067,466,1512,-4.2503,0.1927,10.5535,0.448,0.9601,0.2079
26,1.084,2,lifter,0.6821,1579,735,1659,919,-4.6229,0.2146,11.4692,0.4906,1.0496,0.229
26,1.084,3,lifter,0.6681,218,684,348,922,-6.17,0.3076,15.232,0.6508,1.3957,0.2885
26,1.084,4,lifter,0.2401,1341,1153,1665,1504,-5.2657,0.2561,13.0235,0.5542,1.1887,0.2488
26,1.084,5,lifter,0.1846,772,1171,1073,1512,-4.5836,0.2121,11.3722,0.4859,1.0402,0.2272
27,1.125,1,lifter,0.7916,194,1067,466,1512,-4.25,0.1927,10.5526,0.448,0.96,0.2079
27,1.125,2,lifter,0.688,1578,736,1659,920,-4.6251,0.2148,11.4746,0.4908,1.0502,0.2291
27,1.125,3,lifter,0.6688,218,684,348,922,-6.1644,0.3073,15.2183,0.6502,1.3944,0.2882
27,1.125,4,lifter,0.2418,1341,1153,1665,1504,-5.2683,0.2563,13.0299,0.5544,1.1893,0.2489
27,1.125,5,lifter,0.1863,772,1171,1072,1512,-4.5819,0.212,11.3681,0.4857,1.0398,0.2271
28,1.167,1,lifter,0.7919,194,1067,466,1512,-4.2474,0.1925,10.5462,0.4477,0.9594,0.2078
28,1.167,2,lifter,0.6938,1578,735,1660,919,-4.5837,0.2123,11.3734,0.4862,1.0404,0.2269
28,1.167,3,lifter,0.6702,218,684,348,922,-6.1642,0.3073,15.2177,0.6501,1.3944,0.2882
28,1.167,4,lifter,0.2428,1341,1153,1665,1504,-5.2665,0.2562,13.0255,0.5543,1.1889,0.2488
28,1.167,5,lifter,0.1866,772,1171,1071,1512,-4.5794,0.2118,11.3619,0.4854,1.0392,0.227
29,1.209,1,lifter,0.7922,194,1067,466,1512,-4.2484,0.1926,10.5488,0.4478,0.9597,0.2078
29,1.209,2,lifter,0.6879,1579,735,1659,919,-4.6371,0.2155,11.5038,0.4921,1.053,0.2297
29,1.209,3,lifter,0.6717,217,684,348,922,-6.1861,0.3085,15.2714,0.6525,1.3995,0.2893
29,1.209,4,lifter,0.2437,1341,1153,1665,1504,-5.2681,0.2562,13.0294,0.5544,1.1893,0.2489
29,1.209,5,lifter,0.1867,772,1171,1070,1512,-4.5811,0.2119,11.3661,0.4856,1.0396,0.2271
30,1.25,1,lifter,0.7921,194,1067,466,1512,-4.2481,0.1925,10.548,0.4478,0.9596,0.2078
30,1.25,2,lifter,0.6772,217,684,348,923,-6.1771,0.308,15.2493,0.6515,1.3974,0.2889
30,1.25,3,lifter,0.6754,1579,735,1660,919,-4.6058,0.2136,11.4272,0.4887,1.0456,0.2281
30,1.25,4,lifter,0.2459,1341,1153,1665,1504,-5.2662,0.2561,13.0248,0.5542,1.1889,0.2488
30,1.25,5,lifter,0.1879,772,1171,1069,1512,-4.5758,0.2116,11.353,0.485,1.0384,0.2268
31,1.292,1,lifter,0.7923,194,1067,466,1512,-4.2475,0.1925,10.5466,0.4477,0.9595,0.2078
31,1.292,2,lifter,0.6805,1579,736,1659,919,-4.6364,0.2154,11.502,0.492,1.0528,0.2297
31,1.292,3,lifter,0.6756,218,684,348,923,-6.156,0.3068,15.1979,0.6493,1.3925,0.2878
31,1.292,4,lifter,0.2468,1341,1153,1665,1504,-5.2665,0.2562,13.0256,0.5543,1.1889,0.2488
31,1.292,5,lifter,0.189,772,1171,1069,1512,-4.5755,0.2116,11.3524,0.485,1.0383,0.2268
32,1.334,1,lifter,0.7924,194,1067,466,1512,-4.2472,0.1925,10.5459,0.4477,0.9594,0.2078
32,1.334,2,lifter,0.6872,1579,736,1660,919,-4.6061,0.2136,11.4281,0.4887,1.0457,0.2281
32,1.334,3,lifter,0.674,218,684,348,923,-6.1489,0.3064,15.1805,0.6485,1.3909,0.2875
32,1.334,4,lifter,0.2469,1341,1153,1665,1504,-5.2665,0.2562,13.0256,0.5543,1.1889,0.2488
32,1.334,5,lifter,0.1889,772,1171,1069,1512,-4.5756,0.2116,11.3526,0.485,1.0384,0.2268
33,1.375,1,lifter,0.7919,194,1067,466,1512,-4.2475,0.1925,10.5465,0.4477,0.9595,0.2078
33,1.375,2,lifter,0.673,218,684,348,923,-6.1536,0.3067,15.1919,0.649,1.3919,0.2877
33,1.375,3,lifter,0.67,1578,737,1660,920,-4.6013,0.2134,11.4163,0.4882,1.0446,0.2278
33,1.375,4,lifter,0.2477,1341,1153,1665,1504,-5.2669,0.2562,13.0266,0.5543,1.189,0.2488
33,1.375,5,lifter,0.189,772,1171,1069,1512,-4.5756,0.2116,11.3526,0.485,1.0384,0.2268
34,1.417,1,lifter,0.7916,194,1067,466,1512,-4.248,0.1925,10.5477,0.4477,0.9596,0.2078
34,1.417,2,lifter,0.6756,1578,737,1660,920,-4.6181,0.2144,11.4574,0.49,1.0485,0.2287
34,1.417,3,lifter,0.6721,218,684,348,923,-6.1561,0.3068,15.1981,0.6493,1.3925,0.2879
34,1.417,4,lifter,0.2495,1341,1153,1666,1504,-5.2706,0.2564,13.0356,0.5547,1.1899,0.249
34,1.417,5,lifter,0.1898,772,1171,1069,1512,-4.5759,0.2116,11.3533,0.485,1.0384,0.2268
35,1.459,1,lifter,0.7916,194,1067,466,1512,-4.2487,0.1926,10.5495,0.4478,0.9598,0.2078
35,1.459,2,lifter,0.6737,218,684,348,923,-6.1561,0.3068,15.1981,0.6493,1.3925,0.2879
35,1.459,3,lifter,0.6734,1577,740,1659,920,-4.6075,0.2137,11.4315,0.4889,1.046,0.2282
35,1.459,4,lifter,0.2494,1341,1153,1666,1504,-5.2712,0.2564,13.0369,0.5548,1.19,0.249
35,1.459,5,lifter,0.1894,772,1171,1068,1512,-4.5723,0.2114,11.3446,0.4846,1.0376,0.2266
36,1.5,1,lifter,0.7917,194,1067,466,1512,-4.2492,0.1926,10.5506,0.4479,0.9599,0.2078
36,1.5,2,lifter,0.675,218,684,348,922,-6.1699,0.3076,15.2317,0.6508,1.3957,0.2885
36,1.5,3,lifter,0.6644,1577,740,1660,920,-4.5952,0.213,11.4014,0.4875,1.0431,0.2276
36,1.5,4,lifter,0.2488,1341,1153,1666,1504,-5.2713,0.2564,13.0373,0.5548,1.19,0.249
36,1.5,5,lifter,0.1882,772,1171,1068,1512,-4.5721,0.2114,11.3441,0.4846,1.0375,0.2266
37,1.542,1,lifter,0.7916,194,1067,466,1512,-4.2498,0.1926,10.5521,0.4479,0.96,0.2079
37,1.542,2,lifter,0.6903,1576,736,1660,920,-4.6829,0.2182,11.616,0.4972,1.0638,0.2322
37,1.542,3,lifter,0.6765,217,684,348,922,-6.1916,0.3089,15.2848,0.6531,1.4007,0.2895
37,1.542,4,lifter,0.2483,1341,1153,1666,1504,-5.2717,0.2565,13.0383,0.5548,1.1901,0.2491
37,1.542,5,lifter,0.1872,772,1171,1068,1512,-4.5718,0.2114,11.3434,0.4846,1.0375,0.2266
38,1.584,1,lifter,0.7916,194,1067,466,1512,-4.25,0.1927,10.5528,0.448,0.9601,0.2079
38,1.584,2,lifter,0.701,1576,736,1661,920,-4.6673,0.2172,11.5778,0.4954,1.0601,0.2313
38,1.584,3,lifter,0.6776,217,684,348,923,-6.1768,0.308,15.2487,0.6515,1.3973,0.2888
38,1.584,4,lifter,0.2481,1341,1153,1666,1504,-5.2714,0.2564,13.0375,0.5548,1.19,0.2491
38,1.584,5,lifter,0.1869,772,1171,1068,1512,-4.5718,0.2114,11.3433,0.4846,1.0375,0.2266
39,1.625,1,lifter,0.7916,194,1067,466,1512,-4.2501,0.1927,10.5529,0.448,0.9601,0.2079
39,1.625,2,lifter,0.7231,1577,737,1661,920,-4.656,0.2166,11.5502,0.4942,1.0575,0.2307
39,1.625,3,lifter,0.6765,217,684,348,923,-6.1786,0.3081,15.253,0.6517,1.3977,0.2889
39,1.625,4,lifter,0.2482,1341,1153,1666,1504,-5.2734,0.2566,13.0425,0.555,1.1905,0.2491
39,1.625,5,lifter,0.1865,772,1171,1069,1512,-4.5745,0.2115,11.3498,0.4849,1.0381,0.2267
40,1.667,1,lifter,0.7918,194,1067,466,1512,-4.2501,0.1927,10.553,0.448,0.9601,0.2079
40,1.667,2,lifter,0.7349,1577,738,1661,920,-4.669,0.2173,11.5818,0.4957,1.0605,0.2314
40,1.667,3,lifter,0.6746,218,684,348,923,-6.1558,0.3068,15.1974,0.6493,1.3925,0.2878
40,1.667,4,lifter,0.2496,1341,1153,1666,1504,-5.2739,0.2566,13.0436,0.5551,1.1906,0.2492
40,1.667,5,lifter,0.1861,772,1171,1069,1512,-4.5746,0.2115,11.3501,0.4849,1.0381,0.2267
41,1.709,1,lifter,0.7913,194,1067,466,1512,-4.2501,0.1927,10.553,0.448,0.9601,0.2079
41,1.709,2,lifter,0.7315,1577,741,1661,921,-4.6283,0.2149,11.4824,0.4912,1.0509,0.2293
41,1.709,3,lifter,0.6728,218,684,348,923,-6.1553,0.3068,15.1961,0.6492,1.3923,0.2878
41,1.709,4,lifter,0.2504,1341,1153,1666,1504,-5.2724,0.2565,13.0399,0.5549,1.1903,0.2491
41,1.709,5,lifter,0.1854,772,1171,1071,1512,-4.5774,0.2117,11.3571,0.4852,1.0388,0.2269
42,1.75,1,lifter,0.7914,194,1067,466,1512,-4.2501,0.1927,10.5528,0.448,0.9601,0.2079
42,1.75,2,lifter,0.7386,1577,741,1662,921,-4.6092,0.2138,11.4357,0.4891,1.0464,0.2283
42,1.75,3,lifter,0.6725,218,684,348,923,-6.1516,0.3065,15.1871,0.6488,1.3915,0.2876
42,1.75,4,lifter,0.2459,1341,1153,1666,1504,-5.2698,0.2563,13.0335,0.5546,1.1897,0.249
42,1.75,5,lifter,0.1862,772,1171,1070,1512,-4.5799,0.2119,11.3631,0.4855,1.0394,0.227
43,1.792,1,lifter,0.7913,194,1067,466,1512,-4.2495,0.1926,10.5515,0.4479,0.9599,0.2079
43,1.792,2,lifter,0.7235,1578,742,1662,921,-4.6124,0.214,11.4434,0.4895,1.0472,0.2285
43,1.792,3,lifter,0.6706,218,684,348,922,-6.1741,0.3079,15.2422,0.6512,1.3967,0.2887
43,1.792,4,lifter,0.2471,1341,1153,1666,1504,-5.2744,0.2566,13.0447,0.5551,1.1907,0.2492
43,1.792,5,lifter,0.1837,772,1171,1073,1512,-4.5805,0.2119,11.3646,0.4855,1.0395,0.227
44,1.834,1,lifter,0.7919,194,1066,466,1512,-4.2481,0.1925,10.5481,0.4478,0.9596,0.2078
44,1.834,2,lifter,0.7161,1579,741,1663,921,-4.5567,0.2107,11.3073,0.4833,1.034,0.2255
44,1.834,3,lifter,0.6715,218,684,348,922,-6.1704,0.3076,15.233,0.6508,1.3958,0.2885
44,1.834,4,lifter,0.2472,1341,1153,1666,1504,-5.2725,0.2565,13.0402,0.5549,1.1903,0.2491
44,1.834,5,lifter,0.1848,772,1171,1072,1512,-4.5797,0.2119,11.3627,0.4855,1.0393,0.227
45,1.875,1,lifter,0.7916,194,1066,466,1512,-4.2476,0.1925,10.5467,0.4477,0.9595,0.2078
45,1.875,2,lifter,0.6879,1579,740,1664,920,-4.534,0.2094,11.2518,0.4808,1.0287,0.2244
45,1.875,3,lifter,0.6722,218,684,348,922,-6.1745,0.3079,15.243,0.6513,1.3968,0.2887
45,1.875,4,lifter,0.2462,1341,1153,1666,1504,-5.2693,0.2563,13.0323,0.5546,1.1896,0.2489
45,1.875,5,lifter,0.1829,772,1171,1073,1512,-4.581,0.2119,11.3659,0.4856,1.0396,0.227
46,1.917,1,lifter,0.7913,194,1066,466,1512,-4.2478,0.1925,10.5472,0.4477,0.9595,0.2078
46,1.917,2,lifter,0.6906,1580,741,1664,920,-4.5415,0.2098,11.27,0.4816,1.0304,0.2247
46,1.917,3,lifter,0.6734,218,684,348,923,-6.1606,0.3071,15.2091,0.6498,1.3936,0.2881
46,1.917,4,lifter,0.2462,1341,1153,1666,1504,-5.2703,0.2564,13.0349,0.5547,1.1898,0.249
46,1.917,5,lifter,0.1836,772,1171,1072,1512,-4.5806,0.2119,11.3648,0.4856,1.0395,0.227
47,1.959,1,lifter,0.7917,194,1066,466,1512,-4.2483,0.1926,10.5486,0.4478,0.9597,0.2078
47,1.959,2,lifter,0.6959,1580,740,1664,920,-4.5655,0.2112,11.3288,0.4843,1.0361,0.226
47,1.959,3,lifter,0.6719,218,684,348,923,-6.16,0.307,15.2077,0.6497,1.3934,0.288
47,1.959,4,lifter,0.2443,1341,1153,1666,1504,-5.2754,0.2567,13.0473,0.5552,1.191,0.2492
47,1.959,5,lifter,0.1822,772,1171,1073,1512,-4.5802,0.2119,11.3639,0.4855,1.0394,0.227
48,2.0,1,lifter,0.7917,194,1066,466,1512,-4.2482,0.1925,10.5482,0.4478,0.9596,0.2078
48,2.0,2,lifter,0.6952,1580,740,1665,920,-4.5128,0.2081,11.2,0.4785,1.0237,0.2232
48,2.0,3,lifter,0.6743,218,684,348,923,-6.1603,0.3071,15.2083,0.6497,1.3935,0.2881
48,2.0,4,lifter,0.2427,1341,1153,1666,1504,-5.2728,0.2565,13.041,0.5549,1.1904,0.2491
48,2.0,5,lifter,0.1844,772,1171,1072,1512,-4.5792,0.2118,11.3615,0.4854,1.0392,0.227
49,2.042,1,lifter,0.7915,194,1066,466,1512,-4.2483,0.1925,10.5485,0.4478,0.9597,0.2078
49,2.042,2,lifter,0.6886,1580,740,1665,920,-4.5219,0.2087,11.2221,0.4795,1.0258,0.2237
49,2.042,3,lifter,0.6734,218,684,348,923,-6.1601,0.307,15.2078,0.6497,1.3934,0.288
49,2.042,4,lifter,0.2438,1341,1153,1666,1504,-5.2728,0.2565,13.0409,0.5549,1.1904,0.2491
49,2.042,5,lifter,0.1815,772,1171,1073,1512,-4.5802,0.2119,11.3639,0.4855,1.0394,0.227
50,2.084,1,lifter,0.7923,194,1066,466,1512,-4.2491,0.1926,10.5504,0.4479,0.9598,0.2078
50,2.084,2,lifter,0.6763,218,684,348,923,-6.1598,0.307,15.2072,0.6497,1.3934,0.288
50,2.084,3,lifter,0.6675,1580,740,1666,920,-4.5104,0.208,11.194,0.4782,1.0231,0.2231
50,2.084,4,lifter,0.2473,1341,1153,1666,1504,-5.2679,0.2562,13.0289,0.5544,1.1892,0.2489
50,2.084,5,lifter,0.1841,772,1171,1071,1512,-4.5795,0.2118,11.3622,0.4854,1.0393,0.227
51,2.125,1,lifter,0.7933,194,1066,466,1512,-4.2474,0.1925,10.5463,0.4477,0.9594,0.2078
51,2.125,2,lifter,0.6745,218,684,348,923,-6.1582,0.3069,15.2032,0.6495,1.393,0.288
51,2.125,3,lifter,0.6549,1581,739,1666,920,-4.5253,0.2089,11.2306,0.4799,1.0266,0.2239
51,2.125,4,lifter,0.2453,1341,1153,1666,1504,-5.2716,0.2565,13.038,0.5548,1.1901,0.2491
51,2.125,5,lifter,0.1808,772,1171,1074,1512,-4.5871,0.2123,11.3807,0.4862,1.041,0.2274
52,2.167,1,lifter,0.7934,194,1066,466,1512,-4.2463,0.1924,10.5437,0.4476,0.9592,0.2077
52,2.167,2,lifter,0.6763,218,684,348,923,-6.1547,0.3067,15.1945,0.6491,1.3922,0.2878
52,2.167,3,lifter,0.6444,1581,739,1665,920,-4.6308,0.2151,11.4884,0.4915,1.0515,0.2294
52,2.167,4,lifter,0.2464,1341,1153,1666,1504,-5.2704,0.2564,13.0351,0.5547,1.1898,0.249
52,2.167,5,lifter,0.1811,773,1171,1076,1512,-4.585,0.2122,11.3755,0.486,1.0404,0.2272
53,2.209,1,lifter,0.7935,194,1067,466,1512,-4.2481,0.1925,10.5481,0.4478,0.9596,0.2078
53,2.209,2,lifter,0.6745,218,684,348,923,-6.1559,0.3068,15.1975,0.6493,1.3925,0.2878
53,2.209,3,lifter,0.6384,1580,740,1665,920,-4.6477,0.2161,11.5297,0.4933,1.0555,0.2303
53,2.209,4,lifter,0.2477,1341,1153,1666,1504,-5.2698,0.2563,13.0336,0.5546,1.1897,0.249
53,2.209,5,lifter,0.1813,772,1171,1076,1512,-4.5875,0.2123,11.3816,0.4863,1.041,0.2273
54,2.251,1,lifter,0.7934,194,1067,466,1512,-4.2486,0.1926,10.5493,0.4478,0.9597,0.2078
54,2.251,2,lifter,0.679,218,684,348,923,-6.1541,0.3067,15.1932,0.6491,1.3921,0.2878
54,2.251,3,lifter,0.6575,1580,740,1665,920,-4.6572,0.2166,11.5529,0.4944,1.0577,0.2308
54,2.251,4,lifter,0.2438,1341,1153,1666,1504,-5.2698,0.2563,13.0335,0.5546,1.1897,0.249
54,2.251,5,lifter,0.18,773,1171,1078,1512,-4.5929,0.2126,11.3948,0.4868,1.0423,0.2276
55,2.292,1,lifter,0.7929,194,1066,466,1512,-4.2475,0.1925,10.5464,0.4477,0.9595,0.2078
55,2.292,2,lifter,0.7029,1581,738,1666,920,-4.6747,0.2177,11.5958,0.4963,1.0619,0.2317
55,2.292,3,lifter,0.6802,218,684,348,923,-6.1554,0.3068,15.1963,0.6492,1.3924,0.2878
55,2.292,4,lifter,0.2435,1341,1153,1666,1504,-5.2704,0.2564,13.0351,0.5547,1.1898,0.249
55,2.292,5,lifter,0.1796,773,1171,1079,1512,-4.5888,0.2124,11.3847,0.4864,1.0413,0.2274
56,2.334,1,lifter,0.793,194,1066,466,1512,-4.2473,0.1925,10.5461,0.4477,0.9594,0.2078
56,2.334,2,lifter,0.6959,1581,738,1666,920,-4.7003,0.2192,11.6584,0.4991,1.0679,0.2331
56,2.334,3,lifter,0.6795,218,684,348,923,-6.1542,0.3067,15.1934,0.6491,1.3921,0.2878
56,2.334,4,lifter,0.244,1341,1153,1666,1504,-5.2672,0.2562,13.0271,0.5543,1.1891,0.2488
56,2.334,5,lifter,0.1803,773,1171,1079,1512,-4.5892,0.2124,11.3858,0.4864,1.0414,0.2274
57,2.376,1,lifter,0.7928,194,1067,466,1512,-4.2492,0.1926,10.5507,0.4479,0.9599,0.2079
57,2.376,2,lifter,0.6808,218,684,348,923,-6.1547,0.3067,15.1947,0.6491,1.3922,0.2878
57,2.376,3,lifter,0.6641,1582,739,1667,921,-4.6403,0.2156,11.5117,0.4925,1.0538,0.2299
57,2.376,4,lifter,0.2417,1341,1153,1665,1504,-5.2629,0.2559,13.0167,0.5539,1.1881,0.2486
57,2.376,5,lifter,0.181,773,1171,1079,1512,-4.5888,0.2124,11.3848,0.4864,1.0413,0.2274
58,2.417,1,lifter,0.7924,194,1067,466,1512,-4.2489,0.1926,10.5499,0.4478,0.9598,0.2078
58,2.417,2,lifter,0.6799,218,684,349,923,-6.1279,0.3052,15.1293,0.6463,1.386,0.2865
58,2.417,3,lifter,0.5931,1582,738,1668,921,-4.6442,0.2159,11.5212,0.4929,1.0547,0.2301
58,2.417,4,lifter,0.2412,1341,1153,1666,1504,-5.2671,0.2562,13.027,0.5543,1.1891,0.2488
58,2.417,5,lifter,0.1828,773,1171,1077,1512,-4.586,0.2122,11.378,0.4861,1.0407,0.2273
59,2.459,1,lifter,0.7943,194,1067,466,1512,-4.2488,0.1926,10.5497,0.4478,0.9598,0.2078
59,2.459,2,lifter,0.6813,218,684,348,923,-6.1561,0.3068,15.1981,0.6493,1.3925,0.2879
59,2.459,3,lifter,0.6166,1582,739,1669,921,-4.5863,0.2125,11.3797,0.4866,1.041,0.2271
59,2.459,4,lifter,0.2385,1341,1153,1665,1504,-5.2624,0.2559,13.0154,0.5538,1.188,0.2486
59,2.459,5,lifter,0.1802,773,1171,1078,1512,-4.59,0.2125,11.3878,0.4865,1.0416,0.2275
60,2.501,1,lifter,0.7946,194,1066,466,1512,-4.2471,0.1925,10.5456,0.4477,0.9594,0.2078
60,2.501,2,lifter,0.6814,218,685,349,923,-6.1225,0.3049,15.1159,0.6457,1.3848,0.2863
60,2.501,3,lifter,0.5973,1582,735,1670,921,-4.6237,0.2147,11.4712,0.4907,1.0499,0.2291
60,2.501,4,lifter,0.2388,1341,1153,1665,1504,-5.2617,0.2559,13.0139,0.5537,1.1878,0.2486
60,2.501,5,lifter,0.1776,773,1171,1082,1512,-4.5969,0.2129,11.4045,0.4872,1.0431,0.2277
61,2.542,1,lifter,0.7942,194,1066,466,1512,-4.2473,0.1925,10.546,0.4477,0.9594,0.2078
61,2.542,2,lifter,0.6796,218,685,348,923,-6.1485,0.3064,15.1794,0.6485,1.3908,0.2875
61,2.542,3,lifter,0.6661,1582,736,1670,921,-4.6488,0.2162,11.5326,0.4934,1.0558,0.2304
61,2.542,4,lifter,0.2402,1341,1153,1665,1504,-5.2605,0.2558,13.0109,0.5536,1.1875,0.2485
61,2.542,5,lifter,0.1787,773,1171,1082,1512,-4.5969,0.2129,11.4045,0.4872,1.0431,0.2277
62,2.584,1,lifter,0.7946,194,1066,466,1512,-4.2484,0.1925,10.5487,0.4478,0.9597,0.2078
62,2.584,2,lifter,0.6838,1582,736,1670,921,-4.6993,0.2191,11.656,0.499,1.0677,0.233
62,2.584,3,lifter,0.6786,218,685,349,923,-6.1175,0.3046,15.1036,0.6452,1.3836,0.286
62,2.584,4,lifter,0.2407,1341,1153,1665,1504,-5.263,0.2559,13.017,0.5539,1.1881,0.2486
62,2.584,5,lifter,0.1772,773,1171,1082,1512,-4.5996,0.2131,11.4111,0.4875,1.0438,0.2279
63,2.626,1,lifter,0.7959,194,1066,466,1512,-4.2477,0.1925,10.5469,0.4477,0.9595,0.2078
63,2.626,2,lifter,0.7051,1583,736,1671,920,-4.658,0.2167,11.5551,0.4945,1.058,0.2309
63,2.626,3,lifter,0.6752,218,685,349,923,-6.127,0.3051,15.1269,0.6462,1.3858,0.2865
63,2.626,4,lifter,0.2379,1341,1153,1665,1504,-5.2661,0.2561,13.0245,0.5542,1.1888,0.2488
63,2.626,5,lifter,0.1763,773,1171,1080,1512,-4.5894,0.2124,11.3862,0.4864,1.0414,0.2274
64,2.667,1,lifter,0.7965,194,1066,466,1512,-4.2464,0.1924,10.5438,0.4476,0.9592,0.2077
64,2.667,2,lifter,0.7167,1583,737,1671,920,-4.6922,0.2187,11.6385,0.4982,1.066,0.2327
64,2.667,3,lifter,0.674,218,685,348,923,-6.1531,0.3066,15.1906,0.649,1.3918,0.2877
64,2.667,4,lifter,0.2385,1341,1153,1666,1505,-5.3204,0.2593,13.1573,0.5602,1.2013,0.2513
64,2.667,5,lifter,0.175,773,1171,1082,1512,-4.5971,0.2129,11.4051,0.4872,1.0432,0.2278
65,2.709,1,lifter,0.7955,194,1066,466,1512,-4.2457,0.1924,10.5422,0.4475,0.9591,0.2077
65,2.709,2,lifter,0.7428,1583,736,1671,921,-4.7279,0.2208,11.7259,0.5022,1.0745,0.2346
65,2.709,3,lifter,0.6729,218,685,348,923,-6.1516,0.3066,15.187,0.6488,1.3915,0.2877
65,2.709,4,lifter,0.2341,1341,1153,1665,1505,-5.3155,0.2591,13.1453,0.5596,1.2002,0.2511
65,2.709,5,lifter,0.171,773,1171,1088,1512,-4.5861,0.2123,11.3782,0.486,1.0405,0.2271
66,2.751,1,lifter,0.7955,194,1066,466,1512,-4.2473,0.1925,10.546,0.4477,0.9594,0.2078
66,2.751,2,lifter,0.7302,1583,734,1672,921,-4.7295,0.2209,11.7298,0.5023,1.0748,0.2347
66,2.751,3,lifter,0.6748,218,684,348,923,-6.1631,0.3072,15.2152,0.65,1.3942,0.2882
66,2.751,4,lifter,0.2365,1341,1153,1665,1505,-5.3158,0.2591,13.146,0.5597,1.2002,0.2511
66,2.751,5,lifter,0.1721,773,1171,1084,1512,-4.5944,0.2128,11.3985,0.4869,1.0425,0.2276
67,2.792,1,lifter,0.7958,194,1066,466,1512,-4.2461,0.1924,10.5431,0.4475,0.9591,0.2077
67,2.792,2,lifter,0.7457,1583,736,1672,921,-4.7396,0.2215,11.7547,0.5035,1.0772,0.2352
67,2.792,3,lifter,0.672,218,684,349,923,-6.1446,0.3061,15.17,0.6481,1.3899,0.2873
67,2.792,4,lifter,0.2444,1341,1152,1665,1504,-5.2848,0.2572,13.0703,0.5563,1.1931,0.2496
67,2.792,5,lifter,0.1765,773,1171,1079,1512,-4.5859,0.2122,11.3777,0.486,1.0406,0.2272
68,2.834,1,lifter,0.7956,194,1066,466,1512,-4.2451,0.1924,10.5407,0.4474,0.9589,0.2076
68,2.834,2,lifter,0.7472,1583,738,1672,921,-4.7329,0.2211,11.7383,0.5027,1.0756,0.2348
68,2.834,3,lifter,0.6686,218,685,349,923,-6.1469,0.3063,15.1754,0.6483,1.3904,0.2874
68,2.834,4,lifter,0.2445,1341,1152,1665,1504,-5.2893,0.2575,13.0813,0.5568,1.1941,0.2499
68,2.834,5,lifter,0.1746,774,1171,1083,1512,-4.5903,0.2125,11.3885,0.4865,1.0416,0.2274
69,2.876,1,lifter,0.7967,194,1066,466,1512,-4.2429,0.1922,10.5354,0.4472,0.9584,0.2075
69,2.876,2,lifter,0.7454,1585,739,1672,921,-4.7026,0.2193,11.664,0.4994,1.0685,0.2332
69,2.876,3,lifter,0.6696,218,685,349,923,-6.1479,0.3063,15.178,0.6484,1.3907,0.2875
69,2.876,4,lifter,0.2373,1341,1152,1665,1504,-5.2676,0.2562,13.0281,0.5544,1.1891,0.2488
69,2.876,5,lifter,0.1728,774,1171,1088,1512,-4.5791,0.2119,11.3609,0.4852,1.0388,0.2267
70,2.917,1,lifter,0.7961,194,1066,466,1512,-4.2442,0.1923,10.5385,0.4473,0.9587,0.2076
70,2.917,2,lifter,0.7369,1590,737,1674,921,-4.6681,0.2173,11.5799,0.4956,1.0604,0.2314
70,2.917,3,lifter,0.6771,218,685,348,923,-6.1714,0.3077,15.2353,0.6509,1.3961,0.2886
70,2.917,4,lifter,0.2323,1341,1152,1665,1504,-5.2547,0.2554,12.9967,0.553,1.1862,0.2482
70,2.917,5,lifter,0.1727,773,1171,1086,1512,-4.5905,0.2125,11.3889,0.4865,1.0416,0.2273
71,2.959,1,lifter,0.7951,194,1066,466,1512,-4.2434,0.1923,10.5366,0.4472,0.9585,0.2075
71,2.959,2,lifter,0.7673,1592,735,1675,921,-4.6434,0.2158,11.5194,0.4929,1.0545,0.2301
71,2.959,3,lifter,0.6783,218,685,348,923,-6.1748,0.3079,15.2437,0.6513,1.3969,0.2887
71,2.959,4,lifter,0.2299,1341,1152,1666,1504,-5.2881,0.2574,13.0784,0.5566,1.1939,0.2498
71,2.959,5,lifter,0.1709,774,1171,1085,1512,-4.5849,0.2122,11.3752,0.4858,1.0402,0.227
72,3.001,1,lifter,0.7949,194,1066,466,1512,-4.2438,0.1923,10.5375,0.4473,0.9586,0.2076
72,3.001,2,lifter,0.7412,1592,735,1675,920,-4.6809,0.218,11.6111,0.497,1.0634,0.2321
72,3.001,3,lifter,0.6745,218,685,349,923,-6.1447,0.3061,15.17,0.6481,1.3899,0.2873
72,3.001,4,lifter,0.2344,1341,1152,1666,1504,-5.2873,0.2574,13.0763,0.5565,1.1937,0.2498
72,3.001,5,lifter,0.1709,773,1171,1085,1512,-4.5884,0.2124,11.3839,0.4862,1.0411,0.2272
73,3.042,1,lifter,0.7958,194,1066,466,1512,-4.247,0.1925,10.5453,0.4476,0.9593,0.2077
73,3.042,2,lifter,0.673,218,685,349,923,-6.1466,0.3063,15.1749,0.6483,1.3904,0.2874
73,3.042,3,lifter,0.6677,1595,736,1675,920,-4.6658,0.2171,11.574,0.4953,1.0598,0.2313
73,3.042,4,lifter,0.2316,1341,1152,1665,1504,-5.2812,0.257,13.0615,0.5559,1.1922,0.2495
73,3.042,5,lifter,0.1702,774,1171,1089,1512,-4.5747,0.2116,11.3504,0.4847,1.0378,0.2264
74,3.084,1,lifter,0.7953,194,1066,465,1512,-4.2484,0.1926,10.5487,0.4478,0.9597,0.2078
74,3.084,2,lifter,0.6775,218,685,349,923,-6.1455,0.3062,15.1721,0.6482,1.3901,0.2874
74,3.084,3,lifter,0.6339,1596,736,1675,920,-4.6783,0.2179,11.6047,0.4967,1.0628,0.2319
74,3.084,4,lifter,0.2347,1341,1152,1666,1504,-5.2734,0.2566,13.0424,0.555,1.1905,0.2491
74,3.084,5,lifter,0.1714,774,1171,1089,1512,-4.5753,0.2117,11.3518,0.4847,1.0379,0.2265
75,3.126,1,lifter,0.7948,194,1066,466,1512,-4.2473,0.1925,10.5461,0.4477,0.9594,0.2077
75,3.126,2,lifter,0.6927,1598,738,1678,920,-4.6057,0.2136,11.4272,0.4887,1.0457,0.2282
75,3.126,3,lifter,0.6829,218,684,348,923,-6.1794,0.3082,15.2549,0.6518,1.3979,0.2889
75,3.126,4,lifter,0.228,1341,1152,1666,1504,-5.2888,0.2575,13.08,0.5567,1.194,0.2498
75,3.126,5,lifter,0.1685,774,1171,1088,1512,-4.5753,0.2117,11.3517,0.4847,1.0379,0.2265
76,3.167,1,lifter,0.7958,194,1066,466,1512,-4.2457,0.1924,10.5422,0.4475,0.959,0.2076
76,3.167,2,lifter,0.7177,1596,737,1679,920,-4.6207,0.2145,11.4638,0.4904,1.0492,0.2289
76,3.167,3,lifter,0.6831,218,685,348,923,-6.1741,0.3079,15.242,0.6512,1.3967,0.2887
76,3.167,4,lifter,0.2344,1341,1152,1666,1504,-5.2908,0.2576,13.0851,0.5569,1.1945,0.2499
76,3.167,5,lifter,0.166,774,1171,1089,1512,-4.5664,0.2112,11.33,0.4838,1.0358,0.226
77,3.209,1,lifter,0.7954,194,1066,466,1512,-4.2477,0.1925,10.5469,0.4477,0.9595,0.2077
77,3.209,2,lifter,0.6989,1594,735,1681,920,-4.6222,0.2146,11.4676,0.4905,1.0495,0.229
77,3.209,3,lifter,0.6785,218,685,348,923,-6.1783,0.3081,15.2521,0.6517,1.3977,0.2889
77,3.209,4,lifter,0.2324,1341,1152,1666,1503,-5.2432,0.2548,12.9685,0.5517,1.1835,0.2477
77,3.209,5,lifter,0.1682,774,1171,1090,1512,-4.5591,0.2107,11.3121,0.4829,1.0341,0.2256
78,3.251,1,lifter,0.7963,194,1066,466,1512,-4.2482,0.1925,10.5483,0.4478,0.9596,0.2078
78,3.251,2,lifter,0.7165,1594,733,1683,920,-4.6151,0.2141,11.4503,0.4898,1.0479,0.2287
78,3.251,3,lifter,0.6747,218,685,348,923,-6.1697,0.3076,15.2311,0.6508,1.3957,0.2885
78,3.251,4,lifter,0.2301,1341,1152,1666,1504,-5.2795,0.2569,13.0574,0.5557,1.1919,0.2494
78,3.251,5,lifter,0.1707,774,1171,1089,1512,-4.5715,0.2115,11.3424,0.4843,1.037,0.2263
79,3.292,1,lifter,0.7952,194,1066,466,1512,-4.2471,0.1925,10.5456,0.4476,0.9593,0.2077
79,3.292,2,lifter,0.6731,218,685,348,923,-6.1705,0.3076,15.2331,0.6508,1.3959,0.2885
79,3.292,3,lifter,0.5685,1594,731,1684,919,-4.661,0.2168,11.5625,0.4948,1.0587,0.2311
79,3.292,4,lifter,0.2339,1341,1152,1666,1504,-5.2838,0.2572,13.0678,0.5562,1.1928,0.2496
79,3.292,5,lifter,0.1704,774,1171,1089,1512,-4.5694,0.2113,11.3372,0.4841,1.0365,0.2261
80,3.334,1,lifter,0.7934,194,1066,466,1512,-4.2478,0.1925,10.5472,0.4477,0.9595,0.2077
80,3.334,2,lifter,0.6747,218,685,348,923,-6.1697,0.3076,15.2313,0.6508,1.3957,0.2885
80,3.334,3,lifter,0.4522,1593,730,1685,919,-4.6795,0.2179,11.6078,0.4969,1.063,0.232
80,3.334,4,lifter,0.235,1341,1152,1666,1504,-5.2773,0.2568,13.0519,0.5555,1.1913,0.2493
80,3.334,5,lifter,0.168,774,1171,1090,1512,-4.5611,0.2108,11.317,0.4832,1.0346,0.2257
81,3.376,1,lifter,0.7937,194,1066,466,1512,-4.2479,0.1925,10.5475,0.4477,0.9595,0.2077
81,3.376,2,lifter,0.6749,218,685,348,923,-6.169,0.3076,15.2294,0.6507,1.3955,0.2885
81,3.376,3,lifter,0.5881,1594,731,1686,919,-4.6761,0.2177,11.5993,0.4965,1.0622,0.2319
81,3.376,4,lifter,0.2332,1341,1152,1665,1504,-5.2734,0.2566,13.0424,0.555,1.1904,0.2491
81,3.376,5,lifter,0.1681,774,1171,1090,1512,-4.5607,0.2108,11.3161,0.4831,1.0345,0.2257
82,3.417,1,lifter,0.7941,194,1066,466,1512,-4.248,0.1925,10.5478,0.4477,0.9596,0.2078
82,3.417,2,lifter,0.6795,218,685,348,923,-6.1673,0.3075,15.2253,0.6505,1.3951,0.2884
82,3.417,3,lifter,0.4865,1596,732,1686,919,-4.6977,0.219,11.6523,0.4989,1.0673,0.233
82,3.417,4,lifter,0.2371,1341,1152,1665,1504,-5.2723,0.2565,13.0398,0.5549,1.1902,0.249
82,3.417,5,lifter,0.1671,774,1171,1090,1512,-4.5611,0.2108,11.317,0.4832,1.0346,0.2257
83,3.459,1,lifter,0.7948,194,1066,466,1512,-4.2487,0.1926,10.5494,0.4478,0.9597,0.2078
83,3.459,2,lifter,0.6838,218,684,348,923,-6.1788,0.3081,15.2534,0.6517,1.3978,0.2889
83,3.459,3,lifter,0.5182,1596,732,1688,919,-4.6691,0.2173,11.5824,0.4957,1.0606,0.2315
83,3.459,4,lifter,0.2305,1341,1152,1665,1504,-5.2732,0.2565,13.0421,0.555,1.1904,0.2491
83,3.459,5,lifter,0.1657,775,1171,1088,1512,-4.5715,0.2114,11.3425,0.4843,1.037,0.2263
84,3.501,1,lifter,0.7942,194,1066,466,1512,-4.2491,0.1926,10.5503,0.4478,0.9598,0.2078
84,3.501,2,lifter,0.6819,218,684,348,923,-6.178,0.3081,15.2517,0.6516,1.3976,0.2889
84,3.501,3,lifter,0.6504,1599,734,1689,920,-4.6166,0.2142,11.4538,0.4899,1.0482,0.2287
84,3.501,4,lifter,0.236,1341,1152,1665,1504,-5.2725,0.2565,13.0402,0.5549,1.1902,0.249
84,3.501,5,lifter,0.1716,775,1171,1088,1512,-4.5724,0.2115,11.3447,0.4844,1.0373,0.2263
85,3.542,1,lifter,0.7941,194,1066,466,1512,-4.2489,0.1926,10.5499,0.4478,0.9598,0.2078
85,3.542,2,lifter,0.6818,218,684,348,923,-6.1782,0.3081,15.252,0.6517,1.3976,0.2889
85,3.542,3,lifter,0.3823,1598,732,1688,919,-4.7419,0.2216,11.7603,0.5037,1.0778,0.2353
85,3.542,4,lifter,0.2379,1341,1152,1665,1504,-5.2753,0.2567,13.0471,0.5552,1.1909,0.2492
85,3.542,5,lifter,0.1715,775,1171,1088,1512,-4.572,0.2115,11.3437,0.4844,1.0372,0.2263
86,3.584,1,lifter,0.7938,194,1066,466,1512,-4.2505,0.1927,10.5539,0.448,0.9601,0.2079
86,3.584,2,lifter,0.6849,218,684,348,923,-6.1776,0.3081,15.2507,0.6516,1.3975,0.2889
86,3.584,3,lifter,0.5382,1599,733,1690,919,-4.7166,0.2201,11.6985,0.5009,1.0718,0.234
86,3.584,4,lifter,0.2368,1341,1152,1665,1504,-5.272,0.2565,13.039,0.5549,1.1901,0.249
86,3.584,5,lifter,0.1716,775,1171,1086,1512,-4.5844,0.2122,11.3742,0.4858,1.0401,0.227
87,3.626,1,lifter,0.7926,194,1066,466,1512,-4.248,0.1925,10.5477,0.4477,0.9595,0.2077
87,3.626,2,lifter,0.6805,218,684,348,923,-6.1767,0.308,15.2484,0.6515,1.3973,0.2888
87,3.626,3,lifter,0.394,1598,730,1691,918,-4.7176,0.2202,11.7007,0.501,1.072,0.234
87,3.626,4,lifter,0.2359,1341,1152,1665,1504,-5.2733,0.2565,13.0421,0.555,1.1904,0.2491
87,3.626,5,lifter,0.1687,774,1171,1089,1512,-4.5692,0.2113,11.3368,0.4841,1.0365,0.2261
88,3.668,1,lifter,0.794,194,1066,466,1512,-4.2492,0.1926,10.5506,0.4479,0.9598,0.2078
88,3.668,2,lifter,0.6833,218,684,348,923,-6.1734,0.3078,15.2402,0.6511,1.3965,0.2887
88,3.668,3,lifter,0.4625,1598,730,1692,918,-4.7296,0.2209,11.7301,0.5024,1.0748,0.2347
88,3.668,4,lifter,0.2369,1341,1152,1665,1504,-5.2728,0.2565,13.0409,0.555,1.1903,0.2491
88,3.668,5,lifter,0.1711,775,1171,1087,1512,-4.5789,0.2119,11.3605,0.4852,1.0388,0.2267
89,3.709,1,lifter,0.7939,194,1066,466,1512,-4.2489,0.1926,10.55,0.4478,0.9598,0.2078
89,3.709,2,lifter,0.6813,218,684,348,923,-6.1744,0.3079,15.2427,0.6512,1.3967,0.2887
89,3.709,3,lifter,0.5274,1600,730,1692,917,-4.7147,0.22,11.6937,0.5007,1.0713,0.2339
89,3.709,4,lifter,0.2369,1341,1152,1665,1504,-5.2702,0.2564,13.0347,0.5547,1.1897,0.2489
89,3.709,5,lifter,0.1711,774,1171,1086,1512,-4.5834,0.2121,11.3716,0.4857,1.0399,0.2269
90,3.751,1,lifter,0.7949,194,1066,466,1512,-4.2494,0.1926,10.551,0.4479,0.9599,0.2078
90,3.751,2,lifter,0.6798,218,684,348,923,-6.1713,0.3077,15.2353,0.6509,1.396,0.2886
90,3.751,3,lifter,0.5209,1599,730,1694,918,-4.733,0.2211,11.7385,0.5028,1.0756,0.2348
90,3.751,4,lifter,0.2396,1341,1152,1666,1504,-5.2753,0.2567,13.047,0.5552,1.1909,0.2492
90,3.751,5,lifter,0.1733,774,1171,1082,1512,-4.5905,0.2125,11.3888,0.4865,1.0416,0.2274
91,3.793,1,lifter,0.7947,194,1066,466,1512,-4.2484,0.1926,10.5487,0.4478,0.9596,0.2078
91,3.793,2,lifter,0.6772,218,684,348,923,-6.1775,0.3081,15.2503,0.6516,1.3975,0.2889
91,3.793,3,lifter,0.6034,1602,732,1695,918,-4.7376,0.2214,11.7496,0.5032,1.0767,0.2351
91,3.793,4,lifter,0.2377,1341,1152,1666,1504,-5.2757,0.2567,13.048,0.5553,1.191,0.2492
91,3.793,5,lifter,0.1745,774,1171,1081,1512,-4.5857,0.2122,11.3772,0.486,1.0405,0.2271
92,3.834,1,lifter,0.7931,194,1066,466,1512,-4.2469,0.1925,10.5451,0.4476,0.9593,0.2077
92,3.834,2,lifter,0.668,219,684,349,923,-6.1527,0.3066,15.1896,0.6489,1.3918,0.2877
92,3.834,3,lifter,0.5904,1604,735,1701,920,-4.6376,0.2155,11.5052,0.4922,1.0531,0.2298
92,3.834,4,lifter,0.2388,1341,1152,1666,1504,-5.2748,0.2566,13.0459,0.5552,1.1908,0.2492
92,3.834,5,lifter,0.1795,774,1171,1077,1512,-4.5795,0.2119,11.362,0.4853,1.0391,0.2269
93,3.876,1,lifter,0.7926,194,1066,466,1512,-4.2466,0.1925,10.5442,0.4476,0.9592,0.2077
93,3.876,2,lifter,0.6712,218,684,349,923,-6.1548,0.3067,15.1948,0.6491,1.3922,0.2878
93,3.876,3,lifter,0.6447,1607,733,1701,921,-4.6825,0.2181,11.615,0.4972,1.0637,0.2322
93,3.876,4,lifter,0.239,1341,1152,1666,1504,-5.2738,0.2566,13.0435,0.5551,1.1905,0.2491
93,3.876,5,lifter,0.1786,774,1171,1079,1512,-4.5803,0.2119,11.3641,0.4854,1.0393,0.2269
94,3.918,1,lifter,0.7915,194,1066,466,1512,-4.2479,0.1925,10.5474,0.4477,0.9595,0.2077
94,3.918,2,lifter,0.6729,218,684,349,923,-6.1531,0.3066,15.1907,0.649,1.3918,0.2877
94,3.918,3,lifter,0.4847,1617,733,1702,921,-4.5954,0.213,11.402,0.4876,1.0432,0.2276
94,3.918,4,lifter,0.2357,1341,1152,1665,1504,-5.2691,0.2563,13.0319,0.5546,1.1894,0.2489
94,3.918,5,lifter,0.1826,774,1171,1078,1512,-4.585,0.2122,11.3755,0.4859,1.0404,0.2272
95,3.959,1,lifter,0.7918,194,1066,466,1512,-4.2475,0.1925,10.5464,0.4477,0.9594,0.2077
95,3.959,2,lifter,0.6755,218,684,349,923,-6.1548,0.3067,15.1948,0.6491,1.3922,0.2878
95,3.959,3,lifter,0.4373,1617,734,1702,921,-4.6178,0.2143,11.4566,0.49,1.0484,0.2287
95,3.959,4,lifter,0.2332,1341,1152,1665,1504,-5.2736,0.2566,13.043,0.5551,1.1905,0.2491
95,3.959,5,lifter,0.1798,774,1171,1079,1512,-4.5819,0.212,11.3678,0.4856,1.0396,0.227
96,4.001,1,lifter,0.7928,194,1066,466,1512,-4.2454,0.1924,10.5413,0.4474,0.9589,0.2076
96,4.001,2,lifter,0.6754,218,684,348,923,-6.1765,0.308,15.2479,0.6515,1.3972,0.2888
96,4.001,3,lifter,0.2975,1608,729,1705,920,-4.7053,0.2195,11.6707,0.4997,1.0691,0.2334
96,4.001,4,lifter,0.2338,1341,1152,1665,1503,-5.2342,0.2542,12.9466,0.5507,1.1814,0.2472
96,4.001,5,lifter,0.1812,775,1171,1076,1512,-4.5767,0.2117,11.3553,0.485,1.0385,0.2267
97,4.043,1,lifter,0.7928,194,1066,466,1512,-4.2453,0.1924,10.5411,0.4474,0.9589,0.2076
97,4.043,2,lifter,0.6756,219,684,349,923,-6.1609,0.3071,15.2099,0.6498,1.3937,0.2881
97,4.043,3,lifter,0.2848,1614,728,1706,920,-4.6583,0.2167,11.5557,0.4945,1.058,0.2309
97,4.043,4,lifter,0.2388,1341,1152,1665,1503,-5.2339,0.2542,12.9458,0.5507,1.1813,0.2472
97,4.043,5,lifter,0.1809,775,1171,1077,1512,-4.5775,0.2117,11.3571,0.4851,1.0386,0.2268
98,4.084,1,lifter,0.7936,194,1066,466,1512,-4.2455,0.1924,10.5415,0.4475,0.959,0.2076
98,4.084,2,lifter,0.6777,219,684,348,923,-6.1795,0.3082,15.2551,0.6518,1.3979,0.289
98,4.084,3,lifter,0.3649,1612,728,1708,920,-4.6915,0.2187,11.6368,0.4982,1.0658,0.2326
98,4.084,4,lifter,0.2454,1341,1152,1665,1503,-5.2337,0.2542,12.9454,0.5507,1.1813,0.2472
98,4.084,5,lifter,0.1783,775,1171,1081,1512,-4.5851,0.2122,11.3758,0.4859,1.0404,0.2271
99,4.126,1,lifter,0.7928,194,1066,466,1512,-4.2456,0.1924,10.5419,0.4475,0.959,0.2076
99,4.126,2,lifter,0.6768,219,684,348,923,-6.1795,0.3082,15.2551,0.6518,1.3979,0.289
99,4.126,3,lifter,0.3304,1615,729,1709,921,-4.6903,0.2186,11.634,0.498,1.0655,0.2325
99,4.126,4,lifter,0.2421,1341,1152,1665,1504,-5.2705,0.2564,13.0353,0.5547,1.1898,0.2489
99,4.126,5,lifter,0.1768,774,1171,1081,1512,-4.5873,0.2123,11.3812,0.4861,1.0409,0.2272
100,4.168,1,lifter,0.8013,197,1067,466,1512,-4.2441,0.1923,10.5381,0.4473,0.9586,0.2075
100,4.168,2,lifter,0.7109,219,688,349,923,-6.2219,0.3107,15.3585,0.6564,1.4078,0.291
100,4.168,3,lifter,0.2378,1341,1153,1665,1504,-5.2506,0.2552,12.9867,0.5525,1.1852,0.248
100,4.168,4,lifter,0.1936,775,1171,1069,1512,-4.5632,0.2109,11.3225,0.4837,1.0355,0.2262
100,4.168,5,lifter,0.189,1636,729,1713,921,-4.6129,0.2141,11.4448,0.4894,1.0473,0.2284
101,4.209,1,lifter,0.8027,197,1067,466,1512,-4.2436,0.1923,10.5369,0.4472,0.9585,0.2075
101,4.209,2,lifter,0.7101,219,688,349,922,-6.2399,0.3117,15.4027,0.6584,1.412,0.2919
101,4.209,3,lifter,0.3773,1626,729,1713,917,-4.5921,0.2129,11.3938,0.4872,1.0423,0.2273
101,4.209,4,lifter,0.2382,1341,1153,1665,1504,-5.2492,0.2551,12.9834,0.5524,1.1849,0.248
101,4.209,5,lifter,0.1988,775,1171,1071,1512,-4.5637,0.2109,11.3237,0.4837,1.0356,0.2262
102,4.251,1,lifter,0.8018,197,1067,466,1512,-4.2435,0.1923,10.5366,0.4472,0.9584,0.2075
102,4.251,2,lifter,0.7125,219,688,349,922,-6.2383,0.3116,15.3986,0.6582,1.4116,0.2918
102,4.251,3,lifter,0.3057,1628,730,1714,918,-4.6267,0.2149,11.4784,0.4909,1.0505,0.2291
102,4.251,4,lifter,0.2353,1341,1153,1665,1504,-5.2472,0.255,12.9785,0.5522,1.1844,0.2479
102,4.251,5,lifter,0.1938,774,1171,1073,1512,-4.5709,0.2113,11.3411,0.4845,1.0372,0.2265
103,4.293,1,lifter,0.8016,197,1067,466,1512,-4.2426,0.1923,10.5345,0.4471,0.9582,0.2074
103,4.293,2,lifter,0.7141,220,689,350,923,-6.1899,0.3088,15.2806,0.653,1.4004,0.2896
103,4.293,3,lifter,0.2485,1341,1153,1664,1504,-5.2433,0.2548,12.9689,0.5517,1.1835,0.2477
103,4.293,4,lifter,0.1958,775,1172,1071,1512,-4.5545,0.2104,11.301,0.4827,1.0333,0.2256
103,4.293,5,lifter,0.1759,1628,730,1717,918,-4.6172,0.2143,11.4551,0.4899,1.0482,0.2286
104,4.334,1,lifter,0.8015,197,1067,466,1512,-4.2441,0.1923,10.5382,0.4473,0.9586,0.2075
104,4.334,2,lifter,0.7126,220,688,350,923,-6.1998,0.3094,15.3048,0.6541,1.4027,0.2901
104,4.334,3,lifter,0.2905,1629,729,1718,917,-4.6193,0.2144,11.4603,0.4902,1.0487,0.2287
104,4.334,4,lifter,0.2508,1341,1152,1664,1504,-5.2267,0.2538,12.9282,0.5499,1.1797,0.2469
104,4.334,5,lifter,0.1911,775,1172,1070,1512,-4.5551,0.2104,11.3025,0.4828,1.0335,0.2257
105,4.376,1,lifter,0.8036,197,1067,466,1512,-4.2448,0.1924,10.5397,0.4473,0.9587,0.2075
105,4.376,2,lifter,0.7142,219,689,350,923,-6.1836,0.3084,15.265,0.6523,1.3989,0.2892
105,4.376,3,lifter,0.2743,1628,729,1720,917,-4.652,0.2164,11.5404,0.4938,1.0565,0.2305
105,4.376,4,lifter,0.2455,1341,1153,1664,1504,-5.2451,0.2549,12.9733,0.5519,1.1839,0.2478
105,4.376,5,lifter,0.1893,775,1172,1072,1512,-4.5562,0.2105,11.3051,0.4829,1.0337,0.2257
106,4.418,1,lifter,0.8045,197,1067,466,1512,-4.246,0.1925,10.5427,0.4475,0.959,0.2076
106,4.418,2,lifter,0.7164,219,688,349,923,-6.2226,0.3107,15.3603,0.6565,1.408,0.2911
106,4.418,3,lifter,0.3745,1631,729,1720,917,-4.6956,0.2189,11.6468,0.4986,1.0667,0.2327
106,4.418,4,lifter,0.2414,1341,1153,1664,1504,-5.2392,0.2545,12.9588,0.5513,1.1826,0.2475
106,4.418,5,lifter,0.1884,775,1172,1071,1512,-4.5533,0.2103,11.2983,0.4826,1.0331,0.2256
107,4.459,1,lifter,0.7998,197,1067,466,1512,-4.2465,0.1925,10.544,0.4475,0.9591,0.2076
107,4.459,2,lifter,0.7176,219,688,349,923,-6.2335,0.3113,15.3869,0.6577,1.4105,0.2916
107,4.459,3,lifter,0.5364,1639,729,1721,918,-4.6217,0.2146,11.4663,0.4904,1.0493,0.2289
107,4.459,4,lifter,0.2377,1341,1153,1665,1504,-5.2429,0.2547,12.9679,0.5517,1.1834,0.2476
107,4.459,5,lifter,0.2006,775,1172,1065,1512,-4.5435,0.2097,11.2741,0.4815,1.0309,0.2252
108,4.501,1,lifter,0.8009,197,1067,466,1512,-4.2454,0.1924,10.5414,0.4474,0.9589,0.2075
108,4.501,2,lifter,0.7165,219,688,349,923,-6.2345,0.3114,15.3893,0.6578,1.4107,0.2916
108,4.501,3,lifter,0.2582,1644,727,1727,922,-4.6006,0.2133,11.4147,0.4881,1.0444,0.2278
108,4.501,4,lifter,0.2324,1341,1153,1665,1503,-5.2035,0.2524,12.8716,0.5474,1.1744,0.2458
108,4.501,5,lifter,0.2012,775,1172,1066,1512,-4.5485,0.21,11.2865,0.482,1.032,0.2254
109,4.543,1,lifter,0.8004,197,1067,465,1512,-4.2453,0.1924,10.5409,0.4474,0.9588,0.2075
109,4.543,2,lifter,0.71,220,688,349,923,-6.2379,0.3116,15.3977,0.6581,1.4115,0.2918
109,4.543,3,lifter,0.2358,1636,726,1726,917,-4.7018,0.2193,11.6622,0.4993,1.0683,0.2331
109,4.543,4,lifter,0.2302,1341,1153,1665,1504,-5.247,0.255,12.9778,0.5522,1.1843,0.2478
109,4.543,5,lifter,0.1985,775,1172,1066,1512,-4.5482,0.21,11.2856,0.482,1.0319,0.2254
110,4.584,1,lifter,0.8027,197,1067,466,1512,-4.2477,0.1925,10.5468,0.4476,0.9594,0.2077
110,4.584,2,lifter,0.7032,220,687,350,923,-6.2094,0.31,15.3281,0.6551,1.4049,0.2905
110,4.584,3,lifter,0.2387,1341,1153,1665,1504,-5.2451,0.2549,12.9731,0.5519,1.1839,0.2477
110,4.584,4,lifter,0.2075,775,1172,1061,1512,-4.5426,0.2096,11.2722,0.4815,1.0308,0.2252
110,4.584,5,lifter,0.198,1628,721,1727,916,-4.732,0.221,11.7359,0.5026,1.0754,0.2348
111,4.626,1,lifter,0.8018,197,1067,466,1512,-4.2442,0.1924,10.5384,0.4473,0.9586,0.2074
111,4.626,2,lifter,0.71,219,688,350,923,-6.2037,0.3096,15.3142,0.6545,1.4036,0.2902
111,4.626,3,lifter,0.2291,1341,1153,1665,1504,-5.2533,0.2554,12.9932,0.5528,1.1858,0.2481
111,4.626,4,lifter,0.2104,1632,725,1728,918,-4.7298,0.2209,11.7305,0.5024,1.0748,0.2346
111,4.626,5,lifter,0.2072,775,1172,1060,1512,-4.5359,0.2092,11.2558,0.4808,1.0293,0.2249
112,4.668,1,lifter,0.802,197,1067,466,1512,-4.243,0.1923,10.5355,0.4471,0.9583,0.2074
112,4.668,2,lifter,0.7053,220,688,350,923,-6.2066,0.3098,15.3214,0.6548,1.4043,0.2904
112,4.668,3,lifter,0.2269,1341,1153,1665,1504,-5.2506,0.2552,12.9867,0.5526,1.1852,0.248
112,4.668,4,lifter,0.2091,775,1171,1061,1512,-4.5464,0.2098,11.2813,0.482,1.0317,0.2254
112,4.668,5,lifter,0.2016,1635,728,1730,917,-4.7223,0.2205,11.712,0.5015,1.0731,0.2342
113,4.709,1,lifter,0.8019,197,1067,465,1512,-4.2431,0.1923,10.5356,0.4471,0.9583,0.2074
113,4.709,2,lifter,0.7027,220,688,350,923,-6.2077,0.3099,15.324,0.6549,1.4045,0.2904
113,4.709,3,lifter,0.2252,1341,1153,1665,1504,-5.25,0.2552,12.9851,0.5525,1.185,0.248
113,4.709,4,lifter,0.2083,775,1171,1060,1512,-4.5428,0.2096,11.2727,0.4816,1.0309,0.2253
113,4.709,5,lifter,0.193,1635,727,1732,917,-4.7068,0.2196,11.6743,0.4998,1.0694,0.2334
114,4.751,1,lifter,0.8007,197,1067,466,1512,-4.2416,0.1922,10.532,0.447,0.958,0.2074
114,4.751,2,lifter,0.712,219,687,349,923,-6.2238,0.3108,15.3632,0.6566,1.4082,0.2911
114,4.751,3,lifter,0.2284,1341,1153,1665,1504,-5.2504,0.2552,12.9862,0.5525,1.1851,0.248
114,4.751,4,lifter,0.1996,774,1172,1060,1512,-4.5378,0.2093,11.2605,0.4811,1.0297,0.225
115,4.793,1,lifter,0.8014,197,1067,466,1512,-4.2397,0.1921,10.5274,0.4468,0.9576,0.2073
115,4.793,2,lifter,0.7157,219,688,350,923,-6.2083,0.3099,15.3254,0.655,1.4047,0.2904
115,4.793,3,lifter,0.2268,1341,1153,1665,1504,-5.2531,0.2553,12.9928,0.5528,1.1858,0.2481
115,4.793,4,lifter,0.201,775,1171,1064,1512,-4.544,0.2097,11.2754,0.4816,1.031,0.2252
115,4.793,5,lifter,0.1824,1644,733,1742,918,-4.7275,0.2208,11.7251,0.5021,1.0743,0.2345
116,4.834,1,lifter,0.8005,197,1067,466,1512,-4.2399,0.1921,10.5279,0.4468,0.9576,0.2073
116,4.834,2,lifter,0.714,219,688,350,923,-6.2083,0.3099,15.3255,0.655,1.4047,0.2904
116,4.834,3,lifter,0.2306,1646,734,1744,918,-4.7153,0.2201,11.6953,0.5008,1.0714,0.2339
116,4.834,4,lifter,0.2255,1341,1153,1664,1504,-5.252,0.2553,12.9902,0.5527,1.1855,0.2481
116,4.834,5,lifter,0.2025,774,1171,1062,1512,-4.5481,0.2099,11.2856,0.4821,1.0321,0.2255
117,4.876,1,lifter,0.8003,197,1067,465,1512,-4.2397,0.1921,10.5273,0.4468,0.9575,0.2073
117,4.876,2,lifter,0.7137,218,688,349,923,-6.225,0.3108,15.3662,0.6568,1.4085,0.2912
117,4.876,3,lifter,0.2257,1646,733,1746,918,-4.7309,0.221,11.7334,0.5025,1.0751,0.2347
117,4.876,4,lifter,0.2205,1341,1153,1665,1504,-5.2502,0.2552,12.9856,0.5525,1.1851,0.248
117,4.876,5,lifter,0.2045,774,1171,1060,1512,-4.5441,0.2097,11.2758,0.4818,1.0312,0.2254
118,4.918,1,lifter,0.8009,197,1067,465,1512,-4.2409,0.1921,10.5303,0.4469,0.9578,0.2073
118,4.918,2,lifter,0.7061,220,687,349,923,-6.2349,0.3114,15.3904,0.6578,1.4108,0.2917
118,4.918,3,lifter,0.3654,1659,733,1743,920,-4.7518,0.2222,11.7842,0.5048,1.08,0.2357
118,4.918,4,lifter,0.2252,1341,1153,1664,1504,-5.2505,0.2552,12.9864,0.5525,1.1852,0.248
118,4.918,5,lifter,0.206,774,1171,1058,1512,-4.5342,0.2091,11.2518,0.4807,1.0289,0.2249
119,4.959,1,lifter,0.8007,197,1067,465,1512,-4.2412,0.1922,10.531,0.4469,0.9579,0.2073
119,4.959,2,lifter,0.7065,220,687,349,923,-6.2352,0.3115,15.3912,0.6578,1.4109,0.2917
119,4.959,3,lifter,0.2262,1341,1153,1664,1503,-5.2196,0.2534,12.9107,0.5491,1.1781,0.2466
119,4.959,4,lifter,0.2061,774,1171,1059,1512,-4.5391,0.2094,11.2636,0.4812,1.0301,0.2251
119,4.959,5,lifter,0.1792,1662,728,1750,923,-4.6283,0.2149,11.4823,0.4912,1.0509,0.2293
120,5.001,1,lifter,0.8014,197,1067,465,1512,-4.2413,0.1922,10.5312,0.447,0.9579,0.2073
120,5.001,2,lifter,0.7123,219,687,349,923,-6.2407,0.3118,15.4045,0.6584,1.4121,0.2919
120,5.001,3,lifter,0.2355,1652,728,1753,917,-4.7085,0.2196,11.6783,0.5001,1.0698,0.2335
120,5.001,4,lifter,0.2307,1341,1153,1665,1503,-5.2187,0.2533,12.9087,0.549,1.1779,0.2465
120,5.001,5,lifter,0.2069,774,1171,1059,1512,-4.5392,0.2094,11.2638,0.4812,1.0301,0.2251
121,5.043,1,lifter,0.8004,197,1067,465,1512,-4.2402,0.1921,10.5285,0.4468,0.9576,0.2072
121,5.043,2,lifter,0.7125,219,687,349,923,-6.2381,0.3116,15.3982,0.6581,1.4116,0.2918
121,5.043,3,lifter,0.3672,1659,729,1756,918,-4.6909,0.2186,11.6354,0.4981,1.0657,0.2326
121,5.043,4,lifter,0.2224,1341,1153,1665,1503,-5.2194,0.2534,12.9105,0.5491,1.178,0.2465
121,5.043,5,lifter,0.2051,775,1171,1063,1512,-4.5463,0.2098,11.2811,0.4819,1.0316,0.2254
122,5.084,1,lifter,0.8016,197,1067,465,1512,-4.2419,0.1922,10.5327,0.447,0.958,0.2073
122,5.084,2,lifter,0.7113,219,687,350,923,-6.2112,0.31,15.3325,0.6553,1.4053,0.2905
122,5.084,3,lifter,0.3921,1666,730,1757,919,-4.6787,0.2179,11.6056,0.4968,1.0628,0.2319
122,5.084,4,lifter,0.2239,1341,1153,1665,1503,-5.2144,0.2531,12.8981,0.5486,1.1769,0.2463
122,5.084,5,lifter,0.2089,775,1171,1062,1512,-4.5501,0.21,11.2904,0.4823,1.0325,0.2256
123,5.126,1,lifter,0.8011,197,1067,465,1512,-4.2418,0.1922,10.5324,0.447,0.958,0.2073
123,5.126,2,lifter,0.7086,219,687,350,923,-6.2127,0.3101,15.3363,0.6554,1.4057,0.2906
123,5.126,3,lifter,0.4261,1668,730,1758,918,-4.6765,0.2178,11.6001,0.4965,1.0623,0.2318
123,5.126,4,lifter,0.2251,1341,1154,1665,1503,-5.2228,0.2535,12.9187,0.5495,1.1787,0.2466
123,5.126,5,lifter,0.2049,775,1171,1062,1512,-4.5465,0.2098,11.2816,0.4819,1.0317,0.2254
124,5.168,1,lifter,0.8012,197,1067,466,1512,-4.2411,0.1922,10.5307,0.4469,0.9578,0.2073
124,5.168,2,lifter,0.7081,219,687,351,923,-6.1915,0.3089,15.2844,0.6531,1.4008,0.2896
124,5.168,3,lifter,0.3121,1667,731,1761,917,-4.7055,0.2195,11.6712,0.4997,1.0691,0.2333
124,5.168,4,lifter,0.2261,1341,1153,1665,1503,-5.2263,0.2538,12.9272,0.5499,1.1796,0.2468
124,5.168,5,lifter,0.203,775,1171,1064,1512,-4.5413,0.2096,11.2688,0.4813,1.0304,0.2251
124,5.168,6,lifter,0.148,1610,728,1668,916,-4.5976,0.213,11.4058,0.4876,1.0435,0.2279
125,5.21,1,lifter,0.8014,197,1067,466,1512,-4.2397,0.1921,10.5274,0.4468,0.9575,0.2072
125,5.21,2,lifter,0.7094,219,687,351,923,-6.1896,0.3088,15.2799,0.6529,1.4004,0.2895
125,5.21,3,lifter,0.4575,1673,729,1763,917,-4.6471,0.216,11.5283,0.4933,1.0553,0.2303
125,5.21,4,lifter,0.221,1341,1153,1665,1503,-5.23,0.254,12.9363,0.5503,1.1804,0.247
125,5.21,5,lifter,0.2058,775,1171,1062,1512,-4.545,0.2098,11.2781,0.4818,1.0313,0.2253
125,5.21,6,lifter,0.1373,1616,726,1670,915,-4.4677,0.2056,11.089,0.4732,1.0129,0.2207
126,5.251,1,lifter,0.7997,197,1068,466,1512,-4.2397,0.1921,10.5274,0.4468,0.9575,0.2072
126,5.251,2,lifter,0.7128,219,687,350,923,-6.2152,0.3103,15.3422,0.6557,1.4063,0.2907
126,5.251,3,lifter,0.4737,1674,730,1765,917,-4.6689,0.2174,11.5817,0.4957,1.0605,0.2314
126,5.251,4,lifter,0.2206,1341,1154,1665,1503,-5.2193,0.2533,12.9102,0.5492,1.1779,0.2465
126,5.251,5,lifter,0.2092,775,1171,1056,1512,-4.5208,0.2083,11.2189,0.4793,1.0258,0.2242
127,5.293,1,lifter,0.8009,197,1068,466,1512,-4.2398,0.1921,10.5274,0.4467,0.9575,0.2072
127,5.293,2,lifter,0.7121,219,687,350,924,-6.1994,0.3094,15.3038,0.654,1.4026,0.29
127,5.293,3,lifter,0.4312,1678,729,1765,918,-4.6835,0.2182,11.6174,0.4973,1.0639,0.2321
127,5.293,4,lifter,0.2167,1341,1154,1665,1504,-5.269,0.2563,13.0316,0.5546,1.1893,0.2488
127,5.293,5,lifter,0.2134,775,1172,1055,1512,-4.5103,0.2077,11.1934,0.4781,1.0234,0.2237
128,5.335,1,lifter,0.8011,197,1068,466,1512,-4.2394,0.1921,10.5265,0.4467,0.9574,0.2072
128,5.335,2,lifter,0.7153,219,687,350,924,-6.1932,0.309,15.2886,0.6533,1.4012,0.2897
128,5.335,3,lifter,0.4309,1680,729,1765,918,-4.7498,0.2221,11.7793,0.5046,1.0795,0.2356
128,5.335,4,lifter,0.2204,1341,1153,1665,1504,-5.2631,0.2559,13.0174,0.5539,1.188,0.2486
128,5.335,5,lifter,0.2163,776,1171,1056,1512,-4.5192,0.2082,11.2149,0.4791,1.0254,0.2241
129,5.376,1,lifter,0.801,197,1068,466,1512,-4.2392,0.1921,10.5261,0.4467,0.9574,0.2072
129,5.376,2,lifter,0.7161,219,687,350,924,-6.1982,0.3093,15.3007,0.6539,1.4023,0.2899
129,5.376,3,lifter,0.2964,1680,728,1770,917,-4.738,0.2214,11.7506,0.5033,1.0767,0.235
129,5.376,4,lifter,0.2206,1341,1153,1665,1504,-5.2633,0.2559,13.0178,0.554,1.1881,0.2486
129,5.376,5,lifter,0.2173,776,1171,1055,1512,-4.5184,0.2081,11.2131,0.479,1.0253,0.2241
130,5.418,1,lifter,0.8003,197,1068,466,1512,-4.2395,0.1921,10.5267,0.4467,0.9575,0.2072
130,5.418,2,lifter,0.7132,220,687,349,924,-6.221,0.3106,15.3565,0.6563,1.4076,0.291
130,5.418,3,lifter,0.2241,1341,1153,1665,1504,-5.2619,0.2559,13.0143,0.5538,1.1877,0.2485
130,5.418,4,lifter,0.216,776,1171,1056,1512,-4.5199,0.2082,11.2169,0.4792,1.0256,0.2242
130,5.418,5,lifter,0.1869,1674,726,1772,917,-4.7412,0.2216,11.7582,0.5036,1.0775,0.2352
131,5.46,1,lifter,0.8001,197,1068,466,1512,-4.2386,0.192,10.5246,0.4466,0.9572,0.2071
131,5.46,2,lifter,0.7079,220,687,349,924,-6.2178,0.3104,15.3487,0.656,1.4069,0.2909
131,5.46,3,lifter,0.2213,1341,1153,1665,1504,-5.2623,0.2559,13.0153,0.5539,1.1878,0.2485
131,5.46,4,lifter,0.219,776,1171,1055,1512,-4.518,0.2081,11.2122,0.479,1.0252,0.2241
131,5.46,5,lifter,0.1597,1663,725,1774,918,-4.6424,0.2158,11.5168,0.4927,1.0542,0.23
132,5.501,1,lifter,0.8011,197,1068,466,1512,-4.2384,0.192,10.5241,0.4466,0.9572,0.2071
132,5.501,2,lifter,0.7062,220,687,350,924,-6.1918,0.3089,15.2852,0.6532,1.4009,0.2897
132,5.501,3,lifter,0.2214,1341,1153,1664,1504,-5.2649,0.256,13.0216,0.5541,1.1884,0.2487
132,5.501,4,lifter,0.2182,776,1171,1055,1512,-4.5185,0.2082,11.2134,0.4791,1.0253,0.2241
132,5.501,5,lifter,0.1293,1655,724,1775,918,-4.7322,0.2211,11.7362,0.5026,1.0753,0.2347
133,5.543,1,lifter,0.8018,197,1068,466,1512,-4.2387,0.192,10.5247,0.4466,0.9573,0.2071
133,5.543,2,lifter,0.7056,220,688,350,924,-6.1832,0.3084,15.2643,0.6523,1.3989,0.2893
133,5.543,3,lifter,0.2167,1341,1153,1664,1503,-5.2227,0.2535,12.9185,0.5495,1.1788,0.2467
133,5.543,4,lifter,0.2113,775,1171,1058,1512,-4.5266,0.2087,11.2332,0.4799,1.0271,0.2245
133,5.543,5,lifter,0.1261,1650,728,1778,917,-4.6334,0.2153,11.4949,0.4917,1.052,0.2295
133,5.543,6,lifter,0.1226,1638,720,1691,896,-4.0698,0.1812,10.1083,0.4285,0.9183,0.2007
134,5.585,1,lifter,0.803,197,1068,465,1512,-4.2397,0.1921,10.5274,0.4467,0.9575,0.2072
134,5.585,2,lifter,0.7025,220,688,350,924,-6.185,0.3085,15.2687,0.6525,1.3993,0.2894
134,5.585,3,lifter,0.2161,1341,1153,1664,1504,-5.263,0.2559,13.017,0.5539,1.188,0.2486
134,5.585,4,lifter,0.1979,776,1171,1066,1512,-4.5484,0.21,11.2863,0.482,1.032,0.2254
134,5.585,5,lifter,0.1503,1687,731,1785,918,-4.7177,0.2203,11.7009,0.501,1.0719,0.2339
135,5.626,1,lifter,0.8028,197,1068,465,1512,-4.2393,0.1921,10.5264,0.4467,0.9574,0.2072
135,5.626,2,lifter,0.7028,219,688,350,924,-6.1875,0.3087,15.2747,0.6527,1.3999,0.2894
135,5.626,3,lifter,0.2785,1690,732,1789,918,-4.7181,0.2203,11.7017,0.5011,1.072,0.2339
135,5.626,4,lifter,0.2138,1341,1153,1665,1504,-5.2631,0.2559,13.0174,0.5539,1.188,0.2486
135,5.626,5,lifter,0.1994,776,1171,1066,1512,-4.5463,0.2099,11.281,0.4818,1.0315,0.2253
136,5.668,1,lifter,0.8029,197,1068,465,1512,-4.2398,0.1921,10.5275,0.4468,0.9575,0.2072
136,5.668,2,lifter,0.6995,221,688,350,924,-6.1879,0.3088,15.2756,0.6528,1.4,0.2896
136,5.668,3,lifter,0.2132,1721,728,1791,921,-4.5412,0.2098,11.2691,0.4816,1.0303,0.2246
136,5.668,4,lifter,0.2106,775,1171,1060,1512,-4.5373,0.2093,11.2592,0.481,1.0296,0.225
136,5.668,5,lifter,0.2102,1341,1153,1665,1504,-5.2613,0.2558,13.013,0.5537,1.1876,0.2485
136,5.668,6,lifter,0.1222,1657,717,1702,925,-4.1051,0.1842,10.2009,0.433,0.927,0.2013
137,5.71,1,lifter,0.8024,197,1068,465,1512,-4.2395,0.1921,10.5267,0.4467,0.9574,0.2072
137,5.71,2,lifter,0.703,221,688,349,924,-6.2196,0.3106,15.3532,0.6562,1.4073,0.291
137,5.71,3,lifter,0.2477,1704,729,1792,919,-4.6525,0.2164,11.5413,0.4938,1.0565,0.2305
137,5.71,4,lifter,0.2137,1341,1153,1664,1504,-5.2654,0.2561,13.023,0.5542,1.1886,0.2487
137,5.71,5,lifter,0.2087,775,1171,1061,1512,-4.5398,0.2094,11.2653,0.4812,1.0301,0.2251
138,5.751,1,lifter,0.8019,197,1068,465,1512,-4.2394,0.1921,10.5265,0.4467,0.9574,0.2072
138,5.751,2,lifter,0.7036,220,688,349,924,-6.2183,0.3105,15.35,0.656,1.407,0.2909
138,5.751,3,lifter,0.2106,1341,1153,1665,1504,-5.2641,0.256,13.0197,0.554,1.1883,0.2486
138,5.751,4,lifter,0.2082,775,1171,1061,1512,-4.5402,0.2095,11.2663,0.4813,1.0302,0.2251
138,5.751,5,lifter,0.144,1658,716,1704,919,-3.896,0.172,9.6899,0.4099,0.8775,0.1902
138,5.751,6,lifter,0.1266,1695,723,1796,918,-4.6494,0.2155,11.5309,0.4933,1.0556,0.2312
139,5.793,1,lifter,0.8019,197,1068,465,1512,-4.2394,0.1921,10.5267,0.4467,0.9574,0.2072
139,5.793,2,lifter,0.7001,220,688,349,924,-6.2187,0.3105,15.3509,0.6561,1.4071,0.2909
139,5.793,3,lifter,0.2088,775,1171,1060,1512,-4.5365,0.2092,11.2572,0.4809,1.0294,0.2249
139,5.793,4,lifter,0.2079,1341,1153,1665,1504,-5.2619,0.2559,13.0142,0.5538,1.1877,0.2485
139,5.793,5,lifter,0.1096,1662,725,1709,920,-4.0312,0.1799,10.0203,0.4248,0.9095,0.1972
139,5.793,6,lifter,0.1066,1693,724,1799,919,-4.6809,0.2177,11.6089,0.4968,1.0632,0.2324
140,5.835,1,lifter,0.8024,197,1068,465,1512,-4.2402,0.1921,10.5287,0.4468,0.9576,0.2072
140,5.835,2,lifter,0.6928,221,688,350,924,-6.1926,0.309,15.2871,0.6533,1.4011,0.2898
140,5.835,3,lifter,0.4266,1657,725,1712,921,-4.1861,0.1891,10.3999,0.442,0.9462,0.2055
140,5.835,4,lifter,0.2916,1709,726,1803,918,-4.6057,0.213,11.4233,0.4883,1.0451,0.2289
140,5.835,5,lifter,0.21,1341,1153,1665,1504,-5.2626,0.2559,13.0161,0.5539,1.1879,0.2485
140,5.835,6,lifter,0.2003,775,1171,1061,1512,-4.5413,0.2095,11.269,0.4814,1.0305,0.2252
141,5.876,1,lifter,0.8026,197,1068,465,1512,-4.2398,0.1921,10.5275,0.4467,0.9575,0.2072
141,5.876,2,lifter,0.6962,221,688,350,924,-6.1992,0.3094,15.3033,0.654,1.4026,0.2901
141,5.876,3,lifter,0.3253,1661,725,1714,922,-4.1963,0.1897,10.4247,0.443,0.9485,0.206
141,5.876,4,lifter,0.2217,1708,726,1805,918,-4.6405,0.215,11.5091,0.4922,1.0534,0.2309
141,5.876,5,lifter,0.2112,1341,1154,1665,1504,-5.2749,0.2566,13.0462,0.5552,1.1907,0.2491
141,5.876,6,lifter,0.2049,775,1171,1060,1512,-4.5365,0.2092,11.2573,0.4809,1.0294,0.2249
142,5.918,1,lifter,0.8013,197,1067,466,1512,-4.2372,0.1919,10.5213,0.4465,0.957,0.2071
142,5.918,2,lifter,0.6994,220,688,350,924,-6.195,0.3091,15.2929,0.6535,1.4016,0.2898
142,5.918,3,lifter,0.2912,1664,725,1716,911,-4.1226,0.1855,10.2444,0.4348,0.9309,0.2019
142,5.918,4,lifter,0.2123,1341,1154,1665,1504,-5.2751,0.2566,13.0466,0.5553,1.1908,0.2491
142,5.918,5,lifter,0.2009,775,1171,1069,1512,-4.5542,0.2103,11.3002,0.4826,1.0333,0.2256
142,5.918,6,lifter,0.158,1699,727,1806,917,-4.6423,0.2154,11.5141,0.4925,1.054,0.2304
143,5.96,1,lifter,0.8016,197,1067,466,1512,-4.2387,0.192,10.5248,0.4467,0.9573,0.2072
143,5.96,2,lifter,0.6951,220,688,350,924,-6.1858,0.3086,15.2705,0.6526,1.3995,0.2894
143,5.96,3,lifter,0.3134,1710,727,1809,917,-4.7212,0.2205,11.7093,0.5014,1.0727,0.2341
143,5.96,4,lifter,0.2096,1341,1154,1665,1504,-5.277,0.2568,13.0514,0.5555,1.1912,0.2492
143,5.96,5,lifter,0.2056,775,1171,1061,1512,-4.5393,0.2094,11.2642,0.4812,1.03,0.225
144,6.001,1,lifter,0.8024,197,1067,465,1512,-4.2419,0.1922,10.5328,0.447,0.958,0.2073
144,6.001,2,lifter,0.7024,220,687,350,924,-6.1891,0.3088,15.2786,0.6529,1.4002,0.2896
144,6.001,3,lifter,0.2104,1341,1154,1665,1504,-5.2754,0.2567,13.0474,0.5553,1.1908,0.2491
144,6.001,4,lifter,0.2056,775,1171,1058,1512,-4.5276,0.2087,11.2355,0.48,1.0274,0.2245
144,6.001,5,lifter,0.1954,1706,725,1809,917,-4.6688,0.2174,11.5811,0.4956,1.0604,0.2313
145,6.043,1,lifter,0.8034,197,1068,465,1512,-4.2394,0.1921,10.5265,0.4467,0.9574,0.2072
145,6.043,2,lifter,0.6959,221,687,349,924,-6.2357,0.3115,15.3925,0.6579,1.4111,0.2918
145,6.043,3,lifter,0.2371,1715,715,1813,918,-4.7423,0.2217,11.7611,0.5038,1.0777,0.2353
145,6.043,4,lifter,0.207,1341,1153,1665,1504,-5.2767,0.2567,13.0505,0.5554,1.1912,0.2492
145,6.043,5,lifter,0.2051,775,1171,1058,1512,-4.526,0.2086,11.2317,0.4798,1.027,0.2244
146,6.085,1,lifter,0.8022,197,1068,465,1512,-4.2373,0.192,10.5215,0.4465,0.9569,0.2071
146,6.085,2,lifter,0.6985,220,687,350,924,-6.2069,0.3098,15.3222,0.6548,1.4044,0.2904
146,6.085,3,lifter,0.2158,1341,1153,1665,1503,-5.2379,0.2544,12.9557,0.5512,1.1822,0.2474
146,6.085,4,lifter,0.2064,775,1171,1057,1512,-4.5217,0.2084,11.2213,0.4794,1.026,0.2242
146,6.085,5,lifter,0.1817,1708,718,1813,915,-4.6125,0.2141,11.4434,0.4895,1.0471,0.2284
147,6.126,1,lifter,0.8026,197,1068,465,1512,-4.2372,0.1919,10.5213,0.4465,0.9569,0.2071
147,6.126,2,lifter,0.6916,221,687,350,924,-6.207,0.3099,15.3224,0.6548,1.4044,0.2905
147,6.126,3,lifter,0.2342,1716,723,1811,917,-4.7539,0.2224,11.7893,0.505,1.0804,0.2358
147,6.126,4,lifter,0.2165,1341,1153,1665,1504,-5.2779,0.2568,13.0536,0.5556,1.1914,0.2493
147,6.126,5,lifter,0.2042,775,1171,1057,1512,-4.5215,0.2083,11.2207,0.4793,1.0259,0.2242
148,6.168,1,lifter,0.8035,197,1067,465,1512,-4.2414,0.1922,10.5315,0.4469,0.9579,0.2073
148,6.168,2,lifter,0.6932,220,687,349,924,-6.224,0.3108,15.3639,0.6566,1.4083,0.2912
148,6.168,3,lifter,0.2096,1341,1153,1665,1504,-5.2798,0.2569,13.0581,0.5558,1.1919,0.2494
148,6.168,4,lifter,0.1972,775,1171,1062,1512,-4.5427,0.2096,11.2723,0.4815,1.0308,0.2252
148,6.168,5,lifter,0.1454,1717,722,1818,916,-4.6928,0.2188,11.6398,0.4983,1.066,0.2326
149,6.21,1,lifter,0.8035,197,1067,465,1512,-4.2408,0.1922,10.5301,0.4469,0.9578,0.2072
149,6.21,2,lifter,0.6978,221,687,349,924,-6.2453,0.3121,15.4158,0.6589,1.4133,0.2922
149,6.21,3,lifter,0.2142,1341,1153,1665,1504,-5.2851,0.2572,13.071,0.5563,1.1931,0.2496
149,6.21,4,lifter,0.2005,775,1171,1060,1512,-4.5336,0.2091,11.2503,0.4806,1.0287,0.2248
149,6.21,5,lifter,0.126,1694,719,1820,918,-4.6244,0.2148,11.4727,0.4907,1.0499,0.229
150,6.251,1,lifter,0.8024,197,1067,465,1512,-4.2395,0.1921,10.5269,0.4467,0.9575,0.2072
150,6.251,2,lifter,0.6984,220,687,350,924,-6.2155,0.3103,15.3431,0.6557,1.4063,0.2908
150,6.251,3,lifter,0.2118,1341,1153,1665,1504,-5.2873,0.2574,13.0764,0.5566,1.1936,0.2497
150,6.251,4,lifter,0.2032,775,1171,1062,1512,-4.541,0.2095,11.2681,0.4813,1.0304,0.2251
151,6.293,1,lifter,0.8011,197,1067,465,1512,-4.2392,0.1921,10.5261,0.4467,0.9574,0.2072
151,6.293,2,lifter,0.6978,220,687,349,924,-6.2378,0.3116,15.3976,0.6581,1.4115,0.2918
151,6.293,3,lifter,0.2126,1341,1153,1665,1504,-5.2884,0.2574,13.0792,0.5567,1.1938,0.2498
151,6.293,4,lifter,0.2034,775,1171,1061,1512,-4.5391,0.2094,11.2637,0.4811,1.03,0.225
152,6.335,1,lifter,0.7998,197,1067,465,1512,-4.2449,0.1924,10.54,0.4473,0.9587,0.2074
152,6.335,2,lifter,0.6977,220,687,349,924,-6.2375,0.3116,15.3968,0.6581,1.4114,0.2918
152,6.335,3,lifter,0.2173,1341,1153,1665,1504,-5.2873,0.2574,13.0764,0.5566,1.1936,0.2497
152,6.335,4,lifter,0.2006,776,1172,1062,1512,-4.5333,0.2091,11.2494,0.4804,1.0286,0.2247
152,6.335,5,lifter,0.1713,1746,737,1829,921,-4.5696,0.2116,11.3386,0.4847,1.0369,0.2261
153,6.376,1,lifter,0.7992,197,1067,465,1512,-4.2438,0.1923,10.5373,0.4472,0.9584,0.2074
153,6.376,2,lifter,0.6981,220,687,349,924,-6.244,0.312,15.4127,0.6588,1.4129,0.2921
153,6.376,3,lifter,0.2182,1341,1153,1665,1504,-5.2926,0.2577,13.0895,0.5572,1.1948,0.2499
153,6.376,4,lifter,0.203,776,1172,1059,1512,-4.5205,0.2083,11.2181,0.4791,1.0256,0.2241
153,6.376,5,lifter,0.1649,1731,729,1832,918,-4.6322,0.2152,11.4917,0.4916,1.0517,0.2294
154,6.418,1,lifter,0.7986,197,1067,465,1512,-4.2416,0.1922,10.5319,0.4469,0.9579,0.2073
154,6.418,2,lifter,0.6994,219,687,349,924,-6.2596,0.3129,15.4507,0.6605,1.4165,0.2928
154,6.418,3,lifter,0.3656,1736,731,1834,919,-4.6539,0.2165,11.5447,0.494,1.0568,0.2305
154,6.418,4,lifter,0.2201,1341,1153,1665,1504,-5.2851,0.2572,13.0711,0.5564,1.1931,0.2496
154,6.418,5,lifter,0.2036,776,1172,1057,1512,-4.5125,0.2078,11.1987,0.4783,1.0238,0.2237
155,6.46,1,lifter,0.8002,197,1067,465,1512,-4.2387,0.192,10.5249,0.4466,0.9573,0.2071
155,6.46,2,lifter,0.6974,220,687,349,924,-6.2606,0.313,15.4531,0.6606,1.4168,0.2929
155,6.46,3,lifter,0.403,1744,733,1836,918,-4.6354,0.2154,11.4996,0.492,1.0525,0.2295
155,6.46,4,lifter,0.2187,1341,1153,1665,1504,-5.2752,0.2566,13.0469,0.5553,1.1908,0.2491
155,6.46,5,lifter,0.2005,776,1172,1058,1512,-4.5185,0.2082,11.2133,0.479,1.0252,0.224
156,6.501,1,lifter,0.7983,197,1067,465,1512,-4.2413,0.1922,10.5311,0.4469,0.9579,0.2073
156,6.501,2,lifter,0.6997,219,687,349,924,-6.2404,0.3118,15.4038,0.6584,1.4121,0.2919
156,6.501,3,lifter,0.3729,1755,735,1839,920,-4.5568,0.2108,11.3074,0.4833,1.034,0.2254
156,6.501,4,lifter,0.2144,1341,1153,1665,1503,-5.2317,0.2541,12.9404,0.5505,1.1808,0.247
156,6.501,5,lifter,0.2004,776,1172,1060,1512,-4.5301,0.2089,11.2416,0.4802,1.0279,0.2246
157,6.543,1,lifter,0.7988,197,1067,465,1512,-4.2416,0.1922,10.5321,0.447,0.9579,0.2073
157,6.543,2,lifter,0.7067,220,687,348,924,-6.2717,0.3136,15.4803,0.6617,1.4193,0.2934
157,6.543,3,lifter,0.474,1753,737,1838,920,-4.5537,0.2106,11.2999,0.4829,1.0332,0.2252
157,6.543,4,lifter,0.2089,1341,1153,1665,1503,-5.2335,0.2542,12.9451,0.5507,1.1812,0.2471
157,6.543,5,lifter,0.1971,776,1172,1061,1512,-4.5284,0.2088,11.2374,0.4799,1.0274,0.2244
158,6.585,1,lifter,0.7995,197,1067,466,1512,-4.2417,0.1922,10.5322,0.447,0.958,0.2073
158,6.585,2,lifter,0.6966,221,687,348,924,-6.2827,0.3143,15.5072,0.6629,1.4219,0.294
158,6.585,3,lifter,0.4087,1749,731,1838,918,-4.6384,0.2156,11.5068,0.4923,1.0532,0.2297
158,6.585,4,lifter,0.2099,1341,1153,1665,1504,-5.2842,0.2572,13.0689,0.5563,1.1928,0.2495
158,6.585,5,lifter,0.1937,776,1172,1066,1512,-4.5373,0.2094,11.259,0.4808,1.0293,0.2248
159,6.627,1,lifter,0.7997,197,1067,466,1512,-4.2415,0.1922,10.5318,0.4469,0.9579,0.2073
159,6.627,2,lifter,0.6973,221,687,348,924,-6.283,0.3143,15.5079,0.663,1.422,0.294
159,6.627,3,lifter,0.4038,1749,731,1838,918,-4.6384,0.2156,11.5068,0.4923,1.0532,0.2297
159,6.627,4,lifter,0.2091,1341,1153,1665,1504,-5.2839,0.2572,13.0681,0.5562,1.1928,0.2495
159,6.627,5,lifter,0.194,776,1172,1065,1512,-4.531,0.209,11.2437,0.4801,1.0279,0.2244
160,6.668,1,lifter,0.8007,197,1067,465,1512,-4.2413,0.1922,10.5313,0.4469,0.9579,0.2073
160,6.668,2,lifter,0.7017,220,687,349,924,-6.2483,0.3122,15.4231,0.6592,1.4139,0.2923
160,6.668,3,lifter,0.449,1754,730,1844,916,-4.537,0.2097,11.2589,0.4811,1.0293,0.2243
160,6.668,4,lifter,0.2079,1341,1153,1665,1503,-5.2372,0.2544,12.9541,0.5511,1.182,0.2473
160,6.668,5,lifter,0.1908,776,1172,1068,1512,-4.5421,0.2096,11.2707,0.4813,1.0304,0.225
161,6.71,1,lifter,0.7999,197,1067,465,1512,-4.2416,0.1922,10.5321,0.447,0.9579,0.2073
161,6.71,2,lifter,0.7017,220,687,348,924,-6.2783,0.314,15.4965,0.6625,1.4209,0.2938
161,6.71,3,lifter,0.3618,1755,726,1848,915,-4.545,0.2101,11.2786,0.482,1.0312,0.2248
161,6.71,4,lifter,0.2058,1341,1153,1665,1503,-5.2357,0.2543,12.9504,0.5509,1.1817,0.2472
161,6.71,5,lifter,0.193,776,1172,1067,1512,-4.54,0.2095,11.2656,0.4811,1.03,0.2249
162,6.752,1,lifter,0.7978,197,1067,466,1512,-4.2411,0.1922,10.5308,0.4469,0.9578,0.2072
162,6.752,2,lifter,0.7038,220,687,348,924,-6.2785,0.314,15.497,0.6625,1.4209,0.2938
162,6.752,3,lifter,0.5889,1760,728,1849,915,-4.4808,0.2063,11.1214,0.475,1.016,0.2214
162,6.752,4,lifter,0.2035,1341,1154,1665,1503,-5.2374,0.2544,12.9545,0.5512,1.182,0.2473
162,6.752,5,lifter,0.1949,776,1172,1066,1512,-4.5381,0.2094,11.2609,0.4808,1.0295,0.2248
163,6.793,1,lifter,0.798,197,1067,465,1512,-4.2412,0.1922,10.5311,0.4469,0.9578,0.2072
163,6.793,2,lifter,0.7055,219,687,348,924,-6.2722,0.3136,15.4814,0.6618,1.4194,0.2934
163,6.793,3,lifter,0.5913,1758,728,1850,914,-4.4829,0.2064,11.1266,0.4752,1.0165,0.2216
163,6.793,4,lifter,0.2071,1341,1154,1665,1503,-5.2352,0.2543,12.9492,0.5509,1.1815,0.2472
163,6.793,5,lifter,0.1966,776,1172,1067,1512,-4.5401,0.2095,11.2659,0.4811,1.03,0.2249
164,6.835,1,lifter,0.7984,197,1067,465,1512,-4.2389,0.1921,10.5255,0.4467,0.9573,0.2071
164,6.835,2,lifter,0.7061,219,687,348,924,-6.2707,0.3135,15.4778,0.6616,1.4191,0.2933
164,6.835,3,lifter,0.5034,1756,723,1852,915,-4.565,0.2112,11.3274,0.4843,1.0359,0.2259
164,6.835,4,lifter,0.2075,1341,1154,1665,1503,-5.2349,0.2543,12.9485,0.5509,1.1815,0.2472
164,6.835,5,lifter,0.1817,777,1172,1073,1512,-4.5468,0.2099,11.2822,0.4818,1.0315,0.2252
165,6.877,1,lifter,0.7982,197,1067,465,1512,-4.2389,0.1921,10.5253,0.4467,0.9573,0.2071
165,6.877,2,lifter,0.7035,219,687,348,924,-6.2717,0.3136,15.4802,0.6617,1.4193,0.2934
165,6.877,3,lifter,0.3393,1760,721,1852,916,-4.5961,0.2131,11.4033,0.4877,1.0432,0.2275
165,6.877,4,lifter,0.2077,1341,1153,1665,1503,-5.2365,0.2544,12.9523,0.551,1.1819,0.2473
165,6.877,5,lifter,0.1837,776,1171,1072,1512,-4.5552,0.2104,11.3028,0.4827,1.0335,0.2257
166,6.918,1,lifter,0.798,197,1067,465,1512,-4.2399,0.1921,10.5278,0.4468,0.9575,0.2072
166,6.918,2,lifter,0.7,220,687,348,924,-6.2802,0.3141,15.501,0.6627,1.4213,0.2938
166,6.918,3,lifter,0.326,1757,721,1854,914,-4.5947,0.213,11.4001,0.4875,1.0429,0.2274
166,6.918,4,lifter,0.2062,1341,1153,1665,1503,-5.2347,0.2543,12.948,0.5508,1.1815,0.2472
166,6.918,5,lifter,0.1812,776,1171,1074,1512,-4.5577,0.2106,11.3089,0.483,1.034,0.2258
167,6.96,1,lifter,0.7982,197,1067,465,1512,-4.2396,0.1921,10.5271,0.4467,0.9575,0.2072
167,6.96,2,lifter,0.7046,220,687,348,924,-6.2793,0.314,15.4988,0.6626,1.4211,0.2938
167,6.96,3,lifter,0.2372,1760,716,1856,914,-4.5857,0.2125,11.3779,0.4865,1.0408,0.227
167,6.96,4,lifter,0.2073,1341,1153,1665,1503,-5.2342,0.2542,12.9467,0.5508,1.1813,0.2472
167,6.96,5,lifter,0.1833,776,1171,1073,1512,-4.5558,0.2105,11.3043,0.4828,1.0336,0.2257
168,7.002,1,lifter,0.8003,197,1067,465,1512,-4.2397,0.1921,10.5273,0.4468,0.9575,0.2072
168,7.002,2,lifter,0.7013,220,687,348,924,-6.2813,0.3142,15.5038,0.6628,1.4216,0.2939
168,7.002,3,lifter,0.3081,1762,715,1859,914,-4.6019,0.2134,11.4176,0.4883,1.0446,0.2279
168,7.002,4,lifter,0.2094,1341,1153,1665,1503,-5.2344,0.2542,12.9472,0.5508,1.1814,0.2472
168,7.002,5,lifter,0.1817,776,1171,1076,1512,-4.5614,0.2108,11.3179,0.4834,1.0349,0.2259
169,7.043,1,lifter,0.8002,197,1067,465,1512,-4.24,0.1921,10.5281,0.4468,0.9576,0.2072
169,7.043,2,lifter,0.7042,219,687,348,924,-6.2723,0.3136,15.4818,0.6618,1.4195,0.2934
169,7.043,3,lifter,0.2927,1762,712,1862,915,-4.5676,0.2114,11.3338,0.4845,1.0365,0.226
169,7.043,4,lifter,0.2081,1341,1153,1665,1503,-5.2329,0.2541,12.9434,0.5506,1.181,0.2471
169,7.043,5,lifter,0.1788,776,1171,1076,1512,-4.5609,0.2108,11.3167,0.4833,1.0347,0.2259
170,7.085,1,lifter,0.8005,197,1067,465,1512,-4.2401,0.1921,10.5282,0.4468,0.9576,0.2072
170,7.085,2,lifter,0.7079,219,686,348,924,-6.2767,0.3139,15.4926,0.6623,1.4205,0.2936
170,7.085,3,lifter,0.3368,1761,711,1863,916,-4.5048,0.2077,11.1801,0.4776,1.0217,0.2227
170,7.085,4,lifter,0.2059,1341,1153,1665,1503,-5.2339,0.2542,12.9459,0.5507,1.1813,0.2471
170,7.085,5,lifter,0.1766,776,1171,1076,1512,-4.5613,0.2108,11.3176,0.4833,1.0348,0.2259
171,7.127,1,lifter,0.7999,197,1067,465,1512,-4.2402,0.1921,10.5285,0.4468,0.9576,0.2072
171,7.127,2,lifter,0.7069,219,686,348,924,-6.2769,0.3139,15.4931,0.6623,1.4205,0.2936
171,7.127,3,lifter,0.2538,1748,717,1862,916,-4.5426,0.21,11.2726,0.4817,1.0306,0.2246
171,7.127,4,lifter,0.2035,1341,1153,1665,1503,-5.2335,0.2542,12.9449,0.5507,1.1812,0.2471
171,7.127,5,lifter,0.1781,775,1171,1072,1512,-4.5587,0.2106,11.3113,0.4831,1.0343,0.2258
172,7.168,1,lifter,0.8008,197,1067,465,1512,-4.2403,0.1921,10.5289,0.4468,0.9576,0.2072
172,7.168,2,lifter,0.7033,219,686,348,924,-6.2766,0.3139,15.4923,0.6623,1.4205,0.2936
172,7.168,3,lifter,0.2267,1753,713,1866,916,-4.5452,0.2101,11.279,0.482,1.0312,0.2248
172,7.168,4,lifter,0.2047,1341,1153,1665,1503,-5.2321,0.2541,12.9415,0.5505,1.1809,0.2471
172,7.168,5,lifter,0.1786,775,1171,1071,1512,-4.556,0.2105,11.3049,0.4828,1.0337,0.2257
173,7.21,1,lifter,0.8005,197,1067,465,1512,-4.2395,0.1921,10.5268,0.4467,0.9574,0.2072
173,7.21,2,lifter,0.6995,219,686,349,924,-6.2597,0.3129,15.4511,0.6604,1.4166,0.2928
173,7.21,3,lifter,0.2058,1341,1154,1665,1503,-5.2337,0.2542,12.9456,0.5508,1.1812,0.2471
173,7.21,4,lifter,0.1632,775,1171,1078,1512,-4.566,0.2111,11.3293,0.4839,1.0359,0.2261
173,7.21,5,lifter,0.1571,1762,716,1868,916,-4.4465,0.2043,11.0374,0.4711,1.0079,0.2196
174,7.252,1,lifter,0.8006,197,1067,465,1512,-4.2396,0.1921,10.5271,0.4467,0.9575,0.2072
174,7.252,2,lifter,0.6947,220,686,349,924,-6.2619,0.313,15.4565,0.6607,1.4171,0.293
174,7.252,3,lifter,0.2646,1768,718,1869,916,-4.5528,0.2106,11.2975,0.4828,1.033,0.2252
174,7.252,4,lifter,0.2079,1341,1154,1665,1503,-5.233,0.2541,12.9437,0.5507,1.181,0.2471
174,7.252,5,lifter,0.1643,775,1171,1079,1512,-4.5665,0.2111,11.3304,0.4839,1.036,0.2262
175,7.293,1,lifter,0.8005,197,1067,465,1512,-4.2395,0.1921,10.5268,0.4467,0.9574,0.2072
175,7.293,2,lifter,0.6954,219,687,349,924,-6.259,0.3128,15.4493,0.6604,1.4164,0.2928
175,7.293,3,lifter,0.2932,1773,719,1871,917,-4.6575,0.2167,11.5537,0.4944,1.0578,0.2308
175,7.293,4,lifter,0.2038,1341,1154,1665,1503,-5.2331,0.2541,12.9439,0.5507,1.181,0.2471
175,7.293,5,lifter,0.1634,775,1171,1080,1512,-4.5697,0.2113,11.3382,0.4842,1.0367,0.2263
176,7.335,1,lifter,0.8009,197,1067,465,1512,-4.239,0.1921,10.5256,0.4467,0.9573,0.2071
176,7.335,2,lifter,0.694,220,686,349,924,-6.2617,0.313,15.4559,0.6607,1.417,0.293
176,7.335,3,lifter,0.3229,1759,712,1872,916,-4.6178,0.2144,11.4564,0.49,1.0484,0.2286
176,7.335,4,lifter,0.2063,1341,1154,1665,1503,-5.232,0.2541,12.9414,0.5506,1.1808,0.247
176,7.335,5,lifter,0.1716,775,1171,1077,1512,-4.5673,0.2111,11.3323,0.484,1.0362,0.2262
177,7.377,1,lifter,0.8002,197,1067,465,1512,-4.2407,0.1922,10.5297,0.4468,0.9577,0.2072
177,7.377,2,lifter,0.6963,219,686,349,924,-6.2624,0.3131,15.4577,0.6607,1.4172,0.293
177,7.377,3,lifter,0.3025,1758,712,1874,915,-4.5924,0.2129,11.3943,0.4872,1.0424,0.2273
177,7.377,4,lifter,0.2094,1341,1154,1665,1503,-5.2346,0.2542,12.9475,0.5508,1.1814,0.2471
177,7.377,5,lifter,0.1724,775,1171,1076,1512,-4.5613,0.2108,11.3177,0.4834,1.0349,0.226
178,7.418,1,lifter,0.8005,197,1067,465,1512,-4.2407,0.1922,10.5298,0.4469,0.9577,0.2072
178,7.418,2,lifter,0.7016,219,686,349,924,-6.2654,0.3132,15.465,0.6611,1.4179,0.2931
178,7.418,3,lifter,0.2919,1764,714,1883,915,-4.6459,0.216,11.5253,0.4931,1.055,0.2301
178,7.418,4,lifter,0.2103,1341,1154,1665,1503,-5.2342,0.2542,12.9468,0.5508,1.1813,0.2471
178,7.418,5,lifter,0.1711,775,1171,1078,1512,-4.5653,0.211,11.3274,0.4838,1.0358,0.2261
179,7.46,1,lifter,0.7997,197,1067,465,1512,-4.2368,0.1919,10.5203,0.4464,0.9568,0.207
179,7.46,2,lifter,0.6969,219,686,350,924,-6.2401,0.3118,15.4033,0.6583,1.412,0.2919
179,7.46,3,lifter,0.2093,1341,1154,1665,1503,-5.2394,0.2545,12.9593,0.5514,1.1825,0.2474
179,7.46,4,lifter,0.1935,1767,708,1885,914,-4.6833,0.2182,11.6169,0.4972,1.0639,0.2322
179,7.46,5,lifter,0.1788,775,1171,1077,1512,-4.5642,0.211,11.3248,0.4837,1.0355,0.2261
180,7.502,1,lifter,0.8002,197,1067,465,1512,-4.2371,0.1919,10.5211,0.4465,0.9569,0.2071
180,7.502,2,lifter,0.7026,219,687,349,924,-6.2552,0.3126,15.44,0.66,1.4155,0.2926
180,7.502,3,lifter,0.3694,1774,710,1888,914,-4.6533,0.2164,11.5435,0.4939,1.0568,0.2306
180,7.502,4,lifter,0.209,1341,1154,1665,1503,-5.2346,0.2542,12.9477,0.5508,1.1814,0.2471
180,7.502,5,lifter,0.1669,775,1171,1083,1512,-4.5668,0.2112,11.331,0.4839,1.036,0.2261
181,7.543,1,lifter,0.8006,197,1067,465,1512,-4.2383,0.192,10.5238,0.4466,0.9571,0.2071
181,7.543,2,lifter,0.7045,219,686,349,924,-6.2628,0.3131,15.4586,0.6608,1.4173,0.293
181,7.543,3,lifter,0.3486,1782,714,1889,915,-4.6433,0.2158,11.5191,0.4929,1.0545,0.2301
181,7.543,4,lifter,0.2064,1341,1154,1665,1503,-5.2336,0.2542,12.9453,0.5507,1.1812,0.2471
181,7.543,5,lifter,0.1875,774,1171,1072,1512,-4.5565,0.2105,11.306,0.4829,1.0338,0.2257
182,7.585,1,lifter,0.7996,197,1067,465,1512,-4.2385,0.192,10.5243,0.4466,0.9572,0.2071
182,7.585,2,lifter,0.7033,219,686,349,924,-6.2627,0.3131,15.4583,0.6608,1.4172,0.293
182,7.585,3,lifter,0.3725,1778,720,1889,915,-4.6375,0.2155,11.505,0.4922,1.0531,0.2297
182,7.585,4,lifter,0.2097,1341,1154,1665,1503,-5.234,0.2542,12.9463,0.5508,1.1813,0.2471
182,7.585,5,lifter,0.188,774,1171,1071,1512,-4.5588,0.2106,11.3116,0.4832,1.0344,0.2259
183,7.627,1,lifter,0.7996,197,1067,465,1512,-4.2372,0.192,10.5212,0.4465,0.9569,0.207
183,7.627,2,lifter,0.7066,219,687,348,924,-6.2834,0.3143,15.5088,0.663,1.422,0.294
183,7.627,3,lifter,0.486,1778,721,1891,914,-4.6242,0.2147,11.4725,0.4908,1.05,0.229
183,7.627,4,lifter,0.2127,1341,1153,1665,1503,-5.2374,0.2544,12.9545,0.5511,1.1821,0.2473
183,7.627,5,lifter,0.1839,774,1171,1072,1512,-4.56,0.2107,11.3145,0.4833,1.0346,0.2259
184,7.668,1,lifter,0.7995,197,1067,465,1512,-4.2373,0.192,10.5215,0.4465,0.9569,0.2071
184,7.668,2,lifter,0.7071,219,687,348,924,-6.2801,0.3141,15.5007,0.6626,1.4213,0.2938
184,7.668,3,lifter,0.3991,1777,718,1895,914,-4.6906,0.2186,11.6348,0.498,1.0656,0.2325
184,7.668,4,lifter,0.2108,1341,1153,1665,1503,-5.2338,0.2542,12.9458,0.5507,1.1813,0.2471
184,7.668,5,lifter,0.1813,774,1172,1071,1512,-4.5542,0.2104,11.3003,0.4826,1.0333,0.2256
184,7.668,6,lifter,0.1556,1758,712,1811,913,-4.4358,0.2028,11.0035,0.4688,1.0043,0.2199
185,7.71,1,lifter,0.7992,197,1067,465,1512,-4.2381,0.192,10.5234,0.4466,0.9571,0.2071
185,7.71,2,lifter,0.7131,219,687,348,924,-6.2814,0.3141,15.5039,0.6628,1.4216,0.2939
185,7.71,3,lifter,0.2259,1772,711,1897,913,-4.7797,0.2239,11.8524,0.5078,1.0866,0.2372
185,7.71,4,lifter,0.2124,1341,1153,1665,1503,-5.2328,0.2541,12.9432,0.5506,1.181,0.2471
185,7.71,5,lifter,0.1714,774,1171,1076,1512,-4.565,0.211,11.3268,0.4838,1.0357,0.2261
185,7.71,6,lifter,0.1245,1758,710,1828,912,-4.5337,0.2085,11.2452,0.48,1.0278,0.2254
186,7.752,1,lifter,0.7991,197,1067,465,1512,-4.2387,0.192,10.5249,0.4466,0.9572,0.2071
186,7.752,2,lifter,0.7106,219,687,348,924,-6.2821,0.3142,15.5057,0.6629,1.4217,0.2939
186,7.752,3,lifter,0.385,1784,710,1897,914,-4.7306,0.221,11.7327,0.5025,1.0751,0.2347
186,7.752,4,lifter,0.2121,1341,1153,1665,1503,-5.2319,0.2541,12.941,0.5505,1.1808,0.247
186,7.752,5,lifter,0.1698,774,1171,1075,1512,-4.5636,0.2109,11.3233,0.4836,1.0354,0.2261
187,7.793,1,lifter,0.7991,197,1067,465,1512,-4.2384,0.192,10.5242,0.4466,0.9572,0.2071
187,7.793,2,lifter,0.7133,219,687,348,924,-6.2846,0.3143,15.5118,0.6631,1.4223,0.294
187,7.793,3,lifter,0.4837,1793,715,1898,915,-4.7004,0.2192,11.6587,0.4992,1.0679,0.2331
187,7.793,4,lifter,0.2108,1341,1153,1665,1503,-5.2325,0.2541,12.9425,0.5506,1.1809,0.2471
187,7.793,5,lifter,0.1683,774,1171,1075,1512,-4.5638,0.2109,11.3239,0.4837,1.0355,0.2261
188,7.835,1,lifter,0.7993,197,1067,465,1512,-4.2379,0.192,10.5231,0.4466,0.9571,0.2071
188,7.835,2,lifter,0.7137,219,686,348,924,-6.2878,0.3145,15.5197,0.6635,1.423,0.2942
188,7.835,3,lifter,0.4876,1799,714,1900,915,-4.7539,0.2223,11.7895,0.5051,1.0806,0.2359
188,7.835,4,lifter,0.2125,1341,1153,1665,1503,-5.2305,0.254,12.9376,0.5504,1.1805,0.247
188,7.835,5,lifter,0.1685,774,1171,1075,1512,-4.5656,0.211,11.3282,0.4839,1.0359,0.2262
189,7.877,1,lifter,0.8002,197,1067,465,1512,-4.2358,0.1919,10.5178,0.4463,0.9566,0.207
189,7.877,2,lifter,0.7154,219,687,348,924,-6.2864,0.3144,15.5162,0.6633,1.4227,0.2941
189,7.877,3,lifter,0.5265,1792,713,1901,914,-4.7538,0.2223,11.7892,0.505,1.0805,0.2359
189,7.877,4,lifter,0.2133,1341,1153,1665,1503,-5.2316,0.2541,12.9403,0.5505,1.1808,0.247
189,7.877,5,lifter,0.1766,774,1171,1073,1512,-4.5648,0.211,11.3263,0.4838,1.0357,0.2262
190,7.918,1,lifter,0.8007,197,1067,465,1512,-4.237,0.1919,10.5208,0.4465,0.9568,0.207
190,7.918,2,lifter,0.7117,219,687,349,924,-6.2643,0.3132,15.4623,0.661,1.4176,0.2931
190,7.918,3,lifter,0.5599,1783,711,1902,913,-4.7954,0.2248,11.8909,0.5096,1.0903,0.238
190,7.918,4,lifter,0.214,1341,1153,1665,1503,-5.2305,0.254,12.9376,0.5504,1.1805,0.247
190,7.918,5,lifter,0.1725,774,1171,1073,1512,-4.5633,0.2109,11.3227,0.4836,1.0354,0.2261
191,7.96,1,lifter,0.799,197,1067,465,1512,-4.238,0.192,10.5231,0.4466,0.9571,0.2071
191,7.96,2,lifter,0.7148,220,687,348,924,-6.2975,0.3151,15.5432,0.6645,1.4253,0.2947
191,7.96,3,lifter,0.512,1786,710,1905,914,-4.8082,0.2256,11.9221,0.511,1.0933,0.2387
191,7.96,4,lifter,0.2136,1341,1153,1665,1503,-5.2323,0.2541,12.9419,0.5506,1.1809,0.2471
191,7.96,5,lifter,0.1736,775,1171,1073,1512,-4.5591,0.2106,11.3123,0.4831,1.0344,0.2259
192,8.002,1,lifter,0.8005,197,1067,465,1512,-4.238,0.192,10.5233,0.4466,0.9571,0.2071
192,8.002,2,lifter,0.7138,220,688,349,924,-6.2549,0.3126,15.4393,0.66,1.4154,0.2927
192,8.002,3,lifter,0.4908,1806,713,1907,914,-4.7895,0.2244,11.8765,0.509,1.0889,0.2378
192,8.002,4,lifter,0.215,1341,1153,1665,1503,-5.2295,0.2539,12.9351,0.5503,1.1803,0.2469
192,8.002,5,lifter,0.171,775,1171,1076,1512,-4.5661,0.2111,11.3294,0.4839,1.036,0.2262
193,8.043,1,lifter,0.7993,197,1067,465,1512,-4.2366,0.1919,10.5197,0.4464,0.9567,0.207
193,8.043,2,lifter,0.7135,220,688,348,924,-6.2903,0.3147,15.5257,0.6638,1.4236,0.2943
193,8.043,3,lifter,0.4337,1788,714,1908,916,-4.7631,0.2229,11.8117,0.506,1.0826,0.2363
193,8.043,4,lifter,0.2141,1341,1153,1665,1503,-5.2308,0.254,12.9382,0.5504,1.1806,0.247
193,8.043,5,lifter,0.1712,775,1171,1076,1512,-4.5651,0.211,11.327,0.4838,1.0357,0.2261
194,8.085,1,lifter,0.7992,197,1067,465,1512,-4.2393,0.1921,10.5263,0.4467,0.9574,0.2071
194,8.085,2,lifter,0.7104,220,688,349,924,-6.2576,0.3128,15.446,0.6603,1.4161,0.2928
194,8.085,3,lifter,0.5006,1794,713,1910,918,-4.7766,0.2237,11.8448,0.5075,1.0858,0.2371
194,8.085,4,lifter,0.2102,1341,1153,1665,1503,-5.2304,0.254,12.9374,0.5504,1.1805,0.247
194,8.085,5,lifter,0.1698,775,1171,1075,1512,-4.5599,0.2107,11.3144,0.4832,1.0345,0.2259
195,8.127,1,lifter,0.7998,197,1067,465,1512,-4.2388,0.1921,10.5252,0.4466,0.9573,0.2071
195,8.127,2,lifter,0.7143,220,688,349,924,-6.2482,0.3122,15.4231,0.6593,1.4139,0.2924
195,8.127,3,lifter,0.3359,1789,710,1913,917,-4.7756,0.2236,11.8422,0.5074,1.0856,0.237
195,8.127,4,lifter,0.2125,1341,1153,1665,1503,-5.2304,0.254,12.9373,0.5504,1.1805,0.247
195,8.127,5,lifter,0.1702,775,1171,1074,1512,-4.5604,0.2107,11.3154,0.4833,1.0347,0.2259
196,8.169,1,lifter,0.8,197,1067,465,1512,-4.2389,0.1921,10.5255,0.4467,0.9573,0.2071
196,8.169,2,lifter,0.7141,220,688,349,924,-6.2442,0.312,15.4131,0.6588,1.413,0.2922
196,8.169,3,lifter,0.2909,1791,709,1917,917,-4.7694,0.2232,11.827,0.5067,1.0841,0.2367
196,8.169,4,lifter,0.2138,1341,1153,1665,1504,-5.2732,0.2565,13.042,0.5551,1.1903,0.249
196,8.169,5,lifter,0.1714,775,1171,1074,1512,-4.5623,0.2108,11.3201,0.4835,1.0351,0.226
197,8.21,1,lifter,0.7968,197,1066,466,1512,-4.276,0.1942,10.6163,0.4508,0.9662,0.2093
197,8.21,2,lifter,0.6544,222,685,351,923,-6.3302,0.3171,15.6237,0.6679,1.4329,0.2963
197,8.21,3,lifter,0.4141,1823,714,1920,916,-4.6899,0.2185,11.6326,0.498,1.0654,0.2326
197,8.21,4,lifter,0.1764,1341,1154,1665,1503,-5.2118,0.2529,12.8917,0.5482,1.1763,0.2462
197,8.21,5,lifter,0.167,777,1171,1084,1512,-4.6251,0.2146,11.4736,0.4904,1.0498,0.2292
198,8.252,1,lifter,0.7955,196,1066,466,1512,-4.2747,0.1941,10.6131,0.4507,0.9659,0.2092
198,8.252,2,lifter,0.654,222,685,351,923,-6.3302,0.3171,15.6237,0.6679,1.4329,0.2963
198,8.252,3,lifter,0.356,1835,718,1925,917,-4.6904,0.2185,11.6338,0.4981,1.0656,0.2326
198,8.252,4,lifter,0.1744,1341,1154,1665,1503,-5.2092,0.2528,12.8853,0.548,1.1757,0.2461
198,8.252,5,lifter,0.1645,778,1171,1083,1512,-4.6242,0.2145,11.4715,0.4903,1.0496,0.2292
199,8.294,1,lifter,0.7956,196,1066,466,1512,-4.2745,0.1941,10.6125,0.4507,0.9658,0.2092
199,8.294,2,lifter,0.6534,222,685,351,923,-6.3303,0.3171,15.6238,0.6679,1.4329,0.2963
199,8.294,3,lifter,0.4171,1833,716,1926,916,-4.6785,0.2178,11.6047,0.4968,1.0628,0.232
199,8.294,4,lifter,0.169,1341,1154,1665,1503,-5.2078,0.2527,12.882,0.5478,1.1754,0.246
199,8.294,5,lifter,0.1594,778,1171,1091,1512,-4.5917,0.2126,11.392,0.4866,1.0418,0.2274
200,8.335,1,lifter,0.796,196,1066,466,1512,-4.2742,0.1941,10.612,0.4506,0.9658,0.2092
200,8.335,2,lifter,0.6537,222,685,351,923,-6.3298,0.3171,15.6227,0.6679,1.4328,0.2963
200,8.335,3,lifter,0.38,1830,713,1927,915,-4.6945,0.2188,11.6438,0.4985,1.0665,0.2328
200,8.335,4,lifter,0.1689,1341,1154,1665,1503,-5.2077,0.2527,12.8819,0.5478,1.1754,0.246
200,8.335,5,lifter,0.1621,777,1171,1088,1512,-4.611,0.2138,11.4393,0.4888,1.0464,0.2284
201,8.377,1,lifter,0.7971,196,1067,466,1512,-4.2736,0.1941,10.6104,0.4506,0.9656,0.2091
201,8.377,2,lifter,0.6593,221,686,351,924,-6.2712,0.3136,15.4795,0.6616,1.4193,0.2935
201,8.377,3,lifter,0.427,1827,712,1930,915,-4.7085,0.2196,11.6781,0.5,1.0698,0.2335
201,8.377,4,lifter,0.1755,1341,1154,1665,1504,-5.2576,0.2556,13.0037,0.5533,1.1869,0.2484
201,8.377,5,lifter,0.161,777,1171,1088,1512,-4.6102,0.2137,11.4372,0.4887,1.0462,0.2284
202,8.419,1,lifter,0.7974,196,1067,466,1512,-4.2739,0.1941,10.6112,0.4506,0.9657,0.2091
202,8.419,2,lifter,0.6571,222,686,351,924,-6.2939,0.315,15.5348,0.6641,1.4245,0.2946
202,8.419,3,lifter,0.4303,1827,712,1930,915,-4.7086,0.2196,11.6781,0.5,1.0698,0.2335
202,8.419,4,lifter,0.1725,1341,1154,1665,1504,-5.2575,0.2556,13.0035,0.5532,1.1868,0.2484
202,8.419,5,lifter,0.1594,777,1171,1088,1512,-4.6102,0.2137,11.4371,0.4887,1.0462,0.2284
203,8.46,1,lifter,0.8028,197,1066,466,1512,-4.2761,0.1942,10.6164,0.4508,0.9662,0.2093
203,8.46,2,lifter,0.6472,222,686,351,923,-6.3173,0.3164,15.5921,0.6666,1.4299,0.2957
203,8.46,3,lifter,0.5967,1849,721,1932,915,-4.6919,0.2186,11.6371,0.498,1.0658,0.2325
203,8.46,4,lifter,0.166,1341,1154,1665,1504,-5.2577,0.2556,13.0039,0.5533,1.1869,0.2484
203,8.46,5,lifter,0.166,778,1171,1080,1512,-4.6195,0.2142,11.4601,0.4898,1.0486,0.229
204,8.502,1,lifter,0.8031,197,1066,466,1512,-4.2761,0.1942,10.6166,0.4509,0.9662,0.2093
204,8.502,2,lifter,0.6562,1848,718,1934,915,-4.7185,0.2202,11.7022,0.501,1.0721,0.2339
204,8.502,3,lifter,0.6363,222,685,351,923,-6.3375,0.3176,15.6414,0.6687,1.4346,0.2967
204,8.502,4,lifter,0.1756,1341,1154,1665,1504,-5.2614,0.2559,13.013,0.5537,1.1877,0.2486
204,8.502,5,lifter,0.1684,778,1171,1072,1512,-4.6085,0.2135,11.433,0.4887,1.0461,0.2285
205,8.544,1,lifter,0.8038,197,1066,466,1512,-4.2755,0.1942,10.615,0.4508,0.9661,0.2092
205,8.544,2,lifter,0.6492,1831,716,1934,916,-4.7161,0.2201,11.6964,0.5007,1.0715,0.2338
205,8.544,3,lifter,0.6343,222,685,352,923,-6.3162,0.3163,15.5895,0.6664,1.4297,0.2957
205,8.544,4,lifter,0.1719,1341,1154,1665,1504,-5.2652,0.2561,13.0223,0.5541,1.1886,0.2487
205,8.544,5,lifter,0.1678,777,1171,1069,1512,-4.6014,0.2131,11.4158,0.4879,1.0445,0.2282
206,8.585,1,lifter,0.8035,197,1066,466,1512,-4.2766,0.1942,10.6178,0.4509,0.9663,0.2093
206,8.585,2,lifter,0.6947,1833,716,1938,915,-4.7407,0.2216,11.7566,0.5034,1.0773,0.2351
206,8.585,3,lifter,0.637,222,685,351,923,-6.3338,0.3174,15.6323,0.6683,1.4338,0.2965
206,8.585,4,lifter,0.179,1341,1154,1665,1504,-5.2692,0.2563,13.0322,0.5545,1.1895,0.2489
206,8.585,5,lifter,0.1735,778,1171,1069,1512,-4.5982,0.2129,11.408,0.4876,1.0437,0.228
207,8.627,1,lifter,0.8043,197,1066,466,1512,-4.2757,0.1942,10.6156,0.4508,0.9661,0.2092
207,8.627,2,lifter,0.696,1839,718,1940,916,-4.7482,0.2219,11.7749,0.5043,1.0791,0.2355
207,8.627,3,lifter,0.6475,222,686,351,923,-6.3214,0.3166,15.6021,0.667,1.4309,0.2959
207,8.627,4,lifter,0.1804,1341,1154,1665,1504,-5.2708,0.2564,13.0361,0.5547,1.1899,0.249
207,8.627,5,lifter,0.1717,777,1171,1071,1512,-4.6014,0.2131,11.4157,0.4879,1.0444,0.2282
208,8.669,1,lifter,0.8015,197,1066,466,1512,-4.271,0.1939,10.604,0.4503,0.965,0.209
208,8.669,2,lifter,0.704,1852,720,1941,915,-4.7378,0.2214,11.7493,0.5031,1.0766,0.2349
208,8.669,3,lifter,0.6428,222,685,351,923,-6.3364,0.3175,15.6387,0.6686,1.4344,0.2966
208,8.669,4,lifter,0.1736,1341,1154,1665,1503,-5.2097,0.2528,12.8866,0.548,1.1759,0.2461
208,8.669,5,lifter,0.1564,778,1171,1088,1512,-4.6125,0.2138,11.4428,0.4889,1.0468,0.2285
209,8.71,1,lifter,0.8013,197,1066,466,1512,-4.2734,0.1941,10.61,0.4505,0.9656,0.2091
209,8.71,2,lifter,0.7416,1847,718,1942,915,-4.748,0.222,11.7742,0.5042,1.079,0.2354
209,8.71,3,lifter,0.6481,222,686,351,923,-6.3408,0.3178,15.6495,0.6691,1.4354,0.2968
209,8.71,4,lifter,0.1691,778,1171,1078,1512,-4.6186,0.2142,11.4578,0.4897,1.0484,0.229
209,8.71,5,lifter,0.1677,1341,1154,1665,1504,-5.2723,0.2565,13.0398,0.5549,1.1902,0.2491
210,8.752,1,lifter,0.8052,197,1066,466,1512,-4.2753,0.1942,10.6145,0.4507,0.966,0.2092
210,8.752,2,lifter,0.6483,222,686,351,923,-6.3327,0.3173,15.6297,0.6682,1.4335,0.2964
210,8.752,3,lifter,0.6226,1829,716,1945,915,-4.7723,0.2234,11.834,0.5071,1.0848,0.2369
210,8.752,4,lifter,0.1779,1341,1154,1666,1504,-5.3019,0.2583,13.112,0.5581,1.197,0.2505
210,8.752,5,lifter,0.1695,777,1171,1074,1512,-4.5977,0.2129,11.4066,0.4874,1.0435,0.2279
211,8.794,1,lifter,0.8044,197,1066,466,1512,-4.2746,0.1941,10.6129,0.4507,0.9658,0.2091
211,8.794,2,lifter,0.6437,222,686,351,923,-6.3393,0.3177,15.6458,0.6689,1.435,0.2968
211,8.794,3,lifter,0.5532,1841,713,1947,915,-4.7933,0.2246,11.8854,0.5094,1.0898,0.238
211,8.794,4,lifter,0.1758,1341,1154,1666,1504,-5.3032,0.2583,13.1153,0.5583,1.1973,0.2505
211,8.794,5,lifter,0.1698,778,1171,1074,1512,-4.5988,0.213,11.4095,0.4876,1.0438,0.228
212,8.835,1,lifter,0.8049,197,1066,466,1512,-4.2775,0.1943,10.6199,0.451,0.9665,0.2093
212,8.835,2,lifter,0.6498,222,685,351,923,-6.3344,0.3174,15.634,0.6684,1.4339,0.2965
212,8.835,3,lifter,0.4563,1827,712,1955,915,-4.8278,0.2267,11.9697,0.5132,1.0979,0.2398
212,8.835,4,lifter,0.1822,1341,1154,1665,1503,-5.2202,0.2534,12.9124,0.5492,1.1782,0.2466
212,8.835,5,lifter,0.1519,777,1171,1085,1512,-4.6208,0.2143,11.4631,0.4899,1.0488,0.229
213,8.877,1,lifter,0.804,197,1067,466,1512,-4.2762,0.1942,10.6166,0.4508,0.9662,0.2092
213,8.877,2,lifter,0.6554,222,686,350,923,-6.3694,0.3194,15.7193,0.6721,1.442,0.2981
213,8.877,3,lifter,0.5304,1837,710,1954,915,-4.854,0.2282,12.034,0.5161,1.1041,0.2412
213,8.877,4,lifter,0.1802,1341,1154,1665,1503,-5.2255,0.2537,12.9253,0.5498,1.1794,0.2468
213,8.877,5,lifter,0.148,778,1171,1080,1512,-4.6141,0.2139,11.4467,0.4892,1.0472,0.2287
214,8.919,1,lifter,0.8068,197,1067,466,1512,-4.273,0.194,10.609,0.4505,0.9655,0.209
214,8.919,2,lifter,0.6533,222,686,350,923,-6.368,0.3193,15.7158,0.672,1.4417,0.2981
214,8.919,3,lifter,0.5407,1830,708,1957,916,-4.8646,0.2288,12.0598,0.5173,1.1066,0.2418
214,8.919,4,lifter,0.1848,1341,1154,1665,1503,-5.2461,0.2549,12.9758,0.552,1.1842,0.2478
214,8.919,5,lifter,0.1558,778,1171,1079,1512,-4.6094,0.2136,11.4353,0.4887,1.0462,0.2284
215,8.96,1,lifter,0.8052,197,1066,466,1512,-4.2707,0.1939,10.6034,0.4502,0.9649,0.2089
215,8.96,2,lifter,0.6574,221,685,351,923,-6.3124,0.316,15.58,0.666,1.4288,0.2954
215,8.96,3,lifter,0.5435,1835,708,1959,916,-4.8817,0.2298,12.1017,0.5192,1.1106,0.2427
215,8.96,4,lifter,0.1866,1341,1154,1665,1503,-5.2491,0.2551,12.983,0.5523,1.1849,0.2479
215,8.96,5,lifter,0.1717,778,1171,1068,1512,-4.586,0.2122,11.3782,0.4862,1.0408,0.2273
216,9.002,1,lifter,0.804,197,1067,466,1512,-4.2715,0.1939,10.6051,0.4503,0.9651,0.209
216,9.002,2,lifter,0.656,221,683,350,923,-6.3409,0.3176,15.6497,0.669,1.4353,0.2967
216,9.002,3,lifter,0.4838,1840,707,1960,915,-4.8895,0.2303,12.1208,0.52,1.1125,0.2431
216,9.002,4,lifter,0.1838,1341,1153,1665,1503,-5.2282,0.2539,12.9319,0.55,1.1801,0.247
216,9.002,5,lifter,0.1629,777,1171,1074,1512,-4.6039,0.2133,11.4218,0.4881,1.0449,0.2282
217,9.044,1,lifter,0.8048,197,1067,466,1512,-4.2605,0.1933,10.5784,0.4491,0.9625,0.2084
217,9.044,2,lifter,0.6587,222,685,350,923,-6.3964,0.321,15.7853,0.675,1.4482,0.2994
217,9.044,3,lifter,0.5053,1837,709,1963,915,-4.8871,0.2301,12.115,0.5198,1.1119,0.243
217,9.044,4,lifter,0.194,1341,1154,1665,1503,-5.2377,0.2544,12.9552,0.5511,1.1822,0.2474
217,9.044,5,lifter,0.1536,777,1171,1074,1512,-4.5967,0.2129,11.4042,0.4873,1.0432,0.2278
218,9.085,1,lifter,0.8057,197,1067,466,1512,-4.2667,0.1937,10.5934,0.4498,0.9639,0.2087
218,9.085,2,lifter,0.6623,222,686,350,923,-6.3845,0.3203,15.7561,0.6738,1.4455,0.2989
218,9.085,3,lifter,0.4693,1837,709,1963,915,-4.8903,0.2303,12.1227,0.5201,1.1127,0.2431
218,9.085,4,lifter,0.1951,1340,1154,1665,1504,-5.299,0.2581,13.1049,0.5578,1.1964,0.2503
218,9.085,5,lifter,0.1551,777,1171,1070,1512,-4.5872,0.2123,11.381,0.4863,1.0411,0.2274
219,9.127,1,lifter,0.804,197,1067,466,1512,-4.2641,0.1935,10.5869,0.4494,0.9632,0.2085
219,9.127,2,lifter,0.6735,220,686,350,923,-6.3634,0.3189,15.7044,0.6715,1.4405,0.2977
219,9.127,3,lifter,0.494,1839,709,1965,915,-4.8948,0.2306,12.1338,0.5206,1.1137,0.2434
219,9.127,4,lifter,0.1901,1341,1153,1665,1504,-5.3087,0.2587,13.1288,0.5589,1.1986,0.2508
219,9.127,5,lifter,0.1672,777,1171,1064,1512,-4.5652,0.211,11.3274,0.4839,1.036,0.2263
220,9.169,1,lifter,0.8051,197,1067,466,1512,-4.2671,0.1937,10.5943,0.4498,0.964,0.2087
220,9.169,2,lifter,0.6707,221,684,350,923,-6.3861,0.3203,15.7602,0.6739,1.4458,0.2988
220,9.169,3,lifter,0.4481,1841,708,1968,915,-4.8957,0.2306,12.1357,0.5207,1.1139,0.2434
220,9.169,4,lifter,0.1881,1341,1153,1665,1504,-5.2791,0.2569,13.0563,0.5556,1.1918,0.2494
220,9.169,5,lifter,0.1546,776,1171,1075,1512,-4.5932,0.2127,11.3958,0.4869,1.0424,0.2277
221,9.21,1,lifter,0.8065,198,1067,466,1512,-4.2612,0.1934,10.58,0.4491,0.9626,0.2084
221,9.21,2,lifter,0.667,221,684,350,924,-6.3953,0.3208,15.7827,0.6749,1.4479,0.2993
221,9.21,3,lifter,0.4623,1841,710,1971,918,-4.8958,0.2306,12.136,0.5207,1.1139,0.2434
221,9.21,4,lifter,0.1901,1341,1154,1665,1503,-5.2436,0.2548,12.9695,0.5517,1.1836,0.2476
221,9.21,5,lifter,0.1457,776,1171,1081,1512,-4.6017,0.2132,11.4164,0.4878,1.0443,0.228
222,9.252,1,lifter,0.8046,198,1067,466,1512,-4.2647,0.1936,10.5884,0.4495,0.9634,0.2085
222,9.252,2,lifter,0.6737,222,684,351,924,-6.4086,0.3217,15.8152,0.6763,1.4511,0.3
222,9.252,3,lifter,0.5063,1846,714,1974,916,-4.892,0.2304,12.1268,0.5203,1.1131,0.2432
222,9.252,4,lifter,0.1866,1341,1154,1666,1503,-5.258,0.2557,13.0049,0.5533,1.1869,0.2483
222,9.252,5,lifter,0.1386,776,1171,1081,1512,-4.598,0.213,11.4074,0.4874,1.0434,0.2278
223,9.294,1,lifter,0.806,198,1067,466,1512,-4.2641,0.1935,10.5869,0.4494,0.9633,0.2085
223,9.294,2,lifter,0.6751,221,684,351,924,-6.3996,0.3211,15.7932,0.6753,1.4489,0.2995
223,9.294,3,lifter,0.5356,1845,709,1975,921,-4.9026,0.231,12.1528,0.5215,1.1156,0.2438
223,9.294,4,lifter,0.1927,1341,1153,1665,1504,-5.3003,0.2582,13.1084,0.558,1.1966,0.2503
223,9.294,5,lifter,0.1496,776,1171,1072,1512,-4.5808,0.2119,11.3655,0.4856,1.0395,0.227
224,9.335,1,lifter,0.804,198,1067,466,1512,-4.2653,0.1936,10.5899,0.4496,0.9636,0.2086
224,9.335,2,lifter,0.684,221,684,351,924,-6.3761,0.3197,15.7356,0.6728,1.4435,0.2984
224,9.335,3,lifter,0.6241,1848,713,1977,920,-4.8974,0.2307,12.1399,0.5209,1.1143,0.2435
224,9.335,4,lifter,0.1901,1341,1154,1665,1504,-5.3,0.2581,13.1075,0.5579,1.1965,0.2503
224,9.335,5,lifter,0.1573,776,1171,1064,1512,-4.5696,0.2112,11.3381,0.4844,1.0371,0.2265
225,9.377,1,lifter,0.7981,197,1067,466,1512,-4.2667,0.1937,10.5935,0.4497,0.9639,0.2086
225,9.377,2,lifter,0.6846,221,683,351,924,-6.3848,0.3202,15.757,0.6738,1.4455,0.2988
225,9.377,3,lifter,0.5856,1848,711,1978,919,-4.8925,0.2304,12.1279,0.5203,1.1131,0.2433
225,9.377,4,lifter,0.1923,1341,1154,1665,1504,-5.3045,0.2584,13.1185,0.5584,1.1975,0.2505
225,9.377,5,lifter,0.1412,776,1171,1079,1512,-4.5934,0.2127,11.3961,0.4869,1.0423,0.2276
226,9.419,1,lifter,0.8001,197,1067,466,1512,-4.2671,0.1937,10.5945,0.4498,0.964,0.2086
226,9.419,2,lifter,0.6866,221,683,351,924,-6.415,0.322,15.8307,0.677,1.4525,0.3002
226,9.419,3,lifter,0.6265,1853,712,1981,917,-4.8897,0.2303,12.1212,0.52,1.1125,0.2431
226,9.419,4,lifter,0.1933,1341,1154,1665,1503,-5.2529,0.2553,12.9923,0.5528,1.1857,0.2481
226,9.419,5,lifter,0.1467,776,1171,1078,1512,-4.5926,0.2127,11.3941,0.4868,1.0422,0.2275
227,9.46,1,lifter,0.7984,197,1067,466,1512,-4.2642,0.1935,10.5873,0.4495,0.9633,0.2085
227,9.46,2,lifter,0.6834,221,683,351,924,-6.4152,0.322,15.8312,0.677,1.4525,0.3003
227,9.46,3,lifter,0.6487,1854,714,1984,916,-4.8798,0.2297,12.0969,0.5189,1.1102,0.2426
227,9.46,4,lifter,0.1933,1341,1154,1665,1503,-5.2604,0.2558,13.0107,0.5536,1.1874,0.2484
227,9.46,5,lifter,0.1416,777,1171,1082,1512,-4.5887,0.2125,11.3848,0.4863,1.0412,0.2272
228,9.502,1,lifter,0.7966,197,1067,466,1512,-4.2656,0.1936,10.5908,0.4496,0.9637,0.2086
228,9.502,2,lifter,0.6834,221,683,351,924,-6.4201,0.3223,15.8433,0.6775,1.4537,0.3005
228,9.502,3,lifter,0.6494,1859,711,1986,917,-4.8803,0.2297,12.0982,0.519,1.1103,0.2426
228,9.502,4,lifter,0.1915,1341,1154,1665,1503,-5.2485,0.2551,12.9817,0.5523,1.1847,0.2478
228,9.502,5,lifter,0.1406,777,1171,1082,1512,-4.5927,0.2127,11.3946,0.4868,1.0422,0.2275
229,9.544,1,lifter,0.7983,197,1067,466,1512,-4.2646,0.1936,10.5883,0.4495,0.9634,0.2085
229,9.544,2,lifter,0.6865,221,684,351,924,-6.4164,0.3221,15.8343,0.6772,1.4528,0.3003
229,9.544,3,lifter,0.629,1863,711,1987,918,-4.8809,0.2298,12.0998,0.5191,1.1105,0.2427
229,9.544,4,lifter,0.1955,1341,1154,1665,1503,-5.2556,0.2555,12.9991,0.5531,1.1863,0.2482
229,9.544,5,lifter,0.1457,777,1171,1074,1512,-4.5825,0.212,11.3695,0.4857,1.0399,0.227
230,9.586,1,lifter,0.7993,197,1067,466,1512,-4.2651,0.1936,10.5895,0.4496,0.9635,0.2086
230,9.586,2,lifter,0.6896,221,684,350,924,-6.4348,0.3232,15.8791,0.6791,1.4571,0.3012
230,9.586,3,lifter,0.6798,1863,711,1988,919,-4.8807,0.2298,12.0993,0.519,1.1104,0.2426
230,9.586,4,lifter,0.1964,1341,1154,1666,1503,-5.2592,0.2557,13.0077,0.5535,1.1871,0.2483
230,9.586,5,lifter,0.1433,776,1171,1074,1512,-4.5847,0.2122,11.3749,0.486,1.0404,0.2272
231,9.627,1,lifter,0.7988,197,1067,466,1512,-4.2651,0.1936,10.5897,0.4496,0.9635,0.2086
231,9.627,2,lifter,0.6913,221,684,350,924,-6.4355,0.3232,15.8808,0.6792,1.4572,0.3012
231,9.627,3,lifter,0.6598,1864,710,1989,919,-4.8797,0.2297,12.0967,0.5189,1.1101,0.2426
231,9.627,4,lifter,0.1979,1341,1154,1666,1503,-5.2576,0.2556,13.0039,0.5533,1.1867,0.2483
231,9.627,5,lifter,0.1442,776,1171,1075,1512,-4.5841,0.2121,11.3734,0.4859,1.0402,0.2271
232,9.669,1,lifter,0.7977,197,1067,466,1512,-4.2639,0.1935,10.5865,0.4494,0.9632,0.2085
232,9.669,2,lifter,0.6887,221,684,350,924,-6.4366,0.3233,15.8834,0.6793,1.4575,0.3012
232,9.669,3,lifter,0.5164,1865,710,1990,918,-4.8784,0.2296,12.0934,0.5187,1.1098,0.2425
232,9.669,4,lifter,0.1942,1341,1154,1666,1503,-5.2492,0.2551,12.9832,0.5524,1.1848,0.2478
232,9.669,5,lifter,0.1488,776,1171,1078,1512,-4.5936,0.2127,11.3968,0.4869,1.0424,0.2276
233,9.711,1,lifter,0.8004,197,1067,466,1512,-4.2621,0.1934,10.5823,0.4493,0.9628,0.2084
233,9.711,2,lifter,0.6862,221,684,350,924,-6.4335,0.3231,15.8759,0.679,1.4568,0.3011
233,9.711,3,lifter,0.5198,1870,710,1994,918,-4.8815,0.2298,12.1012,0.5191,1.1106,0.2427
233,9.711,4,lifter,0.1919,1341,1154,1666,1503,-5.2543,0.2554,12.9956,0.553,1.1859,0.248
233,9.711,5,lifter,0.1531,776,1171,1072,1512,-4.5822,0.212,11.3689,0.4857,1.0399,0.2271
234,9.752,1,lifter,0.8008,197,1067,466,1512,-4.2616,0.1934,10.581,0.4492,0.9627,0.2084
234,9.752,2,lifter,0.6797,221,684,350,924,-6.4335,0.3231,15.8759,0.679,1.4568,0.3011
234,9.752,3,lifter,0.5192,1873,709,1996,918,-4.8825,0.2299,12.1037,0.5192,1.1108,0.2427
234,9.752,4,lifter,0.1884,1341,1154,1666,1503,-5.2529,0.2553,12.9922,0.5529,1.1856,0.248
234,9.752,5,lifter,0.1796,1937,722,2003,922,-4.8753,0.2289,12.0828,0.518,1.1089,0.2428
234,9.752,6,lifter,0.1509,776,1171,1070,1512,-4.5783,0.2118,11.3592,0.4853,1.039,0.2269
235,9.794,1,lifter,0.8,197,1067,466,1512,-4.2612,0.1934,10.5799,0.4491,0.9626,0.2084
235,9.794,2,lifter,0.6892,221,684,350,924,-6.443,0.3236,15.899,0.68,1.4589,0.3015
235,9.794,3,lifter,0.5487,1939,732,2001,917,-4.8847,0.23,12.1093,0.5195,1.1114,0.2428
235,9.794,4,lifter,0.4247,1868,714,1992,921,-4.858,0.2282,12.0422,0.5163,1.105,0.2416
235,9.794,5,lifter,0.1878,1341,1153,1666,1503,-5.2504,0.2551,12.9861,0.5526,1.185,0.2479
235,9.794,6,lifter,0.1482,776,1171,1072,1512,-4.5827,0.212,11.37,0.4858,1.04,0.2271
236,9.836,1,lifter,0.8001,197,1067,466,1512,-4.26,0.1933,10.5771,0.449,0.9623,0.2083
236,9.836,2,lifter,0.6885,221,683,350,924,-6.442,0.3236,15.8967,0.6799,1.4587,0.3015
236,9.836,3,lifter,0.5069,1875,708,1999,917,-4.8791,0.2297,12.0954,0.5188,1.11,0.2425
236,9.836,4,lifter,0.1941,1341,1153,1666,1503,-5.2452,0.2548,12.9735,0.5521,1.1838,0.2476
236,9.836,5,lifter,0.1507,776,1171,1077,1512,-4.5898,0.2125,11.3874,0.4865,1.0416,0.2274
236,9.836,6,lifter,0.1446,1948,721,2004,925,-4.8438,0.227,12.0056,0.5144,1.1013,0.2413
237,9.877,1,lifter,0.8017,197,1067,466,1512,-4.2608,0.1933,10.579,0.4491,0.9625,0.2083
237,9.877,2,lifter,0.6864,221,684,350,924,-6.4355,0.3232,15.8808,0.6792,1.4572,0.3012
237,9.877,3,lifter,0.4667,1874,711,1999,921,-4.8785,0.2296,12.0937,0.5187,1.1098,0.2425
237,9.877,4,lifter,0.1912,1341,1154,1666,1503,-5.2579,0.2555,13.0045,0.5535,1.1867,0.2482
237,9.877,5,lifter,0.1511,776,1171,1079,1512,-4.5921,0.2126,11.3929,0.4867,1.042,0.2275
237,9.877,6,lifter,0.1043,1943,719,2006,929,-4.8693,0.2286,12.0682,0.5173,1.1074,0.2425
238,9.919,1,lifter,0.8034,197,1067,466,1512,-4.262,0.1934,10.5818,0.4492,0.9628,0.2084
238,9.919,2,lifter,0.6881,221,683,350,924,-6.4377,0.3233,15.8861,0.6794,1.4577,0.3013
238,9.919,3,lifter,0.4918,1875,713,1992,922,-4.8693,0.2291,12.0712,0.5177,1.1076,0.2419
238,9.919,4,lifter,0.1954,1341,1153,1666,1503,-5.2563,0.2554,13.0007,0.5534,1.1863,0.2481
238,9.919,5,lifter,0.1543,776,1171,1066,1512,-4.5749,0.2116,11.3509,0.4849,1.0382,0.2267
238,9.919,6,lifter,0.1476,1938,725,2008,930,-4.7579,0.2218,11.7944,0.5049,1.0809,0.2373
238,9.919,7,lifter,0.1299,1873,710,1924,914,-4.6399,0.2148,11.5021,0.4914,1.0525,0.2309
239,9.961,1,lifter,0.803,197,1067,466,1512,-4.2595,0.1933,10.5759,0.449,0.9622,0.2083
239,9.961,2,lifter,0.6885,221,683,350,924,-6.4371,0.3233,15.8846,0.6793,1.4576,0.3013
239,9.961,3,lifter,0.5444,1878,712,1930,919,-4.7704,0.2234,11.8288,0.5066,1.0841,0.2366
239,9.961,4,lifter,0.438,1940,727,2010,918,-4.9078,0.2314,12.1659,0.5221,1.1169,0.2441
239,9.961,5,lifter,0.1995,1341,1153,1666,1503,-5.2601,0.2557,13.0098,0.5538,1.1871,0.2482
239,9.961,6,lifter,0.1529,776,1171,1067,1512,-4.5751,0.2116,11.3515,0.4849,1.0382,0.2267
240,10.002,1,lifter,0.8023,197,1067,466,1512,-4.262,0.1934,10.5819,0.4492,0.9628,0.2084
240,10.002,2,lifter,0.689,221,682,350,924,-6.4465,0.3238,15.9075,0.6803,1.4598,0.3017
240,10.002,3,lifter,0.5985,1882,713,1936,924,-4.8193,0.2262,11.9484,0.512,1.0956,0.2392
240,10.002,4,lifter,0.473,1942,727,2010,918,-4.9088,0.2314,12.1683,0.5222,1.1171,0.2441
240,10.002,5,lifter,0.2164,1881,711,2004,916,-4.7721,0.2223,11.8275,0.5062,1.0843,0.2382
240,10.002,6,lifter,0.198,1341,1153,1666,1503,-5.2561,0.2554,13.0003,0.5534,1.1862,0.248
240,10.002,7,lifter,0.1557,777,1171,1066,1512,-4.5767,0.2117,11.3555,0.4851,1.0386,0.2268
241,10.044,1,lifter,0.8027,197,1067,466,1512,-4.261,0.1934,10.5795,0.4491,0.9626,0.2083
241,10.044,2,lifter,0.6901,221,683,350,924,-6.4291,0.3228,15.8651,0.6785,1.4557,0.3009
241,10.044,3,lifter,0.5519,1884,712,1959,924,-4.8603,0.2286,12.049,0.5166,1.1054,0.2414
241,10.044,4,lifter,0.3709,1932,725,2011,919,-4.7947,0.224,11.8853,0.5091,1.0897,0.2391
241,10.044,5,lifter,0.1933,1341,1153,1666,1503,-5.2715,0.2563,13.038,0.5551,1.1897,0.2487
241,10.044,6,lifter,0.1413,776,1171,1078,1512,-4.5902,0.2125,11.3884,0.4865,1.0416,0.2274
242,10.086,1,lifter,0.8031,197,1067,466,1512,-4.2598,0.1933,10.5766,0.449,0.9623,0.2083
242,10.086,2,lifter,0.6895,221,683,350,924,-6.4328,0.323,15.874,0.6789,1.4566,0.3011
242,10.086,3,lifter,0.5361,1884,712,1953,925,-4.8506,0.2281,12.025,0.5155,1.1031,0.2408
242,10.086,4,lifter,0.4436,1933,723,2013,919,-4.8314,0.2262,11.9748,0.5132,1.0984,0.2407
242,10.086,5,lifter,0.192,1341,1153,1666,1503,-5.2893,0.2574,13.0812,0.5571,1.1937,0.2496
242,10.086,6,lifter,0.1493,777,1171,1075,1512,-4.5833,0.2121,11.3716,0.4858,1.0401,0.2271
243,10.127,1,lifter,0.8032,197,1067,466,1512,-4.2602,0.1933,10.5776,0.449,0.9624,0.2083
243,10.127,2,lifter,0.6897,221,683,350,924,-6.4335,0.3231,15.8758,0.679,1.4568,0.3011
243,10.127,3,lifter,0.5818,1887,714,1933,922,-4.7945,0.2248,11.8877,0.5092,1.0897,0.2378
243,10.127,4,lifter,0.4339,1928,719,2012,916,-4.7968,0.2241,11.8907,0.5094,1.0903,0.2393
243,10.127,5,lifter,0.1915,1341,1153,1666,1503,-5.2968,0.2578,13.0996,0.5579,1.1955,0.2499
243,10.127,6,lifter,0.1441,777,1171,1080,1512,-4.5907,0.2126,11.3896,0.4865,1.0417,0.2274
244,10.169,1,lifter,0.8028,197,1067,466,1512,-4.2603,0.1933,10.5778,0.449,0.9624,0.2083
244,10.169,2,lifter,0.6885,220,683,350,924,-6.4225,0.3224,15.849,0.6778,1.4542,0.3005
244,10.169,3,lifter,0.4377,1888,712,1991,918,-4.8772,0.2296,12.0902,0.5185,1.1094,0.2423
244,10.169,4,lifter,0.3214,1936,724,2017,918,-4.8319,0.2263,11.9763,0.5133,1.0985,0.2407
244,10.169,5,lifter,0.1889,1341,1153,1666,1503,-5.2908,0.2575,13.085,0.5573,1.1941,0.2496
244,10.169,6,lifter,0.1431,776,1171,1078,1512,-4.5886,0.2124,11.3844,0.4863,1.0412,0.2273
244,10.169,7,lifter,0.1156,1887,712,1935,872,-4.6262,0.214,11.4707,0.49,1.0493,0.2301
245,10.211,1,lifter,0.8021,197,1067,466,1512,-4.2605,0.1933,10.5784,0.4491,0.9624,0.2083
245,10.211,2,lifter,0.6866,220,683,350,924,-6.4287,0.3227,15.8641,0.6784,1.4556,0.3008
245,10.211,3,lifter,0.4377,1896,712,2016,917,-4.8788,0.2297,12.0944,0.5188,1.1099,0.2424
245,10.211,4,lifter,0.1899,1341,1153,1666,1503,-5.2915,0.2575,13.0865,0.5573,1.1942,0.2497
245,10.211,5,lifter,0.1536,1951,749,2020,916,-4.8721,0.229,12.0764,0.5177,1.1082,0.2425
245,10.211,6,lifter,0.1415,1889,708,1950,904,-4.768,0.2223,11.8175,0.5058,1.083,0.2375
245,10.211,7,lifter,0.1378,776,1171,1086,1512,-4.5892,0.2125,11.3857,0.4863,1.0412,0.2272
246,10.252,1,lifter,0.8021,197,1067,466,1512,-4.2602,0.1933,10.5776,0.449,0.9624,0.2083
246,10.252,2,lifter,0.6836,221,683,350,924,-6.433,0.323,15.8748,0.6789,1.4567,0.3011
246,10.252,3,lifter,0.5235,1899,711,2018,918,-4.8767,0.2296,12.0893,0.5185,1.1094,0.2423
246,10.252,4,lifter,0.3289,1955,740,2022,916,-4.9016,0.2307,12.1485,0.521,1.1151,0.2441
246,10.252,5,lifter,0.1872,1341,1153,1666,1503,-5.2898,0.2574,13.0826,0.5571,1.1938,0.2496
246,10.252,6,lifter,0.1361,775,1171,1088,1512,-4.5823,0.2121,11.369,0.4855,1.0396,0.2268
246,10.252,7,lifter,0.1238,1890,705,1945,923,-4.6936,0.2179,11.6352,0.4975,1.0654,0.2337
247,10.294,1,lifter,0.8014,197,1067,466,1512,-4.2598,0.1933,10.5766,0.449,0.9623,0.2083
247,10.294,2,lifter,0.6897,220,683,350,924,-6.429,0.3228,15.8648,0.6785,1.4557,0.3008
247,10.294,3,lifter,0.5159,1906,714,2018,917,-4.8661,0.229,12.0634,0.5173,1.1069,0.2417
247,10.294,4,lifter,0.2747,1894,710,1940,922,-4.6576,0.2157,11.5453,0.4933,1.0566,0.2314
247,10.294,5,lifter,0.1891,1341,1153,1666,1503,-5.2894,0.2574,13.0817,0.5571,1.1938,0.2496
247,10.294,6,lifter,0.1307,775,1171,1087,1512,-4.5868,0.2124,11.38,0.4861,1.0407,0.2271
248,10.336,1,lifter,0.801,197,1067,466,1512,-4.2599,0.1933,10.5767,0.449,0.9623,0.2083
248,10.336,2,lifter,0.6899,220,683,350,924,-6.4286,0.3227,15.8638,0.6784,1.4556,0.3008
248,10.336,3,lifter,0.5146,1922,714,2021,915,-4.8661,0.229,12.0638,0.5174,1.1069,0.2418
248,10.336,4,lifter,0.4055,1899,705,1953,898,-4.7653,0.2221,11.8109,0.5054,1.0823,0.2373
248,10.336,5,lifter,0.19,1341,1153,1666,1503,-5.2793,0.2568,13.0568,0.556,1.1914,0.2491
248,10.336,6,lifter,0.1353,775,1171,1084,1512,-4.5905,0.2126,11.389,0.4865,1.0416,0.2273
249,10.377,1,lifter,0.8008,197,1067,466,1512,-4.26,0.1933,10.577,0.449,0.9623,0.2083
249,10.377,2,lifter,0.6857,220,684,349,924,-6.4504,0.324,15.917,0.6808,1.4606,0.3018
249,10.377,3,lifter,0.6007,1932,714,2025,916,-4.8591,0.2285,12.0468,0.5167,1.1054,0.2415
249,10.377,4,lifter,0.3711,1900,704,1947,900,-4.7403,0.2207,11.749,0.5025,1.0762,0.2358
249,10.377,5,lifter,0.1923,1341,1153,1666,1503,-5.2758,0.2566,13.0483,0.5556,1.1906,0.2489
249,10.377,6,lifter,0.1333,774,1171,1082,1512,-4.5974,0.213,11.406,0.4873,1.0433,0.2277
250,10.419,1,lifter,0.8009,197,1067,466,1512,-4.2603,0.1933,10.5778,0.449,0.9624,0.2083
250,10.419,2,lifter,0.684,220,684,350,924,-6.424,0.3225,15.8525,0.678,1.4545,0.3006
250,10.419,3,lifter,0.5199,1912,714,2027,916,-4.8548,0.2283,12.0361,0.5161,1.1042,0.2411
250,10.419,4,lifter,0.3091,1901,705,1948,904,-4.6714,0.2166,11.5792,0.4948,1.06,0.2323
250,10.419,5,lifter,0.1913,1341,1153,1666,1503,-5.273,0.2564,13.0415,0.5553,1.19,0.2488
250,10.419,6,lifter,0.1344,774,1171,1081,1512,-4.5962,0.2129,11.4029,0.4871,1.043,0.2277
251,10.461,1,lifter,0.8013,197,1067,466,1512,-4.2578,0.1932,10.5718,0.4488,0.9618,0.2082
251,10.461,2,lifter,0.6852,220,684,350,924,-6.4248,0.3225,15.8545,0.678,1.4547,0.3006
251,10.461,3,lifter,0.4392,1913,712,2028,916,-4.8572,0.2284,12.0418,0.5164,1.1048,0.2413
251,10.461,4,lifter,0.3216,1906,706,1949,887,-4.6373,0.2146,11.4957,0.4911,1.0518,0.2306
251,10.461,5,lifter,0.1927,1341,1153,1667,1503,-5.2709,0.2563,13.0364,0.555,1.1895,0.2487
251,10.461,6,lifter,0.1556,1962,753,2031,920,-4.8058,0.2251,11.9142,0.5104,1.0925,0.2389
251,10.461,7,lifter,0.1349,774,1171,1082,1512,-4.597,0.2129,11.4049,0.4872,1.0431,0.2277
252,10.502,1,lifter,0.801,197,1067,466,1512,-4.2583,0.1932,10.573,0.4488,0.9619,0.2082
252,10.502,2,lifter,0.6809,220,684,350,924,-6.4226,0.3224,15.8491,0.6778,1.4542,0.3005
252,10.502,3,lifter,0.6481,1956,739,2033,917,-4.8704,0.2293,12.0741,0.5178,1.1079,0.2419
252,10.502,4,lifter,0.2107,1906,707,1948,847,-4.5928,0.2131,11.395,0.487,1.0421,0.2269
252,10.502,5,lifter,0.1896,1341,1153,1666,1503,-5.2643,0.2559,13.0202,0.5543,1.188,0.2484
252,10.502,6,lifter,0.1349,774,1171,1082,1512,-4.5982,0.213,11.4079,0.4874,1.0434,0.2278
253,10.544,1,lifter,0.8017,197,1067,466,1512,-4.2574,0.1931,10.5708,0.4487,0.9617,0.2082
253,10.544,2,lifter,0.6855,220,684,349,924,-6.4509,0.324,15.9181,0.6808,1.4607,0.3019
253,10.544,3,lifter,0.4974,1956,733,2035,916,-4.8882,0.2303,12.1178,0.5198,1.1121,0.2429
253,10.544,4,lifter,0.2364,1908,706,1950,865,-4.5537,0.2108,11.2993,0.4826,1.0329,0.2248
253,10.544,5,lifter,0.1891,1341,1153,1666,1503,-5.268,0.2561,13.0293,0.5547,1.1889,0.2486
253,10.544,6,lifter,0.1394,775,1171,1083,1512,-4.5922,0.2127,11.3933,0.4867,1.042,0.2274
253,10.544,7,lifter,0.1226,1908,704,2002,913,-4.7394,0.2203,11.7458,0.5024,1.0764,0.2365
254,10.586,1,lifter,0.8019,197,1067,466,1512,-4.2581,0.1932,10.5724,0.4488,0.9619,0.2082
254,10.586,2,lifter,0.6888,220,684,349,924,-6.4556,0.3243,15.9296,0.6813,1.4618,0.3021
254,10.586,3,lifter,0.4169,1963,733,2037,917,-4.9006,0.231,12.148,0.5212,1.115,0.2436
254,10.586,4,lifter,0.3183,1910,711,2020,916,-4.8008,0.2246,11.9014,0.5098,1.0913,0.239
254,10.586,5,lifter,0.3162,1910,705,1956,890,-4.6208,0.2137,11.4584,0.4896,1.0484,0.2298
254,10.586,6,lifter,0.19,1341,1153,1666,1503,-5.2662,0.256,13.0248,0.5545,1.1885,0.2485
254,10.586,7,lifter,0.1377,775,1171,1086,1512,-4.5909,0.2126,11.3901,0.4865,1.0417,0.2273
255,10.627,1,lifter,0.799,197,1067,466,1512,-4.2564,0.1931,10.5682,0.4486,0.9615,0.2081
255,10.627,2,lifter,0.6929,220,684,348,924,-6.4832,0.3259,15.9971,0.6843,1.4682,0.3034
255,10.627,3,lifter,0.2729,1914,716,2034,915,-4.8484,0.228,12.0203,0.5154,1.1027,0.2408
255,10.627,4,lifter,0.2575,1910,711,1954,853,-4.4987,0.2064,11.1557,0.4758,1.0193,0.2232
255,10.627,5,lifter,0.1936,1341,1153,1666,1503,-5.2659,0.256,13.0241,0.5545,1.1884,0.2485
255,10.627,6,lifter,0.1395,775,1171,1084,1512,-4.5894,0.2125,11.3865,0.4864,1.0413,0.2273
255,10.627,7,lifter,0.1125,1972,738,2041,909,-4.8899,0.2299,12.119,0.5196,1.1123,0.2435
256,10.669,1,lifter,0.7992,197,1067,466,1512,-4.257,0.1931,10.5699,0.4487,0.9616,0.2082
256,10.669,2,lifter,0.6932,220,684,348,924,-6.4812,0.3258,15.9923,0.6841,1.4677,0.3033
256,10.669,3,lifter,0.2166,1989,748,2042,902,-4.8679,0.2291,12.068,0.5175,1.1073,0.2417
256,10.669,4,lifter,0.1947,1341,1153,1666,1503,-5.2647,0.2559,13.0211,0.5543,1.1881,0.2484
256,10.669,5,lifter,0.1915,1912,714,2017,914,-4.7802,0.2236,11.8515,0.5076,1.0865,0.2376
256,10.669,6,lifter,0.1496,776,1171,1078,1512,-4.5874,0.2124,11.3816,0.4862,1.041,0.2273
256,10.669,7,lifter,0.1431,1911,713,1955,855,-4.4569,0.204,11.0558,0.4712,1.0093,0.2211
257,10.711,1,lifter,0.7986,197,1067,466,1512,-4.258,0.1932,10.5722,0.4488,0.9619,0.2082
257,10.711,2,lifter,0.6976,220,684,348,924,-6.4835,0.3259,15.9979,0.6843,1.4683,0.3034
257,10.711,3,lifter,0.3763,1986,747,2044,906,-4.8869,0.2302,12.1146,0.5196,1.1118,0.2427
257,10.711,4,lifter,0.1931,1341,1153,1666,1503,-5.2699,0.2562,13.034,0.5549,1.1893,0.2486
257,10.711,5,lifter,0.1497,775,1171,1080,1512,-4.5915,0.2126,11.3915,0.4866,1.0419,0.2274
257,10.711,6,lifter,0.144,1918,704,1997,908,-4.809,0.2254,11.9223,0.5108,1.0933,0.2389
257,10.711,7,lifter,0.1173,1948,722,2031,914,-4.711,0.2189,11.6777,0.4993,1.0696,0.2347
258,10.752,1,lifter,0.8001,197,1067,466,1512,-4.2583,0.1932,10.5728,0.4488,0.9619,0.2082
258,10.752,2,lifter,0.6958,219,684,349,924,-6.463,0.3247,15.9478,0.6821,1.4635,0.3024
258,10.752,3,lifter,0.4215,1985,741,2047,913,-4.881,0.2299,12.1,0.519,1.1104,0.2424
258,10.752,4,lifter,0.2368,1920,704,1983,906,-4.8014,0.2253,11.9051,0.5101,1.0915,0.2382
258,10.752,5,lifter,0.1979,1341,1153,1666,1503,-5.2686,0.2562,13.0307,0.5548,1.189,0.2486
258,10.752,6,lifter,0.1519,1934,724,2040,916,-4.7159,0.2193,11.6914,0.5002,1.0709,0.2349
258,10.752,7,lifter,0.1364,775,1171,1089,1512,-4.5735,0.2116,11.3474,0.4846,1.0375,0.2264
258,10.752,8,lifter,0.1179,1914,702,1962,849,-4.6356,0.2141,11.4903,0.4909,1.0519,0.2308
259,10.794,1,lifter,0.7987,197,1067,466,1512,-4.2567,0.1931,10.569,0.4487,0.9616,0.2081
259,10.794,2,lifter,0.693,219,684,349,924,-6.4681,0.325,15.9603,0.6827,1.4647,0.3026
259,10.794,3,lifter,0.5806,1984,741,2048,915,-4.8785,0.2298,12.0939,0.5187,1.1098,0.2423
259,10.794,4,lifter,0.2632,1915,712,1963,916,-4.7398,0.2216,11.7541,0.5032,1.0769,0.2349
259,10.794,5,lifter,0.193,1341,1153,1666,1503,-5.2691,0.2562,13.0321,0.5548,1.1891,0.2486
259,10.794,6,lifter,0.1337,775,1170,1090,1512,-4.5741,0.2116,11.349,0.4846,1.0376,0.2264
260,10.836,1,lifter,0.7972,197,1067,466,1512,-4.2577,0.1932,10.5715,0.4488,0.9618,0.2082
260,10.836,2,lifter,0.6934,220,684,349,924,-6.4685,0.3251,15.9612,0.6827,1.4648,0.3027
260,10.836,3,lifter,0.5593,1916,710,1965,919,-4.7598,0.2228,11.8031,0.5054,1.0816,0.236
260,10.836,4,lifter,0.373,1984,739,2050,916,-4.8806,0.2299,12.0992,0.519,1.1103,0.2424
260,10.836,5,lifter,0.1955,1341,1153,1666,1503,-5.2645,0.2559,13.0208,0.5543,1.1881,0.2484
260,10.836,6,lifter,0.1337,776,1170,1089,1512,-4.5808,0.212,11.3653,0.4854,1.0392,0.2267
261,10.877,1,lifter,0.7977,197,1067,466,1512,-4.2579,0.1932,10.5721,0.4488,0.9619,0.2082
261,10.877,2,lifter,0.6944,219,684,349,924,-6.4789,0.3257,15.9866,0.6838,1.4672,0.3032
261,10.877,3,lifter,0.4837,1920,710,1965,918,-4.7608,0.2229,11.8054,0.5055,1.0819,0.236
261,10.877,4,lifter,0.4717,1988,742,2055,908,-4.8838,0.2301,12.107,0.5193,1.1111,0.2426
261,10.877,5,lifter,0.191,1341,1153,1666,1503,-5.2699,0.2562,13.034,0.5549,1.1893,0.2486
261,10.877,6,lifter,0.1386,775,1170,1086,1512,-4.6008,0.2132,11.4142,0.4876,1.044,0.2278
261,10.877,7,lifter,0.1248,1922,726,2050,915,-4.7251,0.2198,11.7142,0.5012,1.0733,0.2356
262,10.919,1,lifter,0.8003,197,1067,466,1512,-4.2587,0.1932,10.5739,0.4489,0.962,0.2082
262,10.919,2,lifter,0.6967,219,683,348,924,-6.5234,0.3282,16.0952,0.6885,1.4774,0.3053
262,10.919,3,lifter,0.4806,1997,743,2056,903,-4.8577,0.2285,12.0432,0.5164,1.1049,0.2412
262,10.919,4,lifter,0.2293,1922,712,1978,918,-4.7518,0.2223,11.7836,0.5045,1.0798,0.2356
262,10.919,5,lifter,0.1935,1341,1153,1666,1503,-5.2713,0.2563,13.0374,0.5551,1.1896,0.2487
262,10.919,6,lifter,0.1428,775,1171,1082,1512,-4.5945,0.2128,11.3988,0.487,1.0426,0.2276
263,10.961,1,lifter,0.8009,197,1067,466,1512,-4.2584,0.1932,10.5732,0.4488,0.962,0.2082
263,10.961,2,lifter,0.6961,219,684,349,924,-6.4878,0.3262,16.0083,0.6848,1.4692,0.3036
263,10.961,3,lifter,0.5392,1982,737,2058,916,-4.8984,0.2309,12.1425,0.5209,1.1145,0.2434
263,10.961,4,lifter,0.2683,1928,713,1972,917,-4.6618,0.2171,11.5632,0.4945,1.0584,0.2306
263,10.961,5,lifter,0.1914,1341,1153,1666,1503,-5.2686,0.2562,13.0308,0.5548,1.189,0.2486
263,10.961,6,lifter,0.1338,775,1170,1088,1512,-4.5885,0.2125,11.3841,0.4862,1.0411,0.2272
264,11.003,1,lifter,0.8008,197,1067,466,1512,-4.2574,0.1931,10.5708,0.4487,0.9617,0.2082
264,11.003,2,lifter,0.6938,220,684,349,924,-6.4856,0.3261,16.0029,0.6845,1.4687,0.3035
264,11.003,3,lifter,0.4788,1981,734,2058,916,-4.894,0.2307,12.1319,0.5204,1.1134,0.2431
264,11.003,4,lifter,0.2578,1932,714,2017,916,-4.7926,0.2243,11.8812,0.5089,1.0893,0.2382
264,11.003,5,lifter,0.1963,1341,1153,1666,1503,-5.2629,0.2558,13.0169,0.5542,1.1877,0.2483
264,11.003,6,lifter,0.157,1929,709,1974,896,-4.4711,0.2048,11.0877,0.4724,1.0124,0.2216
264,11.003,7,lifter,0.1348,775,1171,1088,1512,-4.5849,0.2123,11.3752,0.4858,1.0402,0.227
265,11.044,1,lifter,0.799,197,1067,466,1512,-4.2581,0.1932,10.5725,0.4488,0.9619,0.2082
265,11.044,2,lifter,0.698,219,684,348,924,-6.5224,0.3282,16.0928,0.6885,1.4772,0.3052
265,11.044,3,lifter,0.5456,1989,739,2059,911,-4.8756,0.2296,12.0868,0.5184,1.1091,0.2421
265,11.044,4,lifter,0.4656,1931,717,1977,913,-4.6217,0.2147,11.4654,0.4901,1.049,0.2286
265,11.044,5,lifter,0.1912,1341,1153,1666,1503,-5.2639,0.2559,13.0194,0.5543,1.1879,0.2484
265,11.044,6,lifter,0.1367,775,1171,1084,1512,-4.5917,0.2126,11.392,0.4866,1.0419,0.2274
266,11.086,1,lifter,0.7976,197,1067,466,1512,-4.2595,0.1933,10.5759,0.449,0.9622,0.2083
266,11.086,2,lifter,0.6989,219,684,348,924,-6.5209,0.3281,16.0893,0.6883,1.4769,0.3052
266,11.086,3,lifter,0.5953,1990,740,2061,903,-4.8635,0.2289,12.0573,0.517,1.1062,0.2415
266,11.086,4,lifter,0.2924,1933,715,1998,913,-4.7913,0.2242,11.8778,0.5086,1.0889,0.238
266,11.086,5,lifter,0.1899,1341,1153,1666,1503,-5.2597,0.2556,13.0091,0.5538,1.187,0.2482
266,11.086,6,lifter,0.1332,775,1171,1082,1512,-4.5949,0.2128,11.3999,0.487,1.0427,0.2276
267,11.128,1,lifter,0.7979,197,1067,466,1512,-4.2592,0.1932,10.5752,0.4489,0.9622,0.2083
267,11.128,2,lifter,0.6992,219,684,348,924,-6.5229,0.3282,16.0941,0.6885,1.4773,0.3053
267,11.128,3,lifter,0.672,1995,742,2063,899,-4.8597,0.2287,12.048,0.5166,1.1053,0.2412
267,11.128,4,lifter,0.2409,1933,715,1986,909,-4.6578,0.2169,11.5539,0.4941,1.0575,0.2304
267,11.128,5,lifter,0.1931,1341,1153,1666,1503,-5.2617,0.2558,13.014,0.554,1.1874,0.2482
267,11.128,6,lifter,0.1413,775,1171,1081,1512,-4.5971,0.2129,11.4051,0.4872,1.0432,0.2277
267,11.128,7,lifter,0.1063,1935,726,2063,912,-4.7266,0.2199,11.7171,0.5013,1.0734,0.2354
268,11.169,1,lifter,0.799,197,1067,466,1512,-4.2581,0.1932,10.5725,0.4488,0.9619,0.2082
268,11.169,2,lifter,0.7,219,684,348,924,-6.5248,0.3283,16.0986,0.6887,1.4778,0.3054
268,11.169,3,lifter,0.4423,2001,745,2065,909,-4.8525,0.2283,12.0304,0.5157,1.1036,0.2408
268,11.169,4,lifter,0.1951,1341,1153,1666,1503,-5.2625,0.2558,13.016,0.5541,1.1876,0.2483
268,11.169,5,lifter,0.1331,775,1171,1091,1512,-4.5681,0.2113,11.3342,0.4839,1.0362,0.226
269,11.211,1,lifter,0.7986,197,1067,466,1512,-4.258,0.1932,10.5723,0.4488,0.9619,0.2082
269,11.211,2,lifter,0.6972,220,684,348,924,-6.5218,0.3282,16.0914,0.6884,1.4771,0.3052
269,11.211,3,lifter,0.5509,2004,739,2066,913,-4.8797,0.2299,12.0969,0.5188,1.11,0.2422
269,11.211,4,lifter,0.199,1341,1153,1666,1503,-5.2612,0.2557,13.0127,0.554,1.1873,0.2482
269,11.211,5,lifter,0.1327,775,1171,1091,1512,-4.5692,0.2113,11.3368,0.4841,1.0364,0.2261
270,11.253,1,lifter,0.7985,197,1067,466,1512,-4.2577,0.1932,10.5714,0.4488,0.9618,0.2082
270,11.253,2,lifter,0.6962,220,683,348,924,-6.5328,0.3288,16.1183,0.6895,1.4796,0.3058
270,11.253,3,lifter,0.6195,2007,742,2068,909,-4.8712,0.2294,12.076,0.5178,1.1079,0.2417
270,11.253,4,lifter,0.2005,1341,1153,1666,1503,-5.2606,0.2557,13.0111,0.5539,1.1872,0.2482
270,11.253,5,lifter,0.1395,775,1171,1085,1512,-4.5933,0.2127,11.3959,0.4868,1.0422,0.2274
271,11.294,1,lifter,0.7982,197,1067,466,1512,-4.2588,0.1932,10.5743,0.4489,0.9621,0.2082
271,11.294,2,lifter,0.6947,220,683,348,924,-6.5321,0.3287,16.1167,0.6895,1.4795,0.3057
271,11.294,3,lifter,0.6807,2009,742,2070,911,-4.8756,0.2297,12.0868,0.5183,1.109,0.2419
271,11.294,4,lifter,0.1933,1341,1153,1667,1503,-5.2631,0.2558,13.0174,0.5542,1.1877,0.2483
271,11.294,5,lifter,0.1353,775,1171,1085,1512,-4.5949,0.2128,11.3998,0.487,1.0426,0.2275
272,11.336,1,lifter,0.7988,197,1067,466,1512,-4.2587,0.1932,10.5738,0.4489,0.962,0.2082
272,11.336,2,lifter,0.6954,220,683,348,924,-6.5365,0.329,16.1272,0.6899,1.4805,0.3059
272,11.336,3,lifter,0.6414,2009,742,2072,901,-4.8833,0.2301,12.1057,0.5192,1.1108,0.2424
272,11.336,4,lifter,0.1942,1341,1153,1666,1503,-5.2642,0.2559,13.0201,0.5543,1.188,0.2484
272,11.336,5,lifter,0.1588,1935,717,1982,909,-4.6176,0.2145,11.4555,0.4897,1.0481,0.2284
272,11.336,6,lifter,0.1316,775,1171,1088,1512,-4.5865,0.2124,11.3792,0.486,1.0406,0.227
273,11.378,1,lifter,0.7985,197,1067,466,1512,-4.2589,0.1932,10.5745,0.4489,0.9621,0.2082
273,11.378,2,lifter,0.693,220,683,348,924,-6.536,0.329,16.1261,0.6899,1.4804,0.3059
273,11.378,3,lifter,0.6653,2016,742,2073,897,-4.8817,0.23,12.1018,0.519,1.1104,0.2423
273,11.378,4,lifter,0.1953,1341,1153,1666,1503,-5.264,0.2559,13.0195,0.5543,1.188,0.2484
273,11.378,5,lifter,0.1316,775,1171,1090,1512,-4.5726,0.2115,11.3452,0.4844,1.0373,0.2263
274,11.419,1,lifter,0.7988,197,1067,466,1512,-4.2573,0.1931,10.5704,0.4487,0.9617,0.2082
274,11.419,2,lifter,0.6969,2017,743,2075,897,-4.8777,0.2298,12.0919,0.5185,1.1095,0.2421
274,11.419,3,lifter,0.695,219,683,348,924,-6.5387,0.3291,16.1327,0.6902,1.481,0.306
274,11.419,4,lifter,0.1961,1341,1153,1666,1503,-5.2669,0.2561,13.0265,0.5546,1.1886,0.2485
274,11.419,5,lifter,0.1313,775,1171,1089,1512,-4.5787,0.2119,11.3602,0.4851,1.0387,0.2266
274,11.419,6,lifter,0.1043,1947,721,1992,866,-4.6866,0.2185,11.6246,0.4974,1.0645,0.2321
275,11.461,1,lifter,0.8005,197,1067,466,1512,-4.2592,0.1932,10.575,0.4489,0.9621,0.2083
275,11.461,2,lifter,0.6903,221,684,349,924,-6.5043,0.3272,16.0487,0.6865,1.4731,0.3045
275,11.461,3,lifter,0.6008,2013,741,2077,913,-4.8894,0.2305,12.1205,0.5198,1.1122,0.2427
275,11.461,4,lifter,0.1968,1341,1153,1666,1503,-5.2638,0.2559,13.0191,0.5542,1.1879,0.2484
275,11.461,5,lifter,0.1326,775,1171,1086,1512,-4.597,0.213,11.4049,0.4872,1.0431,0.2276
275,11.461,6,lifter,0.1305,1949,717,2003,888,-4.7878,0.2245,11.8719,0.5085,1.0883,0.2374
276,11.503,1,lifter,0.8006,197,1066,466,1512,-4.2595,0.1933,10.5759,0.449,0.9622,0.2083
276,11.503,2,lifter,0.6809,221,684,348,924,-6.5534,0.33,16.1685,0.6918,1.4844,0.3068
276,11.503,3,lifter,0.6408,2016,744,2080,897,-4.8759,0.2297,12.0875,0.5183,1.1091,0.242
276,11.503,4,lifter,0.1914,1341,1153,1666,1503,-5.2595,0.2556,13.0084,0.5538,1.1869,0.2481
276,11.503,5,lifter,0.181,1950,717,2003,897,-4.7392,0.2217,11.7531,0.5031,1.0768,0.2348
276,11.503,6,lifter,0.1299,776,1171,1086,1512,-4.5895,0.2125,11.3866,0.4863,1.0413,0.2272
277,11.544,1,lifter,0.8001,197,1066,466,1512,-4.2596,0.1933,10.5761,0.449,0.9622,0.2083
277,11.544,2,lifter,0.6866,220,684,348,924,-6.5553,0.3301,16.1733,0.692,1.4848,0.3069
277,11.544,3,lifter,0.6518,2015,743,2081,895,-4.8769,0.2297,12.09,0.5185,1.1093,0.2421
277,11.544,4,lifter,0.1943,1341,1153,1666,1503,-5.2597,0.2556,13.0091,0.5538,1.187,0.2481
277,11.544,5,lifter,0.1536,1953,717,2004,895,-4.7645,0.2232,11.8149,0.5059,1.0827,0.2361
277,11.544,6,lifter,0.1297,776,1171,1085,1512,-4.591,0.2126,11.3904,0.4865,1.0417,0.2273
278,11.586,1,lifter,0.7999,197,1067,466,1512,-4.2625,0.1934,10.5832,0.4493,0.9629,0.2084
278,11.586,2,lifter,0.6825,220,684,348,924,-6.5545,0.3301,16.1712,0.6919,1.4847,0.3068
278,11.586,3,lifter,0.629,2016,740,2082,895,-4.8904,0.2305,12.123,0.52,1.1125,0.2428
278,11.586,4,lifter,0.1892,1341,1153,1666,1503,-5.2611,0.2557,13.0125,0.554,1.1873,0.2482
278,11.586,5,lifter,0.1837,1953,716,1998,862,-4.5913,0.213,11.3916,0.4868,1.0419,0.227
278,11.586,6,lifter,0.1356,777,1170,1087,1512,-4.5925,0.2127,11.3938,0.4867,1.042,0.2274
279,11.628,1,lifter,0.7994,197,1067,466,1512,-4.2624,0.1934,10.5828,0.4493,0.9629,0.2084
279,11.628,2,lifter,0.687,221,684,348,924,-6.5627,0.3306,16.1913,0.6928,1.4866,0.3072
279,11.628,3,lifter,0.6453,2017,741,2083,892,-4.8897,0.2305,12.1212,0.5199,1.1123,0.2428
279,11.628,4,lifter,0.2258,1958,730,2079,904,-4.7719,0.2229,11.8306,0.5066,1.0844,0.2374
279,11.628,5,lifter,0.2022,1953,716,2000,873,-4.6426,0.2149,11.5097,0.4916,1.0533,0.2308
279,11.628,6,lifter,0.1889,1341,1153,1666,1503,-5.263,0.2558,13.017,0.5542,1.1877,0.2483
279,11.628,7,lifter,0.1301,778,1170,1091,1512,-4.568,0.2113,11.3339,0.4839,1.0362,0.226
280,11.669,1,lifter,0.7984,197,1067,466,1512,-4.2625,0.1934,10.5832,0.4493,0.9629,0.2084
280,11.669,2,lifter,0.686,221,684,349,924,-6.5358,0.329,16.1257,0.6899,1.4804,0.306
280,11.669,3,lifter,0.5738,2030,743,2084,893,-4.8735,0.2296,12.0816,0.5181,1.1085,0.2418
280,11.669,4,lifter,0.1883,1341,1153,1666,1503,-5.2611,0.2557,13.0123,0.5539,1.1873,0.2482
280,11.669,5,lifter,0.1625,1954,717,2002,864,-4.604,0.2137,11.4226,0.4883,1.045,0.2277
280,11.669,6,lifter,0.1262,777,1170,1093,1512,-4.5547,0.2105,11.3013,0.4825,1.033,0.2253
281,11.711,1,lifter,0.7977,197,1067,466,1512,-4.2617,0.1934,10.5813,0.4492,0.9627,0.2084
281,11.711,2,lifter,0.7333,2033,743,2086,891,-4.868,0.2293,12.0683,0.5175,1.1072,0.2415
281,11.711,3,lifter,0.6884,221,684,349,924,-6.5396,0.3292,16.135,0.6903,1.4813,0.3062
281,11.711,4,lifter,0.1913,1341,1153,1666,1503,-5.2597,0.2556,13.0089,0.5538,1.187,0.2481
281,11.711,5,lifter,0.1676,1974,732,2082,906,-4.7928,0.2242,11.8816,0.5089,1.0894,0.2383
281,11.711,6,lifter,0.1326,1957,716,2008,866,-4.6144,0.2133,11.441,0.4885,1.0465,0.2295
281,11.711,7,lifter,0.1273,777,1170,1092,1512,-4.5645,0.2111,11.3253,0.4835,1.0353,0.2259
282,11.753,1,lifter,0.8145,2030,742,2088,893,-4.8707,0.2294,12.0748,0.5178,1.1078,0.2417
282,11.753,2,lifter,0.7992,197,1067,466,1512,-4.2617,0.1934,10.5811,0.4492,0.9627,0.2084
282,11.753,3,lifter,0.6797,221,684,349,924,-6.5367,0.3291,16.1278,0.69,1.4806,0.306
282,11.753,4,lifter,0.1899,1341,1153,1666,1503,-5.2589,0.2556,13.0071,0.5537,1.1868,0.2481
282,11.753,5,lifter,0.1617,1980,733,2084,911,-4.7675,0.2225,11.8192,0.506,1.0833,0.2373
282,11.753,6,lifter,0.1606,1966,715,2031,894,-4.6891,0.2176,11.6248,0.497,1.0646,0.2336
282,11.753,7,lifter,0.127,777,1170,1093,1512,-4.5553,0.2105,11.3029,0.4825,1.0332,0.2254
283,11.794,1,lifter,0.7991,197,1067,466,1512,-4.2617,0.1934,10.5811,0.4492,0.9627,0.2084
283,11.794,2,lifter,0.7409,2027,742,2091,896,-4.8685,0.2293,12.0695,0.5175,1.1073,0.2416
283,11.794,3,lifter,0.6768,221,684,349,924,-6.5595,0.3304,16.1835,0.6924,1.4859,0.3071
283,11.794,4,lifter,0.1893,1341,1153,1666,1503,-5.2608,0.2557,13.0117,0.5539,1.1872,0.2482
283,11.794,5,lifter,0.1484,1967,717,2023,870,-4.656,0.2168,11.5501,0.494,1.0573,0.2304
283,11.794,6,lifter,0.135,777,1170,1086,1512,-4.5961,0.2129,11.4028,0.4871,1.0428,0.2276
284,11.836,1,lifter,0.7988,197,1067,466,1512,-4.2599,0.1933,10.5768,0.449,0.9623,0.2083
284,11.836,2,lifter,0.6766,221,684,349,924,-6.5611,0.3305,16.1875,0.6926,1.4862,0.3072
284,11.836,3,lifter,0.5558,2025,741,2092,897,-4.8633,0.229,12.0568,0.517,1.1061,0.2413
284,11.836,4,lifter,0.1984,1961,721,2061,910,-4.7406,0.2211,11.7542,0.5032,1.077,0.2358
284,11.836,5,lifter,0.1847,1341,1153,1666,1503,-5.2604,0.2557,13.0107,0.5539,1.1871,0.2482
284,11.836,6,lifter,0.1447,1967,715,2019,884,-4.6943,0.2186,11.642,0.4981,1.0663,0.233
284,11.836,7,lifter,0.1353,777,1170,1085,1512,-4.599,0.2131,11.4099,0.4874,1.0436,0.2277
285,11.878,1,lifter,0.7981,197,1067,466,1512,-4.2598,0.1933,10.5765,0.449,0.9623,0.2083
285,11.878,2,lifter,0.68,221,684,349,924,-6.5504,0.3299,16.1612,0.6915,1.4838,0.3067
285,11.878,3,lifter,0.6311,2032,742,2094,896,-4.841,0.2276,12.0021,0.5145,1.1008,0.2401
285,11.878,4,lifter,0.222,1967,716,2014,870,-4.4245,0.2032,10.9839,0.4684,1.0026,0.2181
285,11.878,5,lifter,0.1822,1967,733,2091,905,-4.6632,0.2159,11.5619,0.4943,1.0587,0.2324
285,11.878,6,lifter,0.1815,1341,1153,1666,1502,-5.2278,0.2537,12.931,0.5503,1.1796,0.2466
285,11.878,7,lifter,0.1252,777,1170,1092,1512,-4.5641,0.211,11.3243,0.4835,1.0352,0.2258
286,11.919,1,lifter,0.7978,197,1067,466,1512,-4.2615,0.1934,10.5808,0.4492,0.9627,0.2084
286,11.919,2,lifter,0.6788,221,684,349,924,-6.5551,0.3301,16.1729,0.692,1.4849,0.3069
286,11.919,3,lifter,0.6448,2028,742,2095,896,-4.8386,0.2275,11.9964,0.5142,1.1002,0.24
286,11.919,4,lifter,0.2795,1962,717,2009,848,-4.4113,0.2025,10.9513,0.4668,0.9995,0.2173
286,11.919,5,lifter,0.1878,1341,1153,1666,1503,-5.2615,0.2557,13.0133,0.554,1.1874,0.2482
286,11.919,6,lifter,0.1329,777,1170,1085,1512,-4.5989,0.2131,11.4095,0.4874,1.0435,0.2277
287,11.961,1,lifter,0.7975,197,1067,466,1512,-4.2615,0.1934,10.5809,0.4492,0.9627,0.2084
287,11.961,2,lifter,0.6936,2034,742,2097,894,-4.8155,0.2262,11.9399,0.5116,1.0948,0.2387
287,11.961,3,lifter,0.6808,221,683,349,924,-6.5645,0.3307,16.1957,0.6929,1.487,0.3073
287,11.961,4,lifter,0.1927,1961,718,2011,901,-4.4255,0.2032,10.986,0.4686,1.0029,0.2183
287,11.961,5,lifter,0.1877,1341,1153,1666,1503,-5.2642,0.2559,13.02,0.5543,1.188,0.2484
287,11.961,6,lifter,0.1339,777,1171,1084,1512,-4.5905,0.2126,11.389,0.4865,1.0415,0.2273
288,12.003,1,lifter,0.7966,197,1067,466,1512,-4.2608,0.1933,10.579,0.4491,0.9625,0.2083
288,12.003,2,lifter,0.6807,221,683,349,924,-6.5707,0.331,16.211,0.6936,1.4885,0.3076
288,12.003,3,lifter,0.6484,2033,740,2099,897,-4.832,0.2271,11.9802,0.5135,1.0987,0.2396
288,12.003,4,lifter,0.1935,1341,1153,1666,1503,-5.264,0.2559,13.0195,0.5543,1.188,0.2484
288,12.003,5,lifter,0.1342,777,1170,1087,1512,-4.5938,0.2128,11.3971,0.4868,1.0423,0.2274
288,12.003,6,lifter,0.132,1969,713,2014,866,-4.4154,0.2027,10.9613,0.4674,1.0004,0.2176
288,12.003,7,lifter,0.1094,1967,719,2072,909,-4.6213,0.2133,11.4582,0.4894,1.0489,0.2305
289,12.044,1,lifter,0.7978,197,1067,466,1512,-4.2609,0.1933,10.5793,0.4491,0.9625,0.2083
289,12.044,2,lifter,0.6958,2032,741,2100,894,-4.8044,0.2255,11.9128,0.5104,1.0922,0.2382
289,12.044,3,lifter,0.6841,221,683,349,924,-6.5655,0.3307,16.1983,0.6931,1.4873,0.3074
289,12.044,4,lifter,0.2567,1970,711,2014,854,-4.5416,0.2101,11.2699,0.4812,1.0301,0.2242
289,12.044,5,lifter,0.1901,1341,1153,1666,1503,-5.2647,0.2559,13.0212,0.5543,1.1881,0.2484
289,12.044,6,lifter,0.1265,777,1170,1093,1512,-4.5566,0.2106,11.3059,0.4827,1.0334,0.2254
290,12.086,1,lifter,0.7974,197,1067,466,1512,-4.2632,0.1935,10.585,0.4494,0.9631,0.2085
290,12.086,2,lifter,0.683,221,683,349,924,-6.5648,0.3307,16.1966,0.693,1.4871,0.3074
290,12.086,3,lifter,0.6443,2034,740,2102,896,-4.7897,0.2247,11.8769,0.5088,1.0887,0.2374
290,12.086,4,lifter,0.1827,1341,1153,1666,1503,-5.2616,0.2557,13.0135,0.554,1.1874,0.2482
290,12.086,5,lifter,0.14,1971,713,2017,862,-4.419,0.2029,10.9697,0.4677,1.0011,0.2177
290,12.086,6,lifter,0.1344,777,1170,1089,1512,-4.5827,0.2121,11.37,0.4856,1.0397,0.2268
291,12.128,1,lifter,0.7974,197,1067,466,1512,-4.2636,0.1935,10.5859,0.4494,0.9632,0.2085
291,12.128,2,lifter,0.6844,221,683,349,924,-6.5648,0.3307,16.1964,0.693,1.4871,0.3074
291,12.128,3,lifter,0.6736,2033,740,2103,892,-4.7879,0.2246,11.8724,0.5086,1.0883,0.2373
291,12.128,4,lifter,0.1822,1341,1153,1666,1503,-5.256,0.2554,12.9999,0.5534,1.1861,0.248
291,12.128,5,lifter,0.1334,777,1170,1087,1512,-4.5915,0.2126,11.3915,0.4865,1.0418,0.2273
291,12.128,6,lifter,0.1157,1973,713,2019,864,-4.413,0.2026,10.9548,0.4669,0.9996,0.2173
292,12.169,1,lifter,0.7982,197,1067,466,1512,-4.2629,0.1935,10.5842,0.4493,0.963,0.2085
292,12.169,2,lifter,0.7022,2033,738,2104,893,-4.7893,0.2246,11.8758,0.5087,1.0886,0.2374
292,12.169,3,lifter,0.6816,221,683,349,924,-6.5647,0.3307,16.1963,0.693,1.4871,0.3074
292,12.169,4,lifter,0.1843,1341,1153,1666,1503,-5.2527,0.2552,12.992,0.553,1.1854,0.2478
292,12.169,5,lifter,0.1481,1973,714,2017,856,-4.4132,0.2025,10.9554,0.4669,0.9996,0.2173
292,12.169,6,lifter,0.1263,777,1170,1094,1512,-4.5546,0.2105,11.3011,0.4824,1.033,0.2253
293,12.211,1,lifter,0.7971,197,1067,466,1512,-4.2615,0.1934,10.5807,0.4492,0.9627,0.2084
293,12.211,2,lifter,0.7454,2031,739,2104,890,-4.7921,0.2248,11.8826,0.5091,1.0892,0.2375
293,12.211,3,lifter,0.6815,221,683,349,924,-6.5645,0.3307,16.1956,0.6929,1.487,0.3073
293,12.211,4,lifter,0.1805,1341,1153,1666,1503,-5.2511,0.2551,12.9879,0.5529,1.185,0.2477
293,12.211,5,lifter,0.1413,1974,716,2018,855,-4.4485,0.2046,11.0421,0.4708,1.0079,0.2191
293,12.211,6,lifter,0.1251,777,1170,1094,1512,-4.5548,0.2105,11.3015,0.4825,1.033,0.2253
294,12.253,1,lifter,0.8049,197,1066,466,1512,-4.2769,0.1943,10.6184,0.4509,0.9664,0.2093
294,12.253,2,lifter,0.7314,218,680,349,925,-6.7582,0.342,16.6689,0.7137,1.5317,0.3166
294,12.253,3,lifter,0.6956,2035,737,2107,894,-4.8321,0.2272,11.9804,0.5135,1.0987,0.2396
294,12.253,4,lifter,0.1994,1340,1153,1666,1504,-5.2674,0.2561,13.0278,0.5545,1.189,0.2487
294,12.253,5,lifter,0.1526,777,1171,1064,1512,-4.5767,0.2116,11.3553,0.4852,1.0387,0.2269
295,12.294,1,lifter,0.8041,197,1066,466,1512,-4.2769,0.1943,10.6186,0.4509,0.9664,0.2093
295,12.294,2,lifter,0.7262,219,681,349,925,-6.716,0.3395,16.5658,0.7092,1.522,0.3146
295,12.294,3,lifter,0.6993,2038,740,2109,892,-4.8347,0.2273,11.9867,0.5137,1.0993,0.2397
295,12.294,4,lifter,0.1982,1340,1154,1666,1504,-5.2774,0.2567,13.0521,0.5556,1.1912,0.2491
295,12.294,5,lifter,0.1591,777,1170,1059,1512,-4.5814,0.2119,11.367,0.4859,1.04,0.2274
296,12.336,1,lifter,0.8053,197,1066,466,1512,-4.2763,0.1942,10.6171,0.4509,0.9663,0.2092
296,12.336,2,lifter,0.725,219,682,349,925,-6.6855,0.3377,16.4913,0.7059,1.5149,0.3131
296,12.336,3,lifter,0.6545,2040,739,2111,892,-4.8344,0.2273,11.9861,0.5137,1.0992,0.2397
296,12.336,4,lifter,0.1999,1340,1154,1666,1504,-5.2737,0.2565,13.043,0.5552,1.1904,0.249
296,12.336,5,lifter,0.1606,777,1170,1061,1512,-4.5884,0.2123,11.3841,0.4866,1.0416,0.2277
297,12.378,1,lifter,0.8053,197,1066,466,1512,-4.2764,0.1942,10.6172,0.4509,0.9663,0.2092
297,12.378,2,lifter,0.7282,218,682,349,925,-6.6874,0.3379,16.496,0.7062,1.5154,0.3132
297,12.378,3,lifter,0.6485,2044,737,2112,893,-4.8222,0.2266,11.9564,0.5124,1.0964,0.2391
297,12.378,4,lifter,0.1971,1340,1154,1666,1504,-5.2721,0.2564,13.0392,0.5551,1.19,0.2489
297,12.378,5,lifter,0.157,777,1170,1065,1512,-4.5882,0.2123,11.3836,0.4865,1.0414,0.2275
298,12.419,1,lifter,0.8066,197,1066,466,1512,-4.2776,0.1943,10.6202,0.451,0.9666,0.2093
298,12.419,2,lifter,0.7293,219,682,349,925,-6.6742,0.3371,16.4637,0.7047,1.5124,0.3126
298,12.419,3,lifter,0.5678,2027,739,2112,895,-4.8395,0.2276,11.9984,0.5143,1.1004,0.24
298,12.419,4,lifter,0.2009,1340,1153,1666,1504,-5.2641,0.2559,13.0195,0.5542,1.1882,0.2485
298,12.419,5,lifter,0.154,777,1170,1071,1512,-4.6023,0.2132,11.418,0.488,1.0446,0.2282
299,12.461,1,lifter,0.8058,197,1066,466,1512,-4.2764,0.1942,10.6172,0.4509,0.9663,0.2092
299,12.461,2,lifter,0.7317,219,682,349,925,-6.6835,0.3376,16.4864,0.7057,1.5145,0.313
299,12.461,3,lifter,0.5429,2037,738,2113,897,-4.8345,0.2273,11.9863,0.5137,1.0992,0.2397
299,12.461,4,lifter,0.1978,1340,1154,1666,1504,-5.2759,0.2566,13.0485,0.5555,1.1909,0.2491
299,12.461,5,lifter,0.1549,777,1170,1068,1512,-4.5955,0.2128,11.4013,0.4872,1.0431,0.2279
300,12.503,1,lifter,0.8064,197,1066,466,1512,-4.2769,0.1943,10.6184,0.4509,0.9664,0.2093
300,12.503,2,lifter,0.7364,218,682,349,925,-6.6921,0.3381,16.5075,0.7067,1.5165,0.3134
300,12.503,3,lifter,0.578,2030,741,2114,896,-4.8352,0.2273,11.9878,0.5138,1.0994,0.2398
300,12.503,4,lifter,0.1981,1340,1154,1666,1504,-5.2732,0.2564,13.0418,0.5552,1.1902,0.2489
300,12.503,5,lifter,0.1524,777,1170,1069,1512,-4.5972,0.2129,11.4054,0.4874,1.0434,0.228
301,12.545,1,lifter,0.8062,197,1066,466,1512,-4.2757,0.1942,10.6155,0.4508,0.9661,0.2092
301,12.545,2,lifter,0.7379,219,682,349,925,-6.6905,0.338,16.5035,0.7065,1.5161,0.3134
301,12.545,3,lifter,0.5005,2037,737,2115,896,-4.8365,0.2274,11.9913,0.514,1.0997,0.2399
301,12.545,4,lifter,0.1952,1340,1154,1666,1504,-5.2732,0.2564,13.0417,0.5552,1.1902,0.2489
301,12.545,5,lifter,0.159,776,1170,1065,1512,-4.5881,0.2123,11.3833,0.4865,1.0414,0.2275
302,12.586,1,lifter,0.8062,197,1066,466,1512,-4.2761,0.1942,10.6164,0.4508,0.9662,0.2092
302,12.586,2,lifter,0.7403,218,682,348,925,-6.7104,0.3392,16.552,0.7086,1.5207,0.3143
302,12.586,3,lifter,0.5735,2040,736,2115,895,-4.836,0.2274,11.9901,0.5139,1.0996,0.2399
302,12.586,4,lifter,0.1924,1340,1154,1666,1504,-5.2694,0.2562,13.0326,0.5548,1.1894,0.2488
302,12.586,5,lifter,0.1601,776,1171,1063,1512,-4.5802,0.2118,11.3641,0.4857,1.0396,0.2272
303,12.628,1,lifter,0.8068,197,1066,466,1512,-4.2762,0.1942,10.6169,0.4508,0.9662,0.2092
303,12.628,2,lifter,0.7414,219,682,349,925,-6.6803,0.3374,16.4786,0.7054,1.5138,0.3129
303,12.628,3,lifter,0.583,2049,739,2116,891,-4.8158,0.2262,11.9407,0.5117,1.0949,0.2388
303,12.628,4,lifter,0.1908,1340,1154,1666,1504,-5.2769,0.2567,13.0509,0.5556,1.1911,0.2491
303,12.628,5,lifter,0.1577,776,1171,1066,1512,-4.5865,0.2122,11.3794,0.4863,1.041,0.2274
303,12.628,6,lifter,0.1523,1994,713,2040,876,-4.6932,0.219,11.6406,0.4981,1.0659,0.2323
304,12.67,1,lifter,0.807,197,1066,466,1512,-4.2761,0.1942,10.6166,0.4508,0.9662,0.2092
304,12.67,2,lifter,0.7423,219,682,349,925,-6.6864,0.3378,16.4934,0.706,1.5152,0.3132
304,12.67,3,lifter,0.5325,2046,741,2117,891,-4.8183,0.2264,11.9468,0.5119,1.0954,0.2389
304,12.67,4,lifter,0.1897,1340,1154,1666,1504,-5.274,0.2565,13.0439,0.5553,1.1904,0.249
304,12.67,5,lifter,0.1583,776,1170,1066,1512,-4.5918,0.2125,11.3923,0.4868,1.0422,0.2277
304,12.67,6,lifter,0.1146,1995,712,2042,882,-4.7132,0.2202,11.6895,0.5002,1.0706,0.2333
305,12.711,1,lifter,0.8077,197,1066,466,1512,-4.2755,0.1942,10.615,0.4508,0.9661,0.2092
305,12.711,2,lifter,0.7422,219,682,349,925,-6.687,0.3378,16.495,0.7061,1.5153,0.3132
305,12.711,3,lifter,0.4784,1998,720,2118,901,-4.8238,0.2266,11.9602,0.5126,1.0968,0.2393
305,12.711,4,lifter,0.187,1340,1154,1666,1504,-5.2713,0.2563,13.0371,0.555,1.1898,0.2488
305,12.711,5,lifter,0.1607,776,1171,1062,1512,-4.5836,0.212,11.3722,0.4861,1.0404,0.2274
305,12.711,6,lifter,0.1443,1996,709,2046,883,-4.5412,0.2089,11.2619,0.4805,1.0292,0.2256
306,12.753,1,lifter,0.8066,197,1066,466,1512,-4.2767,0.1943,10.6181,0.4509,0.9664,0.2093
306,12.753,2,lifter,0.7415,219,681,348,925,-6.7416,0.341,16.6285,0.7119,1.5278,0.3158
306,12.753,3,lifter,0.4827,2041,738,2119,891,-4.8199,0.2265,11.9506,0.5121,1.0958,0.239
306,12.753,4,lifter,0.1931,1340,1154,1666,1504,-5.2655,0.256,13.023,0.5543,1.1885,0.2486
306,12.753,5,lifter,0.1624,776,1171,1062,1512,-4.5845,0.2121,11.3746,0.4862,1.0407,0.2275
306,12.753,6,lifter,0.1098,1997,712,2042,874,-4.6801,0.2179,11.6077,0.4965,1.0629,0.232
307,12.795,1,lifter,0.8067,197,1066,466,1512,-4.2758,0.1942,10.6159,0.4508,0.9661,0.2092
307,12.795,2,lifter,0.7394,219,681,349,925,-6.7133,0.3393,16.5593,0.7089,1.5213,0.3145
307,12.795,3,lifter,0.501,2042,740,2121,889,-4.8275,0.2269,11.9692,0.5129,1.0976,0.2394
307,12.795,4,lifter,0.1892,1340,1154,1666,1504,-5.269,0.2562,13.0315,0.5547,1.1893,0.2487
307,12.795,5,lifter,0.176,1997,710,2043,874,-4.6195,0.2143,11.4596,0.4899,1.0486,0.2288
307,12.795,6,lifter,0.163,776,1170,1061,1512,-4.5903,0.2124,11.3887,0.4868,1.0421,0.2278
308,12.836,1,lifter,0.8066,197,1066,466,1512,-4.2762,0.1942,10.6167,0.4508,0.9662,0.2092
308,12.836,2,lifter,0.7393,219,682,348,925,-6.7177,0.3396,16.57,0.7094,1.5224,0.3147
308,12.836,3,lifter,0.5351,2041,738,2123,891,-4.8298,0.227,11.9749,0.5132,1.0981,0.2395
308,12.836,4,lifter,0.1881,1340,1154,1666,1504,-5.2698,0.2562,13.0336,0.5548,1.1895,0.2488
308,12.836,5,lifter,0.1645,776,1170,1061,1512,-4.5903,0.2124,11.3886,0.4868,1.042,0.2278
308,12.836,6,lifter,0.126,1998,713,2042,872,-4.5992,0.2131,11.4097,0.4876,1.0438,0.2277
309,12.878,1,lifter,0.8063,197,1066,466,1512,-4.2761,0.1942,10.6165,0.4508,0.9662,0.2092
309,12.878,2,lifter,0.7423,219,682,348,925,-6.7264,0.3401,16.5913,0.7103,1.5244,0.3151
309,12.878,3,lifter,0.534,2044,738,2124,892,-4.8297,0.227,11.9746,0.5132,1.0981,0.2395
309,12.878,4,lifter,0.1894,1340,1154,1666,1504,-5.272,0.2564,13.0389,0.5551,1.19,0.2489
309,12.878,5,lifter,0.1651,777,1170,1061,1512,-4.5891,0.2123,11.3858,0.4867,1.0418,0.2277
309,12.878,6,lifter,0.1162,1999,711,2044,875,-4.5962,0.2131,11.403,0.4874,1.0431,0.2274
310,12.92,1,lifter,0.8069,197,1066,466,1512,-4.2756,0.1942,10.6154,0.4508,0.9661,0.2092
310,12.92,2,lifter,0.7404,219,682,349,925,-6.6939,0.3382,16.5119,0.7068,1.5169,0.3135
310,12.92,3,lifter,0.5774,2049,736,2125,893,-4.8274,0.2269,11.9691,0.513,1.0976,0.2394
310,12.92,4,lifter,0.1861,1340,1154,1666,1504,-5.2726,0.2564,13.0405,0.5551,1.1901,0.2489
310,12.92,5,lifter,0.1679,776,1170,1060,1512,-4.5896,0.2124,11.387,0.4868,1.0419,0.2278
311,12.961,1,lifter,0.8057,197,1066,466,1512,-4.275,0.1942,10.6138,0.4507,0.9659,0.2092
311,12.961,2,lifter,0.7369,219,682,349,925,-6.7031,0.3388,16.5343,0.7078,1.519,0.314
311,12.961,3,lifter,0.6832,2073,740,2126,890,-4.8112,0.2259,11.9295,0.5112,1.0938,0.2386
311,12.961,4,lifter,0.189,2000,728,2124,895,-4.7296,0.2206,11.7277,0.502,1.0745,0.2348
311,12.961,5,lifter,0.1869,1340,1154,1666,1504,-5.2785,0.2568,13.0548,0.5558,1.1915,0.2492
311,12.961,6,lifter,0.1624,777,1170,1064,1512,-4.5852,0.2121,11.3761,0.4862,1.0407,0.2274
312,13.003,1,lifter,0.8056,197,1066,466,1512,-4.2755,0.1942,10.6151,0.4508,0.9661,0.2092
312,13.003,2,lifter,0.7413,2064,739,2126,891,-4.8073,0.2257,11.9199,0.5107,1.0929,0.2384
312,13.003,3,lifter,0.7355,219,682,349,925,-6.6988,0.3385,16.5237,0.7074,1.518,0.3138
312,13.003,4,lifter,0.2366,2004,729,2124,894,-4.7684,0.2228,11.8224,0.5063,1.0836,0.2372
312,13.003,5,lifter,0.1871,1340,1154,1666,1504,-5.2733,0.2564,13.0422,0.5552,1.1903,0.2489
312,13.003,6,lifter,0.1627,777,1170,1063,1512,-4.5833,0.212,11.3716,0.486,1.0403,0.2273
313,13.045,1,lifter,0.8046,197,1066,466,1512,-4.2761,0.1942,10.6164,0.4508,0.9662,0.2092
313,13.045,2,lifter,0.7879,2071,741,2128,891,-4.7814,0.2242,11.8566,0.5079,1.0868,0.237
313,13.045,3,lifter,0.7347,219,682,349,925,-6.6995,0.3385,16.5255,0.7074,1.5182,0.3138
313,13.045,4,lifter,0.2269,2008,730,2125,894,-4.7849,0.2237,11.8623,0.5081,1.0875,0.2379
313,13.045,5,lifter,0.1796,1340,1154,1666,1504,-5.2691,0.2562,13.0319,0.5547,1.1893,0.2487
313,13.045,6,lifter,0.1608,776,1170,1067,1512,-4.5934,0.2126,11.396,0.487,1.0426,0.2278
314,13.086,1,lifter,0.8062,197,1066,466,1512,-4.2764,0.1942,10.6173,0.4509,0.9663,0.2092
314,13.086,2,lifter,0.7894,2059,740,2129,893,-4.8183,0.2263,11.9468,0.5119,1.0955,0.2389
314,13.086,3,lifter,0.7302,219,683,348,925,-6.7217,0.3398,16.5797,0.7098,1.5233,0.3149
314,13.086,4,lifter,0.1777,1340,1154,1666,1504,-5.2676,0.2561,13.028,0.5546,1.1889,0.2487
314,13.086,5,lifter,0.1632,776,1170,1067,1512,-4.5937,0.2127,11.397,0.4871,1.0427,0.2278
314,13.086,6,lifter,0.1193,2007,723,2122,904,-4.7665,0.2226,11.817,0.506,1.0831,0.237
315,13.128,1,lifter,0.8059,197,1066,466,1512,-4.2748,0.1941,10.6134,0.4507,0.9659,0.2092
315,13.128,2,lifter,0.773,2057,740,2130,893,-4.8204,0.2265,11.9521,0.5122,1.096,0.239
315,13.128,3,lifter,0.73,219,682,349,925,-6.7152,0.3395,16.5637,0.7091,1.5218,0.3145
315,13.128,4,lifter,0.181,1340,1154,1666,1504,-5.2793,0.2568,13.0567,0.5559,1.1916,0.2492
315,13.128,5,lifter,0.1624,777,1170,1063,1512,-4.5796,0.2118,11.3624,0.4856,1.0394,0.2271
316,13.17,1,lifter,0.8062,197,1066,466,1512,-4.2756,0.1942,10.6152,0.4508,0.9661,0.2092
316,13.17,2,lifter,0.7623,2058,736,2131,897,-4.8446,0.2278,12.0111,0.5149,1.1017,0.2404
316,13.17,3,lifter,0.727,220,683,349,925,-6.7033,0.3388,16.5347,0.7079,1.5191,0.314
316,13.17,4,lifter,0.1923,2007,720,2121,906,-4.7486,0.2216,11.7737,0.504,1.079,0.236
316,13.17,5,lifter,0.1775,1340,1154,1666,1504,-5.2761,0.2566,13.049,0.5555,1.1909,0.2491
316,13.17,6,lifter,0.1648,777,1170,1063,1512,-4.5792,0.2118,11.3614,0.4855,1.0393,0.2271
317,13.211,1,lifter,0.8061,197,1066,466,1512,-4.2747,0.1941,10.6132,0.4507,0.9659,0.2091
317,13.211,2,lifter,0.7291,220,683,349,925,-6.7094,0.3391,16.5496,0.7085,1.5205,0.3143
317,13.211,3,lifter,0.7098,2059,736,2131,897,-4.8465,0.2279,12.0158,0.5151,1.1022,0.2405
317,13.211,4,lifter,0.176,1340,1154,1666,1504,-5.2741,0.2565,13.0441,0.5553,1.1904,0.249
317,13.211,5,lifter,0.1618,777,1170,1068,1512,-4.5929,0.2126,11.3949,0.4869,1.0424,0.2277
317,13.211,6,lifter,0.1083,2014,722,2061,866,-4.711,0.2196,11.683,0.4998,1.0702,0.2338
318,13.253,1,lifter,0.8054,197,1066,466,1512,-4.2747,0.1941,10.6132,0.4507,0.9659,0.2092
318,13.253,2,lifter,0.7235,220,683,349,925,-6.7079,0.3391,16.546,0.7083,1.5202,0.3142
318,13.253,3,lifter,0.5969,2062,735,2133,896,-4.8484,0.228,12.0204,0.5153,1.1026,0.2406
318,13.253,4,lifter,0.1833,1340,1154,1666,1504,-5.2674,0.2561,13.0277,0.5546,1.1889,0.2487
318,13.253,5,lifter,0.1685,776,1170,1070,1512,-4.5968,0.2128,11.4044,0.4874,1.0433,0.2279
319,13.295,1,lifter,0.8066,197,1066,466,1512,-4.2767,0.1943,10.6179,0.4509,0.9663,0.2092
319,13.295,2,lifter,0.7222,220,683,349,925,-6.7162,0.3395,16.5662,0.7092,1.522,0.3146
319,13.295,3,lifter,0.567,2066,737,2134,896,-4.8379,0.2275,11.9947,0.5141,1.1001,0.24
319,13.295,4,lifter,0.1806,1340,1154,1666,1504,-5.2822,0.257,13.0637,0.5562,1.1923,0.2494
319,13.295,5,lifter,0.1644,776,1170,1070,1512,-4.5965,0.2128,11.4038,0.4873,1.0433,0.2279
319,13.295,6,lifter,0.1137,2016,721,2061,862,-4.6006,0.2136,11.4145,0.4879,1.0441,0.2274
320,13.336,1,lifter,0.8072,197,1066,466,1512,-4.2774,0.1943,10.6197,0.451,0.9665,0.2093
320,13.336,2,lifter,0.7235,220,683,349,925,-6.714,0.3394,16.5609,0.709,1.5215,0.3145
320,13.336,3,lifter,0.5583,2065,737,2134,894,-4.836,0.2274,11.9901,0.5139,1.0997,0.2399
320,13.336,4,lifter,0.3081,2016,715,2059,853,-4.6336,0.2156,11.4951,0.4914,1.0519,0.229
320,13.336,5,lifter,0.2838,2018,718,2107,896,-4.6986,0.2182,11.6457,0.4978,1.0665,0.2339
320,13.336,6,lifter,0.1798,1340,1154,1666,1504,-5.2814,0.2569,13.0619,0.5561,1.1921,0.2493
320,13.336,7,lifter,0.1652,776,1170,1071,1512,-4.5985,0.213,11.4086,0.4876,1.0437,0.228
321,13.378,1,lifter,0.8062,197,1066,466,1512,-4.2755,0.1942,10.6151,0.4508,0.966,0.2092
321,13.378,2,lifter,0.7223,220,683,349,925,-6.7302,0.3403,16.6003,0.7107,1.5253,0.3153
321,13.378,3,lifter,0.4429,2064,734,2135,894,-4.8429,0.2277,12.0069,0.5147,1.1013,0.2403
321,13.378,4,lifter,0.177,1340,1154,1666,1504,-5.2801,0.2568,13.0587,0.556,1.1918,0.2493
321,13.378,5,lifter,0.1665,776,1170,1072,1512,-4.6029,0.2132,11.4194,0.488,1.0447,0.2282
321,13.378,6,lifter,0.1019,2016,713,2061,856,-4.6068,0.214,11.4296,0.4885,1.0456,0.2277
322,13.42,1,lifter,0.8072,197,1066,466,1512,-4.2743,0.1941,10.6121,0.4506,0.9658,0.2091
322,13.42,2,lifter,0.721,220,684,349,925,-6.7104,0.3392,16.5519,0.7086,1.5207,0.3143
322,13.42,3,lifter,0.4434,2069,734,2136,893,-4.8488,0.2281,12.0214,0.5154,1.1027,0.2406
322,13.42,4,lifter,0.2278,2018,715,2127,897,-4.7476,0.2214,11.7707,0.5039,1.0786,0.2362
322,13.42,5,lifter,0.1832,1340,1154,1666,1504,-5.2747,0.2565,13.0455,0.5554,1.1906,0.249
322,13.42,6,lifter,0.1594,777,1170,1077,1512,-4.6122,0.2138,11.4421,0.489,1.0468,0.2286
322,13.42,7,lifter,0.1356,2017,713,2063,870,-4.5713,0.2107,11.3365,0.4839,1.0364,0.2273
323,13.461,1,lifter,0.8072,197,1066,466,1512,-4.2748,0.1942,10.6132,0.4507,0.9659,0.2091
323,13.461,2,lifter,0.7223,220,683,349,925,-6.7233,0.3399,16.5836,0.71,1.5237,0.315
323,13.461,3,lifter,0.4525,2064,732,2137,893,-4.8327,0.2271,11.982,0.5136,1.0989,0.2398
323,13.461,4,lifter,0.1816,1340,1154,1666,1504,-5.2845,0.2571,13.0695,0.5564,1.1928,0.2495
323,13.461,5,lifter,0.1639,777,1170,1072,1512,-4.6017,0.2131,11.4163,0.4879,1.0444,0.2281
323,13.461,6,lifter,0.1248,2018,714,2062,853,-4.5909,0.2131,11.3907,0.4867,1.0418,0.2268
324,13.503,1,lifter,0.8073,197,1066,466,1512,-4.2726,0.194,10.608,0.4504,0.9654,0.209
324,13.503,2,lifter,0.7261,220,683,349,925,-6.7283,0.3402,16.5958,0.7105,1.5248,0.3152
324,13.503,3,lifter,0.3063,2066,736,2140,891,-4.8409,0.2276,12.002,0.5145,1.1008,0.2402
324,13.503,4,lifter,0.1823,1340,1154,1666,1504,-5.2824,0.257,13.0643,0.5562,1.1923,0.2494
324,13.503,5,lifter,0.1677,777,1170,1068,1512,-4.5926,0.2126,11.3941,0.4869,1.0423,0.2277
324,13.503,6,lifter,0.1157,2018,711,2063,852,-4.5643,0.2115,11.3256,0.4838,1.0356,0.2254
325,13.545,1,lifter,0.8066,197,1066,466,1512,-4.2725,0.194,10.6077,0.4504,0.9653,0.209
325,13.545,2,lifter,0.7226,221,683,350,925,-6.707,0.3391,16.5439,0.7083,1.52,0.3142
325,13.545,3,lifter,0.3772,2066,738,2140,891,-4.8282,0.2269,11.9709,0.513,1.0978,0.2395
325,13.545,4,lifter,0.231,2019,715,2130,897,-4.7414,0.2213,11.757,0.5033,1.0774,0.2354
325,13.545,5,lifter,0.1824,1340,1154,1666,1504,-5.2838,0.2571,13.0676,0.5564,1.1927,0.2494
325,13.545,6,lifter,0.1655,777,1170,1070,1512,-4.5939,0.2127,11.3975,0.487,1.0427,0.2277
325,13.545,7,lifter,0.1157,2018,712,2061,853,-4.4868,0.2057,11.1289,0.4744,1.0165,0.2228
326,13.586,1,lifter,0.8077,197,1066,466,1512,-4.271,0.1939,10.604,0.4503,0.965,0.2089
326,13.586,2,lifter,0.7251,220,683,350,925,-6.6997,0.3386,16.5261,0.7075,1.5183,0.3138
326,13.586,3,lifter,0.5295,2066,735,2141,891,-4.836,0.2273,11.9902,0.514,1.0997,0.2399
326,13.586,4,lifter,0.1817,1340,1154,1666,1504,-5.2752,0.2566,13.0468,0.5554,1.1907,0.249
326,13.586,5,lifter,0.164,777,1170,1076,1512,-4.61,0.2136,11.4366,0.4887,1.0463,0.2285
326,13.586,6,lifter,0.1541,2020,715,2099,890,-4.6665,0.2168,11.5727,0.4949,1.0595,0.2316
327,13.628,1,lifter,0.8071,197,1066,466,1512,-4.2741,0.1941,10.6115,0.4506,0.9657,0.2091
327,13.628,2,lifter,0.7184,221,683,350,925,-6.7169,0.3396,16.5681,0.7093,1.5223,0.3147
327,13.628,3,lifter,0.522,2071,733,2145,890,-4.8399,0.2275,11.9996,0.5144,1.1007,0.2402
327,13.628,4,lifter,0.177,1340,1154,1666,1504,-5.2797,0.2568,13.0578,0.5559,1.1917,0.2492
327,13.628,5,lifter,0.1644,777,1170,1073,1512,-4.6019,0.2132,11.4168,0.4879,1.0445,0.2281
328,13.67,1,lifter,0.808,197,1066,466,1512,-4.2731,0.1941,10.6091,0.4505,0.9655,0.209
328,13.67,2,lifter,0.7179,221,683,350,925,-6.7154,0.3395,16.5643,0.7092,1.522,0.3146
328,13.67,3,lifter,0.5311,2073,733,2146,891,-4.8372,0.2274,11.993,0.5141,1.1,0.2401
328,13.67,4,lifter,0.1788,1340,1154,1666,1504,-5.2863,0.2572,13.0738,0.5566,1.1932,0.2495
328,13.67,5,lifter,0.1707,777,1170,1064,1512,-4.5791,0.2118,11.3613,0.4855,1.0393,0.227
329,13.711,1,lifter,0.8067,197,1066,466,1512,-4.2731,0.1941,10.6092,0.4505,0.9655,0.209
329,13.711,2,lifter,0.7297,219,683,350,925,-6.7107,0.3392,16.5528,0.7086,1.5207,0.3143
329,13.711,3,lifter,0.6799,2082,734,2147,889,-4.8447,0.2278,12.0113,0.515,1.1018,0.2405
329,13.711,4,lifter,0.1786,1340,1154,1667,1504,-5.2896,0.2574,13.0821,0.557,1.194,0.2497
329,13.711,5,lifter,0.1715,777,1170,1064,1512,-4.5793,0.2118,11.3618,0.4855,1.0393,0.2271
330,13.753,1,lifter,0.8075,197,1066,466,1512,-4.2717,0.194,10.6056,0.4503,0.9651,0.209
330,13.753,2,lifter,0.7378,219,684,349,925,-6.7178,0.3397,16.5702,0.7095,1.5224,0.3147
330,13.753,3,lifter,0.7312,2084,732,2149,888,-4.8423,0.2276,12.0056,0.5147,1.1013,0.2404
330,13.753,4,lifter,0.1792,1340,1154,1666,1504,-5.2863,0.2572,13.0739,0.5566,1.1932,0.2495
330,13.753,5,lifter,0.1718,777,1170,1070,1512,-4.5931,0.2126,11.3954,0.4869,1.0425,0.2277
331,13.795,1,lifter,0.8054,197,1066,466,1512,-4.272,0.194,10.6064,0.4504,0.9652,0.209
331,13.795,2,lifter,0.7381,219,683,349,925,-6.7375,0.3408,16.6183,0.7115,1.5269,0.3156
331,13.795,3,lifter,0.7161,2090,730,2149,888,-4.8657,0.229,12.0627,0.5173,1.1068,0.2417
331,13.795,4,lifter,0.1721,1340,1154,1666,1504,-5.2874,0.2573,13.0766,0.5568,1.1935,0.2496
331,13.795,5,lifter,0.1655,777,1170,1073,1512,-4.5988,0.213,11.4093,0.4875,1.0437,0.228
332,13.836,1,lifter,0.8066,197,1066,466,1512,-4.2724,0.194,10.6074,0.4504,0.9653,0.209
332,13.836,2,lifter,0.7318,219,683,349,925,-6.744,0.3411,16.6342,0.7122,1.5284,0.3159
332,13.836,3,lifter,0.705,2081,728,2150,889,-4.8195,0.2263,11.9497,0.5122,1.0959,0.2392
332,13.836,4,lifter,0.1768,1340,1154,1666,1504,-5.2882,0.2573,13.0785,0.5568,1.1937,0.2496
332,13.836,5,lifter,0.1644,777,1170,1071,1512,-4.594,0.2127,11.3974,0.487,1.0426,0.2277
333,13.878,1,lifter,0.8065,197,1066,466,1512,-4.2734,0.1941,10.6099,0.4505,0.9655,0.209
333,13.878,2,lifter,0.7293,220,683,349,925,-6.7469,0.3413,16.6413,0.7125,1.5291,0.3161
333,13.878,3,lifter,0.5755,2081,724,2151,890,-4.8372,0.2273,11.9932,0.5142,1.1001,0.2402
333,13.878,4,lifter,0.1758,1340,1154,1667,1504,-5.3021,0.2581,13.1124,0.5584,1.1968,0.2503
333,13.878,5,lifter,0.1664,777,1170,1069,1512,-4.588,0.2123,11.383,0.4864,1.0413,0.2274
334,13.92,1,lifter,0.8069,197,1066,466,1512,-4.2717,0.194,10.6057,0.4503,0.9651,0.209
334,13.92,2,lifter,0.7203,220,683,349,925,-6.7393,0.3409,16.6226,0.7117,1.5274,0.3157
334,13.92,3,lifter,0.66,2086,722,2150,890,-4.848,0.228,12.0195,0.5154,1.1026,0.2407
334,13.92,4,lifter,0.1844,1340,1154,1666,1504,-5.2962,0.2578,13.098,0.5577,1.1955,0.25
334,13.92,5,lifter,0.159,776,1170,1076,1512,-4.6027,0.2132,11.4189,0.4879,1.0446,0.2281
335,13.962,1,lifter,0.8064,197,1066,466,1512,-4.2718,0.194,10.6059,0.4503,0.9651,0.2089
335,13.962,2,lifter,0.7312,2088,722,2151,893,-4.8596,0.2286,12.0477,0.5166,1.1053,0.2413
335,13.962,3,lifter,0.7197,220,683,349,925,-6.7456,0.3412,16.6381,0.7124,1.5288,0.316
335,13.962,4,lifter,0.181,1340,1154,1666,1504,-5.2924,0.2576,13.0889,0.5573,1.1946,0.2498
335,13.962,5,lifter,0.1609,777,1170,1073,1512,-4.5959,0.2128,11.4022,0.4872,1.043,0.2278
336,14.003,1,lifter,0.8068,197,1066,466,1512,-4.2708,0.1939,10.6036,0.4502,0.9649,0.2089
336,14.003,2,lifter,0.7183,220,683,349,925,-6.7313,0.3404,16.6032,0.7108,1.5255,0.3153
336,14.003,3,lifter,0.7038,2093,719,2153,893,-4.8733,0.2294,12.0814,0.5182,1.1086,0.2421
336,14.003,4,lifter,0.1813,1340,1154,1666,1504,-5.2948,0.2577,13.0946,0.5576,1.1952,0.2499
336,14.003,5,lifter,0.1631,777,1170,1070,1512,-4.5875,0.2123,11.3817,0.4863,1.0411,0.2274
337,14.045,1,lifter,0.807,197,1066,466,1512,-4.2727,0.194,10.6082,0.4504,0.9654,0.209
337,14.045,2,lifter,0.7183,220,683,349,925,-6.7322,0.3405,16.6052,0.7109,1.5257,0.3154
337,14.045,3,lifter,0.7168,2083,718,2154,893,-4.8422,0.2276,12.0053,0.5147,1.1013,0.2404
337,14.045,4,lifter,0.1827,1340,1154,1666,1504,-5.3116,0.2587,13.1357,0.5594,1.199,0.2507
337,14.045,5,lifter,0.1603,777,1170,1071,1512,-4.5877,0.2123,11.3821,0.4863,1.0411,0.2274
338,14.087,1,lifter,0.8093,197,1066,466,1512,-4.2727,0.194,10.6082,0.4504,0.9654,0.209
338,14.087,2,lifter,0.7218,220,683,349,925,-6.7281,0.3402,16.5954,0.7105,1.5248,0.3152
338,14.087,3,lifter,0.6923,2089,718,2154,892,-4.8697,0.2292,12.0725,0.5178,1.1077,0.2419
338,14.087,4,lifter,0.1834,1340,1154,1666,1504,-5.3034,0.2582,13.1157,0.5585,1.1972,0.2504
338,14.087,5,lifter,0.1591,777,1170,1071,1512,-4.5855,0.2122,11.3769,0.4861,1.0406,0.2273
339,14.128,1,lifter,0.8085,197,1066,466,1512,-4.2733,0.1941,10.6095,0.4505,0.9655,0.209
339,14.128,2,lifter,0.723,219,683,349,925,-6.7327,0.3405,16.6066,0.711,1.5258,0.3154
339,14.128,3,lifter,0.6945,2085,715,2155,892,-4.8364,0.2273,11.9912,0.5141,1.0999,0.2401
339,14.128,4,lifter,0.1768,1340,1154,1666,1504,-5.3041,0.2583,13.1174,0.5586,1.1973,0.2504
339,14.128,5,lifter,0.1587,777,1170,1074,1512,-4.5909,0.2125,11.3899,0.4866,1.0418,0.2275
340,14.17,1,lifter,0.8079,197,1066,466,1512,-4.2729,0.194,10.6087,0.4504,0.9654,0.209
340,14.17,2,lifter,0.7164,219,683,349,925,-6.7338,0.3405,16.6092,0.7111,1.526,0.3154
340,14.17,3,lifter,0.6604,2077,710,2156,892,-4.8334,0.2271,11.9839,0.5137,1.0992,0.24
340,14.17,4,lifter,0.1759,1340,1154,1666,1504,-5.2984,0.2579,13.1034,0.558,1.196,0.2501
340,14.17,5,lifter,0.1596,777,1170,1070,1512,-4.5853,0.2122,11.3763,0.4861,1.0406,0.2273
341,14.212,1,lifter,0.8076,197,1066,466,1512,-4.2728,0.194,10.6083,0.4504,0.9654,0.209
341,14.212,2,lifter,0.7139,219,682,349,925,-6.7394,0.3409,16.623,0.7117,1.5273,0.3157
341,14.212,3,lifter,0.602,2084,712,2156,889,-4.8276,0.2267,11.9697,0.5131,1.0979,0.2397
341,14.212,4,lifter,0.1746,1340,1154,1666,1504,-5.2997,0.258,13.1065,0.5581,1.1963,0.2502
341,14.212,5,lifter,0.1571,777,1171,1072,1512,-4.5825,0.212,11.3695,0.4857,1.0399,0.2271
342,14.253,1,lifter,0.8076,197,1066,466,1512,-4.2735,0.1941,10.6102,0.4505,0.9655,0.209
342,14.253,2,lifter,0.7152,219,683,349,925,-6.7136,0.3394,16.5598,0.7089,1.5214,0.3145
342,14.253,3,lifter,0.5329,2085,712,2157,889,-4.8304,0.2269,11.9766,0.5134,1.0985,0.2398
342,14.253,4,lifter,0.1727,1340,1154,1666,1504,-5.2992,0.258,13.1053,0.5581,1.1962,0.2501
342,14.253,5,lifter,0.1566,777,1171,1076,1512,-4.5911,0.2125,11.3904,0.4866,1.0419,0.2275
343,14.295,1,lifter,0.8072,197,1066,466,1512,-4.2736,0.1941,10.6103,0.4505,0.9655,0.209
343,14.295,2,lifter,0.7149,219,683,349,925,-6.7258,0.3401,16.5897,0.7102,1.5242,0.315
343,14.295,3,lifter,0.5293,2077,711,2157,889,-4.8351,0.2272,11.9881,0.5139,1.0996,0.2401
343,14.295,4,lifter,0.1725,1340,1154,1666,1504,-5.3014,0.2581,13.1108,0.5583,1.1967,0.2503
343,14.295,5,lifter,0.1584,777,1171,1070,1512,-4.5784,0.2118,11.3593,0.4853,1.039,0.2269
344,14.337,1,lifter,0.8077,197,1066,466,1512,-4.2741,0.1941,10.6115,0.4506,0.9657,0.2091
344,14.337,2,lifter,0.7128,219,683,349,925,-6.7275,0.3402,16.5939,0.7104,1.5246,0.3151
344,14.337,3,lifter,0.4802,2092,720,2160,886,-4.8614,0.2287,12.0523,0.5168,1.1058,0.2414
344,14.337,4,lifter,0.174,1340,1154,1666,1504,-5.2944,0.2577,13.0936,0.5575,1.1951,0.2499
344,14.337,5,lifter,0.1576,777,1171,1070,1512,-4.5782,0.2118,11.3589,0.4853,1.0389,0.2269
345,14.378,1,lifter,0.8083,197,1066,466,1512,-4.274,0.1941,10.6113,0.4506,0.9656,0.2091
345,14.378,2,lifter,0.7122,219,683,349,925,-6.7251,0.34,16.5879,0.7102,1.524,0.315
345,14.378,3,lifter,0.4189,2071,711,2157,892,-4.8259,0.2266,11.9655,0.5129,1.0975,0.2396
345,14.378,4,lifter,0.1699,1340,1154,1666,1504,-5.2983,0.2579,13.1032,0.558,1.196,0.2501
345,14.378,5,lifter,0.1583,777,1171,1070,1512,-4.5783,0.2118,11.3592,0.4853,1.0389,0.2269
346,14.42,1,lifter,0.8087,197,1066,466,1512,-4.274,0.1941,10.6113,0.4506,0.9656,0.2091
346,14.42,2,lifter,0.7112,219,683,349,925,-6.7126,0.3393,16.5576,0.7088,1.5212,0.3144
346,14.42,3,lifter,0.4908,2079,713,2158,893,-4.8477,0.2279,12.0187,0.5153,1.1026,0.2407
346,14.42,4,lifter,0.1768,1340,1154,1666,1504,-5.2956,0.2578,13.0967,0.5577,1.1954,0.25
346,14.42,5,lifter,0.1568,777,1171,1072,1512,-4.5834,0.2121,11.3716,0.4858,1.0401,0.2272
347,14.462,1,lifter,0.8089,197,1066,466,1512,-4.2738,0.1941,10.6108,0.4505,0.9656,0.2091
347,14.462,2,lifter,0.7099,219,683,349,925,-6.7208,0.3398,16.5775,0.7097,1.5231,0.3148
347,14.462,3,lifter,0.4349,2077,715,2159,894,-4.8609,0.2287,12.0511,0.5168,1.1057,0.2415
347,14.462,4,lifter,0.1714,1340,1154,1666,1504,-5.2978,0.2579,13.1021,0.5579,1.1959,0.2501
347,14.462,5,lifter,0.1542,777,1171,1073,1512,-4.5844,0.2121,11.3741,0.4859,1.0403,0.2272
348,14.503,1,lifter,0.8088,197,1066,466,1512,-4.2737,0.1941,10.6105,0.4505,0.9656,0.209
348,14.503,2,lifter,0.7109,219,683,349,925,-6.7203,0.3398,16.5762,0.7097,1.5229,0.3148
348,14.503,3,lifter,0.4646,2082,723,2161,887,-4.8384,0.2274,11.996,0.5143,1.1004,0.2402
348,14.503,4,lifter,0.1695,1340,1154,1666,1504,-5.2955,0.2578,13.0963,0.5577,1.1953,0.25
348,14.503,5,lifter,0.1524,777,1171,1077,1512,-4.5922,0.2126,11.3931,0.4867,1.0421,0.2276
349,14.545,1,lifter,0.8086,197,1066,466,1512,-4.274,0.1941,10.6113,0.4506,0.9657,0.2091
349,14.545,2,lifter,0.7072,219,683,349,925,-6.72,0.3397,16.5754,0.7096,1.5229,0.3148
349,14.545,3,lifter,0.4516,2084,722,2161,889,-4.8318,0.227,11.9798,0.5136,1.0988,0.2399
349,14.545,4,lifter,0.1702,1340,1154,1666,1504,-5.2955,0.2578,13.0963,0.5577,1.1953,0.25
349,14.545,5,lifter,0.153,776,1171,1077,1512,-4.5925,0.2126,11.394,0.4868,1.0422,0.2276
350,14.587,1,lifter,0.8071,197,1066,466,1512,-4.2736,0.1941,10.6104,0.4505,0.9656,0.209
350,14.587,2,lifter,0.7067,219,683,349,925,-6.7198,0.3397,16.575,0.7096,1.5228,0.3148
350,14.587,3,lifter,0.4949,2085,723,2161,887,-4.8293,0.2269,11.9739,0.5133,1.0982,0.2398
350,14.587,4,lifter,0.1686,1340,1154,1666,1504,-5.2959,0.2578,13.0973,0.5577,1.1954,0.25
350,14.587,5,lifter,0.1563,777,1171,1076,1512,-4.5912,0.2125,11.3907,0.4867,1.0419,0.2275
351,14.628,1,lifter,0.8072,197,1066,466,1512,-4.2735,0.1941,10.6101,0.4505,0.9655,0.209
351,14.628,2,lifter,0.7058,219,683,349,925,-6.7203,0.3398,16.5762,0.7097,1.5229,0.3148
351,14.628,3,lifter,0.6674,2094,730,2162,886,-4.8779,0.2298,12.0924,0.5186,1.1096,0.2422
351,14.628,4,lifter,0.168,1340,1154,1666,1504,-5.2948,0.2577,13.0946,0.5576,1.1952,0.2499
351,14.628,5,lifter,0.1575,777,1171,1075,1512,-4.59,0.2125,11.3878,0.4865,1.0416,0.2275
352,14.67,1,lifter,0.8069,197,1066,466,1512,-4.2732,0.1941,10.6095,0.4505,0.9655,0.209
352,14.67,2,lifter,0.7043,219,683,350,925,-6.6884,0.3379,16.4983,0.7063,1.5156,0.3133
352,14.67,3,lifter,0.6528,2088,727,2162,886,-4.8478,0.228,12.0191,0.5153,1.1026,0.2407
352,14.67,4,lifter,0.1687,1340,1154,1666,1504,-5.2962,0.2578,13.098,0.5577,1.1955,0.25
352,14.67,5,lifter,0.1562,777,1171,1076,1512,-4.5912,0.2125,11.3908,0.4867,1.0419,0.2275
353,14.712,1,lifter,0.8071,197,1066,466,1512,-4.2729,0.194,10.6086,0.4504,0.9654,0.209
353,14.712,2,lifter,0.7066,219,683,349,925,-6.7133,0.3394,16.5591,0.7089,1.5213,0.3144
353,14.712,3,lifter,0.698,2102,728,2163,885,-4.8636,0.2289,12.0575,0.5171,1.1062,0.2415
353,14.712,4,lifter,0.1639,1340,1154,1666,1504,-5.2967,0.2578,13.0992,0.5578,1.1956,0.25
353,14.712,5,lifter,0.1543,777,1171,1076,1512,-4.5919,0.2126,11.3925,0.4867,1.0421,0.2276
354,14.753,1,lifter,0.807,197,1066,466,1512,-4.2729,0.194,10.6087,0.4504,0.9654,0.209
354,14.753,2,lifter,0.7034,219,683,350,925,-6.6837,0.3377,16.4869,0.7058,1.5145,0.313
354,14.753,3,lifter,0.6372,2097,727,2164,885,-4.876,0.2296,12.0878,0.5184,1.1092,0.2422
354,14.753,4,lifter,0.1642,1340,1154,1666,1504,-5.2959,0.2578,13.0974,0.5577,1.1954,0.25
354,14.753,5,lifter,0.1568,777,1171,1076,1512,-4.5921,0.2126,11.3929,0.4868,1.0421,0.2276
355,14.795,1,lifter,0.8069,197,1066,465,1512,-4.2741,0.1941,10.6116,0.4506,0.9657,0.2091
355,14.795,2,lifter,0.704,219,683,350,925,-6.6796,0.3374,16.477,0.7053,1.5136,0.3128
355,14.795,3,lifter,0.5846,2095,727,2165,888,-4.8813,0.2299,12.1007,0.519,1.1104,0.2424
355,14.795,4,lifter,0.1668,1340,1154,1666,1504,-5.2947,0.2577,13.0945,0.5576,1.1952,0.2499
355,14.795,5,lifter,0.153,777,1171,1077,1512,-4.5935,0.2127,11.3962,0.4869,1.0424,0.2276
356,14.837,1,lifter,0.8051,197,1067,466,1512,-4.276,0.1942,10.6162,0.4508,0.9661,0.2091
356,14.837,2,lifter,0.7015,219,683,350,925,-6.6803,0.3375,16.4785,0.7054,1.5137,0.3129
356,14.837,3,lifter,0.647,2104,728,2166,888,-4.8883,0.2303,12.1179,0.5198,1.1121,0.2428
356,14.837,4,lifter,0.1894,2052,716,2164,904,-4.7374,0.2208,11.746,0.5028,1.0763,0.2357
356,14.837,5,lifter,0.1648,1340,1154,1666,1504,-5.2956,0.2578,13.0966,0.5577,1.1954,0.25
356,14.837,6,lifter,0.151,776,1171,1076,1512,-4.5926,0.2126,11.3942,0.4868,1.0422,0.2276
357,14.878,1,lifter,0.8053,197,1067,466,1512,-4.2752,0.1942,10.6142,0.4507,0.9659,0.2091
357,14.878,2,lifter,0.7022,219,683,350,925,-6.6804,0.3375,16.4787,0.7054,1.5138,0.3129
357,14.878,3,lifter,0.6352,2098,730,2167,886,-4.897,0.2308,12.1391,0.5208,1.1141,0.2432
357,14.878,4,lifter,0.1691,1340,1154,1666,1504,-5.2959,0.2578,13.0974,0.5577,1.1954,0.25
357,14.878,5,lifter,0.1517,777,1171,1076,1512,-4.5937,0.2127,11.3967,0.4869,1.0425,0.2277
358,14.92,1,lifter,0.8048,197,1067,466,1512,-4.274,0.1941,10.6112,0.4505,0.9656,0.209
358,14.92,2,lifter,0.7019,219,683,350,925,-6.6756,0.3372,16.4671,0.7049,1.5127,0.3126
358,14.92,3,lifter,0.5425,2090,724,2168,888,-4.8837,0.23,12.1066,0.5193,1.111,0.2427
358,14.92,4,lifter,0.1707,1340,1154,1666,1504,-5.2994,0.258,13.1059,0.5581,1.1962,0.2501
358,14.92,5,lifter,0.1499,776,1171,1076,1512,-4.5909,0.2125,11.3899,0.4866,1.0418,0.2275
359,14.962,1,lifter,0.8042,197,1067,466,1512,-4.275,0.1942,10.6138,0.4507,0.9659,0.2091
359,14.962,2,lifter,0.7012,219,683,350,925,-6.6754,0.3372,16.4666,0.7049,1.5126,0.3126
359,14.962,3,lifter,0.5905,2093,722,2170,885,-4.8868,0.2302,12.1142,0.5197,1.1118,0.2429
359,14.962,4,lifter,0.1709,1340,1154,1666,1504,-5.295,0.2577,13.0951,0.5576,1.1952,0.2499
359,14.962,5,lifter,0.1503,777,1171,1076,1512,-4.5943,0.2127,11.3983,0.487,1.0426,0.2277
360,15.003,1,lifter,0.8047,197,1067,466,1512,-4.2718,0.194,10.606,0.4503,0.9651,0.2089
360,15.003,2,lifter,0.7017,219,683,350,925,-6.684,0.3377,16.4876,0.7058,1.5146,0.3131
360,15.003,3,lifter,0.5253,2098,724,2170,886,-4.8913,0.2305,12.1254,0.5202,1.1128,0.243
360,15.003,4,lifter,0.1662,1340,1154,1666,1504,-5.303,0.2582,13.1146,0.5585,1.1971,0.2503
360,15.003,5,lifter,0.1474,777,1171,1080,1512,-4.6009,0.2131,11.4143,0.4877,1.0441,0.2279
361,15.045,1,lifter,0.8043,197,1067,466,1512,-4.272,0.194,10.6063,0.4503,0.9652,0.2089
361,15.045,2,lifter,0.7009,218,683,350,925,-6.673,0.337,16.4608,0.7046,1.5121,0.3125
361,15.045,3,lifter,0.5468,2099,724,2170,885,-4.8896,0.2304,12.121,0.52,1.1124,0.2429
361,15.045,4,lifter,0.1658,1340,1154,1666,1504,-5.3014,0.2581,13.1108,0.5583,1.1967,0.2503
361,15.045,5,lifter,0.1487,777,1171,1078,1512,-4.5962,0.2129,11.4029,0.4872,1.043,0.2277
362,15.087,1,lifter,0.805,197,1067,466,1512,-4.2768,0.1943,10.6182,0.4508,0.9663,0.2092
362,15.087,2,lifter,0.697,219,683,350,925,-6.6892,0.338,16.5002,0.7063,1.5158,0.3133
362,15.087,3,lifter,0.498,2101,718,2171,886,-4.895,0.2307,12.1343,0.5206,1.1137,0.2433
362,15.087,4,lifter,0.1655,1340,1154,1666,1504,-5.3157,0.259,13.1457,0.5599,1.2,0.2509
362,15.087,5,lifter,0.1509,777,1171,1077,1512,-4.5933,0.2127,11.3957,0.4869,1.0423,0.2276
363,15.128,1,lifter,0.8043,197,1067,466,1512,-4.2769,0.1943,10.6184,0.4509,0.9663,0.2092
363,15.128,2,lifter,0.6998,219,685,350,925,-6.6527,0.3359,16.4111,0.7025,1.5074,0.3116
363,15.128,3,lifter,0.5732,2106,716,2171,888,-4.8953,0.2307,12.1351,0.5206,1.1138,0.2433
363,15.128,4,lifter,0.1662,1340,1154,1666,1504,-5.3053,0.2583,13.1204,0.5587,1.1976,0.2504
363,15.128,5,lifter,0.1528,777,1171,1078,1512,-4.5968,0.2129,11.4043,0.4872,1.0431,0.2278
364,15.17,1,lifter,0.8048,197,1067,466,1512,-4.2733,0.1941,10.6095,0.4505,0.9654,0.209
364,15.17,2,lifter,0.7019,219,684,350,925,-6.6832,0.3377,16.4856,0.7058,1.5144,0.313
364,15.17,3,lifter,0.5865,2101,720,2172,890,-4.8926,0.2305,12.1285,0.5203,1.1131,0.2431
364,15.17,4,lifter,0.1635,1340,1154,1666,1504,-5.3045,0.2583,13.1183,0.5586,1.1974,0.2504
364,15.17,5,lifter,0.1478,776,1171,1079,1512,-4.5985,0.213,11.4086,0.4874,1.0435,0.2278
365,15.212,1,lifter,0.804,197,1067,466,1512,-4.2745,0.1941,10.6124,0.4506,0.9657,0.2091
365,15.212,2,lifter,0.6995,219,684,350,925,-6.6926,0.3382,16.5087,0.7068,1.5166,0.3135
365,15.212,3,lifter,0.5614,2104,724,2172,888,-4.8954,0.2307,12.1351,0.5206,1.1137,0.2432
365,15.212,4,lifter,0.1605,1340,1154,1666,1504,-5.3017,0.2581,13.1115,0.5583,1.1968,0.2503
365,15.212,5,lifter,0.1482,776,1171,1079,1512,-4.6001,0.2131,11.4124,0.4876,1.0439,0.2279
366,15.253,1,lifter,0.8035,197,1067,466,1512,-4.2777,0.1943,10.6204,0.4509,0.9665,0.2092
366,15.253,2,lifter,0.6971,219,684,351,925,-6.6573,0.3362,16.4226,0.703,1.5085,0.3118
366,15.253,3,lifter,0.5614,2104,718,2172,887,-4.891,0.2304,12.1245,0.5201,1.1128,0.243
366,15.253,4,lifter,0.1611,1340,1154,1666,1504,-5.3036,0.2582,13.1162,0.5585,1.1972,0.2504
366,15.253,5,lifter,0.1478,776,1171,1081,1512,-4.6034,0.2133,11.4205,0.4879,1.0447,0.2281
367,15.295,1,lifter,0.804,197,1067,466,1512,-4.2781,0.1944,10.6212,0.451,0.9666,0.2092
367,15.295,2,lifter,0.6966,219,684,350,925,-6.6891,0.338,16.5001,0.7064,1.5158,0.3133
367,15.295,3,lifter,0.5309,2101,717,2172,887,-4.8879,0.2303,12.117,0.5198,1.1121,0.2429
367,15.295,4,lifter,0.1578,1340,1154,1666,1504,-5.2987,0.2579,13.1043,0.558,1.1961,0.2501
367,15.295,5,lifter,0.1498,776,1171,1080,1512,-4.6075,0.2135,11.4306,0.4884,1.0457,0.2283
368,15.337,1,lifter,0.8035,197,1067,466,1512,-4.2712,0.1939,10.6046,0.4502,0.965,0.2089
368,15.337,2,lifter,0.6986,219,684,350,925,-6.6859,0.3378,16.4921,0.706,1.5151,0.3132
368,15.337,3,lifter,0.5177,2103,718,2172,888,-4.8893,0.2303,12.1204,0.52,1.1124,0.243
368,15.337,4,lifter,0.1536,1340,1154,1666,1504,-5.3031,0.2582,13.115,0.5585,1.1971,0.2503
368,15.337,5,lifter,0.1483,776,1171,1082,1512,-4.606,0.2135,11.4269,0.4882,1.0453,0.2282
369,15.379,1,lifter,0.8038,197,1067,466,1512,-4.2712,0.1939,10.6045,0.4502,0.965,0.2089
369,15.379,2,lifter,0.6989,219,684,350,925,-6.6857,0.3378,16.4918,0.706,1.515,0.3131
369,15.379,3,lifter,0.4814,2103,718,2172,888,-4.8873,0.2302,12.1153,0.5197,1.1119,0.2428
369,15.379,4,lifter,0.1584,1340,1154,1665,1504,-5.2994,0.258,13.1058,0.5581,1.1962,0.2502
369,15.379,5,lifter,0.1485,776,1171,1082,1512,-4.6059,0.2135,11.4267,0.4882,1.0452,0.2282
370,15.42,1,lifter,0.8045,197,1067,466,1512,-4.276,0.1942,10.6163,0.4508,0.9661,0.2091
370,15.42,2,lifter,0.6988,219,684,350,925,-6.6858,0.3378,16.4919,0.706,1.515,0.3131
370,15.42,3,lifter,0.464,2099,713,2172,894,-4.8704,0.2292,12.0742,0.5179,1.1079,0.242
370,15.42,4,lifter,0.1586,1340,1154,1666,1504,-5.3041,0.2583,13.1173,0.5586,1.1973,0.2504
370,15.42,5,lifter,0.1465,776,1171,1082,1512,-4.605,0.2134,11.4244,0.4881,1.045,0.2281
371,15.462,1,lifter,0.8054,197,1067,465,1512,-4.2777,0.1943,10.6202,0.4509,0.9665,0.2092
371,15.462,2,lifter,0.6986,219,685,350,925,-6.6667,0.3367,16.4452,0.704,1.5106,0.3122
371,15.462,3,lifter,0.5143,2102,713,2172,897,-4.8694,0.2292,12.0717,0.5177,1.1077,0.2419
371,15.462,4,lifter,0.1563,1340,1154,1665,1504,-5.3012,0.2581,13.1103,0.5583,1.1967,0.2503
371,15.462,5,lifter,0.148,776,1171,1080,1512,-4.6084,0.2136,11.4328,0.4885,1.0459,0.2284
372,15.504,1,lifter,0.8053,197,1067,465,1512,-4.2771,0.1943,10.6189,0.4509,0.9663,0.2092
372,15.504,2,lifter,0.698,219,685,350,925,-6.6653,0.3366,16.4418,0.7039,1.5103,0.3122
372,15.504,3,lifter,0.6156,2104,715,2172,898,-4.8772,0.2296,12.0907,0.5186,1.1095,0.2423
372,15.504,4,lifter,0.1561,1340,1154,1665,1504,-5.3022,0.2581,13.1127,0.5584,1.1969,0.2503
372,15.504,5,lifter,0.1496,776,1171,1079,1512,-4.6027,0.2132,11.4188,0.4879,1.0445,0.2281
373,15.545,1,lifter,0.8052,197,1067,465,1512,-4.2748,0.1942,10.6132,0.4506,0.9658,0.2091
373,15.545,2,lifter,0.7016,219,684,350,925,-6.6858,0.3378,16.4919,0.706,1.515,0.3131
373,15.545,3,lifter,0.5646,2105,714,2172,897,-4.873,0.2294,12.0804,0.5181,1.1085,0.2421
373,15.545,4,lifter,0.1568,1340,1154,1665,1504,-5.3031,0.2582,13.1149,0.5585,1.1971,0.2504
373,15.545,5,lifter,0.1553,776,1171,1078,1512,-4.6024,0.2132,11.4181,0.4878,1.0445,0.2281
374,15.587,1,lifter,0.8051,197,1067,466,1512,-4.2724,0.194,10.6074,0.4504,0.9653,0.209
374,15.587,2,lifter,0.6983,219,684,350,925,-6.6822,0.3376,16.4831,0.7056,1.5142,0.313
374,15.587,3,lifter,0.6037,2106,714,2173,896,-4.8702,0.2292,12.0736,0.5178,1.1078,0.2419
374,15.587,4,lifter,0.1568,1340,1154,1665,1504,-5.3005,0.258,13.1085,0.5582,1.1965,0.2502
374,15.587,5,lifter,0.1538,776,1171,1078,1512,-4.6034,0.2133,11.4204,0.488,1.0447,0.2281
375,15.629,1,lifter,0.8042,197,1067,466,1512,-4.2729,0.194,10.6086,0.4504,0.9654,0.209
375,15.629,2,lifter,0.7136,2106,713,2173,893,-4.8651,0.2289,12.0614,0.5173,1.1067,0.2417
375,15.629,3,lifter,0.6976,219,684,351,925,-6.6465,0.3355,16.3962,0.7018,1.506,0.3113
375,15.629,4,lifter,0.1582,1340,1154,1665,1504,-5.3018,0.2581,13.1117,0.5583,1.1968,0.2503
375,15.629,5,lifter,0.1513,776,1171,1080,1512,-4.607,0.2135,11.4292,0.4883,1.0455,0.2283
376,15.67,1,lifter,0.8042,197,1067,466,1512,-4.2748,0.1942,10.6133,0.4506,0.9658,0.2091
376,15.67,2,lifter,0.708,2106,715,2173,892,-4.8698,0.2292,12.0727,0.5178,1.1078,0.2419
376,15.67,3,lifter,0.6917,219,685,351,926,-6.6001,0.3329,16.2827,0.6969,1.4953,0.3091
376,15.67,4,lifter,0.1622,1340,1154,1665,1504,-5.3019,0.2581,13.112,0.5583,1.1968,0.2503
376,15.67,5,lifter,0.1529,776,1171,1080,1512,-4.6071,0.2135,11.4295,0.4883,1.0456,0.2283
377,15.712,1,lifter,0.8051,197,1067,466,1512,-4.2746,0.1941,10.6129,0.4506,0.9658,0.2091
377,15.712,2,lifter,0.7043,2107,715,2175,892,-4.8767,0.2296,12.0897,0.5186,1.1094,0.2423
377,15.712,3,lifter,0.6952,219,685,351,926,-6.6053,0.3332,16.2954,0.6975,1.4965,0.3093
377,15.712,4,lifter,0.1599,1340,1154,1665,1504,-5.3029,0.2582,13.1145,0.5584,1.1971,0.2504
377,15.712,5,lifter,0.1522,776,1171,1081,1512,-4.6073,0.2135,11.4301,0.4884,1.0456,0.2283
378,15.754,1,lifter,0.8048,197,1067,465,1512,-4.2748,0.1942,10.6134,0.4506,0.9658,0.2091
378,15.754,2,lifter,0.6968,219,685,351,925,-6.6307,0.3346,16.3574,0.7002,1.5023,0.3105
378,15.754,3,lifter,0.619,2108,714,2175,894,-4.8761,0.2296,12.0882,0.5185,1.1093,0.2423
378,15.754,4,lifter,0.158,1340,1154,1665,1504,-5.304,0.2583,13.1172,0.5586,1.1973,0.2504
378,15.754,5,lifter,0.1517,776,1171,1081,1512,-4.6072,0.2135,11.4299,0.4884,1.0456,0.2283
379,15.795,1,lifter,0.8046,197,1067,466,1512,-4.2739,0.1941,10.6111,0.4505,0.9656,0.209
379,15.795,2,lifter,0.6942,219,685,350,925,-6.6673,0.3367,16.4466,0.7041,1.5108,0.3123
379,15.795,3,lifter,0.5187,2108,711,2175,896,-4.8726,0.2294,12.0795,0.5181,1.1084,0.2421
379,15.795,4,lifter,0.1592,1341,1154,1665,1504,-5.3024,0.2582,13.1133,0.5584,1.1969,0.2503
379,15.795,5,lifter,0.1467,776,1171,1080,1512,-4.6071,0.2135,11.4297,0.4884,1.0456,0.2283
380,15.837,1,lifter,0.8043,197,1067,466,1512,-4.2751,0.1942,10.614,0.4507,0.9659,0.2091
380,15.837,2,lifter,0.6892,219,685,350,925,-6.6684,0.3368,16.4494,0.7042,1.511,0.3123
380,15.837,3,lifter,0.5595,2108,712,2175,895,-4.8725,0.2294,12.0792,0.5181,1.1084,0.2421
380,15.837,4,lifter,0.1578,1341,1154,1665,1504,-5.3012,0.2581,13.1103,0.5583,1.1967,0.2502
380,15.837,5,lifter,0.1455,775,1171,1080,1512,-4.6057,0.2134,11.4261,0.4882,1.0452,0.2282
381,15.879,1,lifter,0.8046,197,1067,465,1512,-4.275,0.1942,10.6137,0.4507,0.9659,0.2091
381,15.879,2,lifter,0.6921,219,685,350,925,-6.6768,0.3373,16.47,0.7051,1.513,0.3127
381,15.879,3,lifter,0.6111,2106,712,2174,895,-4.8631,0.2288,12.0564,0.517,1.1062,0.2416
381,15.879,4,lifter,0.1629,1341,1154,1665,1504,-5.2974,0.2579,13.101,0.5579,1.1958,0.2501
381,15.879,5,lifter,0.1456,775,1171,1079,1512,-4.603,0.2133,11.4196,0.4879,1.0446,0.2281
382,15.92,1,lifter,0.8038,197,1067,465,1512,-4.275,0.1942,10.6138,0.4507,0.9659,0.2091
382,15.92,2,lifter,0.6969,219,685,350,925,-6.6805,0.3375,16.479,0.7055,1.5138,0.3129
382,15.92,3,lifter,0.5134,2100,710,2174,895,-4.78,0.2239,11.8532,0.5079,1.0866,0.2371
382,15.92,4,lifter,0.1654,1341,1154,1665,1504,-5.2993,0.258,13.1056,0.5581,1.1962,0.2502
382,15.92,5,lifter,0.1462,775,1171,1080,1512,-4.6056,0.2134,11.4259,0.4882,1.0452,0.2282
383,15.962,1,lifter,0.8042,197,1067,466,1512,-4.2727,0.194,10.6081,0.4504,0.9653,0.209
383,15.962,2,lifter,0.6969,219,685,350,925,-6.6816,0.3376,16.4817,0.7056,1.5141,0.3129
383,15.962,3,lifter,0.4723,2096,708,2175,895,-4.764,0.223,11.8141,0.5061,1.0828,0.2363
383,15.962,4,lifter,0.1638,1341,1154,1665,1504,-5.2995,0.258,13.1062,0.5581,1.1963,0.2502
383,15.962,5,lifter,0.1459,775,1171,1080,1512,-4.6056,0.2134,11.426,0.4882,1.0452,0.2282
384,16.004,1,lifter,0.8042,197,1067,466,1512,-4.2737,0.1941,10.6105,0.4505,0.9656,0.209
384,16.004,2,lifter,0.6963,219,685,350,925,-6.6754,0.3372,16.4667,0.7049,1.5127,0.3126
384,16.004,3,lifter,0.4897,2099,708,2176,895,-4.796,0.2249,11.8923,0.5096,1.0904,0.238
384,16.004,4,lifter,0.1605,1341,1154,1665,1504,-5.2997,0.258,13.1067,0.5581,1.1963,0.2502
384,16.004,5,lifter,0.146,775,1171,1079,1512,-4.603,0.2133,11.4195,0.4879,1.0446,0.2281
385,16.045,1,lifter,0.8045,197,1067,466,1512,-4.2749,0.1942,10.6136,0.4507,0.9659,0.2091
385,16.045,2,lifter,0.6954,219,685,350,925,-6.6711,0.337,16.4561,0.7045,1.5117,0.3124
385,16.045,3,lifter,0.3952,2096,708,2176,896,-4.7817,0.2241,11.8573,0.508,1.087,0.2372
385,16.045,4,lifter,0.1567,1341,1154,1665,1504,-5.2999,0.258,13.107,0.5581,1.1963,0.2502
385,16.045,5,lifter,0.1424,775,1171,1080,1512,-4.6051,0.2134,11.4247,0.4881,1.0451,0.2282
386,16.087,1,lifter,0.7949,196,1066,466,1512,-4.2404,0.1921,10.5291,0.4469,0.9578,0.2074
386,16.087,2,lifter,0.714,218,681,350,925,-6.7047,0.3388,16.5383,0.7079,1.5192,0.314
386,16.087,3,lifter,0.4051,2100,706,2179,891,-4.8564,0.2284,12.04,0.5163,1.1046,0.2412
386,16.087,4,lifter,0.1362,775,1171,1091,1512,-4.5512,0.2103,11.2929,0.4821,1.0323,0.2252
386,16.087,5,lifter,0.129,1340,1153,1666,1503,-5.2522,0.2552,12.9905,0.5529,1.1854,0.248
387,16.129,1,lifter,0.7949,196,1066,466,1512,-4.2403,0.1921,10.529,0.4469,0.9578,0.2074
387,16.129,2,lifter,0.7111,219,682,350,925,-6.6856,0.3377,16.4915,0.7058,1.5148,0.3131
387,16.129,3,lifter,0.4093,2099,707,2179,890,-4.8563,0.2284,12.0396,0.5163,1.1046,0.2412
387,16.129,4,lifter,0.1311,774,1171,1093,1512,-4.5427,0.2098,11.2721,0.4812,1.0302,0.2248
387,16.129,5,lifter,0.1285,1340,1153,1666,1503,-5.2535,0.2553,12.9936,0.553,1.1857,0.248
388,16.17,1,lifter,0.7949,195,1066,465,1512,-4.24,0.1921,10.5281,0.4469,0.9577,0.2074
388,16.17,2,lifter,0.7078,219,682,350,925,-6.6792,0.3373,16.4761,0.7052,1.5133,0.3128
388,16.17,3,lifter,0.4403,2079,712,2178,885,-4.7563,0.2225,11.7952,0.5052,1.0811,0.236
388,16.17,4,lifter,0.1294,1340,1153,1666,1503,-5.252,0.2552,12.99,0.5529,1.1854,0.2479
388,16.17,5,lifter,0.1279,774,1171,1095,1512,-4.5392,0.2095,11.2634,0.4808,1.0294,0.2246
389,16.212,1,lifter,0.7946,195,1066,466,1512,-4.2397,0.192,10.5274,0.4468,0.9576,0.2074
389,16.212,2,lifter,0.7077,219,682,350,925,-6.6843,0.3376,16.4883,0.7057,1.5145,0.313
389,16.212,3,lifter,0.4387,2081,712,2178,885,-4.7592,0.2227,11.8024,0.5056,1.0818,0.2361
389,16.212,4,lifter,0.1272,1340,1153,1666,1503,-5.2541,0.2553,12.9951,0.5531,1.1858,0.248
389,16.212,5,lifter,0.1253,774,1171,1096,1512,-4.5322,0.2091,11.2463,0.48,1.0278,0.2242
390,16.254,1,lifter,0.794,195,1066,466,1512,-4.2405,0.1921,10.5295,0.4469,0.9578,0.2074
390,16.254,2,lifter,0.7064,219,682,350,925,-6.6785,0.3373,16.4743,0.7051,1.5132,0.3128
390,16.254,3,lifter,0.4577,2083,712,2179,886,-4.7672,0.2232,11.822,0.5064,1.0836,0.2365
390,16.254,4,lifter,0.1268,1340,1153,1666,1503,-5.2491,0.255,12.9828,0.5526,1.1847,0.2478
390,16.254,5,lifter,0.1222,774,1171,1098,1512,-4.5264,0.2088,11.232,0.4794,1.0264,0.224
391,16.295,1,lifter,0.794,195,1066,466,1512,-4.2405,0.1921,10.5295,0.4469,0.9578,0.2074
391,16.295,2,lifter,0.7054,219,682,350,925,-6.6837,0.3376,16.487,0.7056,1.5144,0.313
391,16.295,3,lifter,0.4666,2083,711,2179,887,-4.7564,0.2225,11.7955,0.5053,1.0811,0.236
391,16.295,4,lifter,0.1258,1340,1153,1666,1503,-5.2496,0.255,12.984,0.5526,1.1848,0.2478
391,16.295,5,lifter,0.1226,774,1171,1098,1512,-4.5264,0.2088,11.2322,0.4794,1.0264,0.224
392,16.337,1,lifter,0.794,195,1066,466,1512,-4.2405,0.1921,10.5295,0.4469,0.9578,0.2074
392,16.337,2,lifter,0.7052,219,682,350,925,-6.6861,0.3377,16.4929,0.7059,1.5149,0.3131
392,16.337,3,lifter,0.4406,2084,711,2179,885,-4.7617,0.2228,11.8085,0.5059,1.0823,0.2363
392,16.337,4,lifter,0.1268,1340,1153,1666,1503,-5.2495,0.255,12.984,0.5526,1.1848,0.2478
392,16.337,5,lifter,0.1231,774,1171,1098,1512,-4.5266,0.2088,11.2325,0.4794,1.0264,0.224
393,16.379,1,lifter,0.794,195,1066,466,1512,-4.2405,0.1921,10.5295,0.4469,0.9578,0.2074
393,16.379,2,lifter,0.704,219,682,350,925,-6.6837,0.3376,16.487,0.7056,1.5144,0.313
393,16.379,3,lifter,0.438,2085,711,2179,885,-4.7575,0.2226,11.7981,0.5054,1.0813,0.2361
393,16.379,4,lifter,0.1269,1340,1153,1666,1503,-5.2498,0.2551,12.9847,0.5526,1.1849,0.2478
393,16.379,5,lifter,0.1233,774,1171,1097,1512,-4.5309,0.2091,11.2432,0.4799,1.0275,0.2242
394,16.42,1,lifter,0.794,195,1066,466,1512,-4.2405,0.1921,10.5295,0.4469,0.9578,0.2074
394,16.42,2,lifter,0.7032,219,682,350,925,-6.6785,0.3373,16.4743,0.7051,1.5132,0.3128
394,16.42,3,lifter,0.4762,2086,711,2179,884,-4.7668,0.2231,11.8211,0.5064,1.0836,0.2365
394,16.42,4,lifter,0.1282,1340,1153,1666,1503,-5.2496,0.255,12.984,0.5526,1.1848,0.2478
394,16.42,5,lifter,0.1244,774,1171,1097,1512,-4.5309,0.209,11.2431,0.4799,1.0275,0.2242
395,16.462,1,lifter,0.7942,195,1066,466,1512,-4.2405,0.1921,10.5295,0.4469,0.9578,0.2074
395,16.462,2,lifter,0.7034,219,682,350,925,-6.6788,0.3373,16.4751,0.7051,1.5132,0.3128
395,16.462,3,lifter,0.513,2085,711,2179,884,-4.7508,0.2222,11.782,0.5047,1.0798,0.2357
395,16.462,4,lifter,0.1283,1340,1153,1666,1503,-5.2496,0.255,12.984,0.5526,1.1848,0.2478
395,16.462,5,lifter,0.1246,774,1171,1097,1512,-4.5309,0.209,11.2431,0.4799,1.0275,0.2242
396,16.504,1,lifter,0.7942,195,1066,466,1512,-4.2405,0.1921,10.5295,0.4469,0.9578,0.2074
396,16.504,2,lifter,0.7036,219,682,350,925,-6.6787,0.3373,16.4749,0.7051,1.5132,0.3128
396,16.504,3,lifter,0.5207,2084,710,2180,884,-4.7583,0.2226,11.8003,0.5055,1.0816,0.2361
396,16.504,4,lifter,0.1278,1340,1153,1666,1503,-5.2496,0.255,12.984,0.5526,1.1848,0.2478
396,16.504,5,lifter,0.1247,774,1171,1097,1512,-4.5309,0.209,11.2431,0.4799,1.0275,0.2242
397,16.545,1,lifter,0.7943,195,1066,466,1512,-4.2405,0.1921,10.5295,0.4469,0.9578,0.2074
397,16.545,2,lifter,0.7038,219,682,350,925,-6.6788,0.3373,16.4751,0.7051,1.5132,0.3128
397,16.545,3,lifter,0.5395,2081,709,2180,886,-4.7453,0.2218,11.7684,0.5041,1.0785,0.2355
397,16.545,4,lifter,0.1272,1340,1153,1666,1503,-5.2496,0.255,12.984,0.5526,1.1848,0.2478
397,16.545,5,lifter,0.1249,774,1171,1097,1512,-4.5309,0.209,11.2431,0.4799,1.0275,0.2242
398,16.587,1,lifter,0.7942,195,1066,466,1512,-4.2405,0.1921,10.5295,0.4469,0.9578,0.2074
398,16.587,2,lifter,0.7039,219,682,350,925,-6.6785,0.3373,16.4744,0.7051,1.5132,0.3128
398,16.587,3,lifter,0.5181,2082,709,2180,883,-4.7642,0.2229,11.8146,0.5061,1.083,0.2364
398,16.587,4,lifter,0.13,1340,1153,1666,1503,-5.2496,0.255,12.984,0.5526,1.1848,0.2478
398,16.587,5,lifter,0.1249,774,1171,1097,1512,-4.5309,0.209,11.2431,0.4799,1.0275,0.2242
399,16.629,1,lifter,0.7942,195,1066,466,1512,-4.2405,0.1921,10.5295,0.4469,0.9578,0.2074
399,16.629,2,lifter,0.7045,219,682,350,925,-6.6785,0.3373,16.4744,0.7051,1.5132,0.3128
399,16.629,3,lifter,0.5252,2083,708,2180,885,-4.7422,0.2216,11.7609,0.5037,1.0778,0.2353
399,16.629,4,lifter,0.1302,1340,1153,1666,1503,-5.2501,0.2551,12.9852,0.5527,1.1849,0.2478
399,16.629,5,lifter,0.1247,774,1171,1096,1512,-4.5332,0.2092,11.2487,0.4801,1.028,0.2243
400,16.67,1,lifter,0.7942,195,1066,466,1512,-4.2405,0.1921,10.5295,0.4469,0.9578,0.2074
400,16.67,2,lifter,0.7065,219,682,350,925,-6.6785,0.3373,16.4744,0.7051,1.5132,0.3128
400,16.67,3,lifter,0.5491,2084,709,2181,886,-4.7285,0.2208,11.7272,0.5022,1.0745,0.2346
400,16.67,4,lifter,0.131,1340,1153,1666,1503,-5.249,0.255,12.9827,0.5525,1.1847,0.2478
400,16.67,5,lifter,0.1244,774,1171,1096,1512,-4.5332,0.2092,11.2487,0.4801,1.028,0.2243
401,16.712,1,lifter,0.7941,195,1066,466,1512,-4.2405,0.1921,10.5295,0.4469,0.9578,0.2074
401,16.712,2,lifter,0.7081,218,682,350,925,-6.683,0.3375,16.4852,0.7056,1.5142,0.313
401,16.712,3,lifter,0.5436,2086,708,2181,887,-4.7218,0.2204,11.711,0.5015,1.073,0.2342
401,16.712,4,lifter,0.1306,1340,1153,1666,1503,-5.2486,0.255,12.9816,0.5525,1.1846,0.2478
401,16.712,5,lifter,0.1245,774,1171,1096,1512,-4.5331,0.2092,11.2485,0.4801,1.028,0.2243
402,16.754,1,lifter,0.7942,195,1066,466,1512,-4.2405,0.1921,10.5295,0.4469,0.9578,0.2074
402,16.754,2,lifter,0.7125,217,682,350,925,-6.7023,0.3386,16.5324,0.7076,1.5186,0.3139
402,16.754,3,lifter,0.5001,2087,708,2181,887,-4.7171,0.2202,11.6994,0.501,1.0718,0.234
402,16.754,4,lifter,0.1314,1340,1153,1666,1503,-5.2467,0.2549,12.9771,0.5523,1.1841,0.2477
402,16.754,5,lifter,0.1248,774,1171,1096,1512,-4.5331,0.2092,11.2485,0.4801,1.028,0.2243
403,16.795,1,lifter,0.7942,195,1066,466,1512,-4.2401,0.1921,10.5285,0.4469,0.9577,0.2074
403,16.795,2,lifter,0.7126,217,682,350,925,-6.7018,0.3386,16.5311,0.7076,1.5185,0.3139
403,16.795,3,lifter,0.5163,2088,708,2182,888,-4.6985,0.2191,11.6539,0.4989,1.0675,0.233
403,16.795,4,lifter,0.1305,1340,1153,1666,1503,-5.2483,0.255,12.981,0.5525,1.1845,0.2478
403,16.795,5,lifter,0.1248,774,1171,1096,1512,-4.5325,0.2091,11.247,0.4801,1.0278,0.2243
404,16.837,1,lifter,0.7943,195,1066,466,1512,-4.2401,0.1921,10.5284,0.4469,0.9577,0.2074
404,16.837,2,lifter,0.7137,217,681,350,925,-6.7237,0.3399,16.5847,0.7099,1.5236,0.3149
404,16.837,3,lifter,0.5416,2089,707,2182,890,-4.7,0.2192,11.6576,0.4991,1.0678,0.233
404,16.837,4,lifter,0.13,1340,1153,1666,1503,-5.2481,0.255,12.9805,0.5525,1.1845,0.2477
404,16.837,5,lifter,0.1249,774,1171,1096,1512,-4.5328,0.2092,11.2478,0.4801,1.0279,0.2243
405,16.879,1,lifter,0.7949,195,1066,465,1512,-4.2409,0.1921,10.5303,0.447,0.9579,0.2074
405,16.879,2,lifter,0.7143,217,681,350,925,-6.7233,0.3398,16.5837,0.7099,1.5235,0.3149
405,16.879,3,lifter,0.5254,2088,706,2182,891,-4.694,0.2188,11.643,0.4984,1.0664,0.2327
405,16.879,4,lifter,0.1302,1340,1153,1666,1503,-5.2485,0.255,12.9815,0.5525,1.1845,0.2478
405,16.879,5,lifter,0.1245,774,1171,1096,1512,-4.5326,0.2091,11.2473,0.4801,1.0279,0.2243
406,16.921,1,lifter,0.7955,195,1066,465,1512,-4.2411,0.1921,10.5308,0.447,0.958,0.2075
406,16.921,2,lifter,0.7165,217,681,350,925,-6.7222,0.3398,16.5811,0.7097,1.5232,0.3149
406,16.921,3,lifter,0.5374,2088,706,2183,892,-4.6868,0.2184,11.6254,0.4976,1.0647,0.2323
406,16.921,4,lifter,0.1305,1340,1153,1666,1503,-5.2471,0.2549,12.978,0.5523,1.1842,0.2477
406,16.921,5,lifter,0.1248,773,1171,1095,1512,-4.5444,0.2099,11.2763,0.4814,1.0307,0.2249
407,16.962,1,lifter,0.7955,195,1066,466,1512,-4.2404,0.1921,10.5291,0.4469,0.9578,0.2074
407,16.962,2,lifter,0.7157,217,681,350,925,-6.7252,0.34,16.5884,0.7101,1.5239,0.315
407,16.962,3,lifter,0.5152,2089,707,2183,896,-4.7526,0.2223,11.7861,0.5049,1.0802,0.2358
407,16.962,4,lifter,0.1295,1340,1153,1666,1503,-5.249,0.255,12.9827,0.5526,1.1847,0.2478
407,16.962,5,lifter,0.1251,773,1171,1096,1512,-4.5392,0.2095,11.2634,0.4808,1.0294,0.2246
408,17.004,1,lifter,0.7959,195,1066,466,1512,-4.2406,0.1921,10.5297,0.4469,0.9578,0.2074
408,17.004,2,lifter,0.7146,217,681,350,925,-6.7258,0.34,16.5899,0.7101,1.524,0.315
408,17.004,3,lifter,0.5323,2089,707,2182,897,-4.7804,0.2239,11.8542,0.5079,1.0868,0.2373
408,17.004,4,lifter,0.1301,1340,1153,1666,1503,-5.246,0.2548,12.9752,0.5522,1.184,0.2476
408,17.004,5,lifter,0.126,773,1170,1096,1512,-4.5457,0.2099,11.2794,0.4815,1.031,0.225
409,17.046,1,lifter,0.7956,195,1066,466,1512,-4.2398,0.192,10.5277,0.4468,0.9577,0.2074
409,17.046,2,lifter,0.7134,217,681,350,925,-6.7274,0.3401,16.5939,0.7103,1.5244,0.3151
409,17.046,3,lifter,0.5508,2090,708,2182,897,-4.7857,0.2242,11.8671,0.5085,1.088,0.2376
409,17.046,4,lifter,0.13,1340,1153,1666,1503,-5.248,0.2549,12.9803,0.5524,1.1844,0.2477
409,17.046,5,lifter,0.1268,774,1170,1096,1512,-4.5415,0.2097,11.269,0.4811,1.03,0.2248
410,17.087,1,lifter,0.7957,195,1066,465,1512,-4.2394,0.192,10.5267,0.4468,0.9576,0.2074
410,17.087,2,lifter,0.7123,217,682,350,925,-6.7027,0.3387,16.5334,0.7077,1.5187,0.3139
410,17.087,3,lifter,0.5611,2092,708,2182,896,-4.7977,0.2249,11.8965,0.5098,1.0908,0.2382
410,17.087,4,lifter,0.1317,1340,1153,1666,1503,-5.2456,0.2548,12.9744,0.5522,1.1839,0.2476
410,17.087,5,lifter,0.1263,773,1170,1097,1512,-4.5393,0.2095,11.2638,0.4809,1.0295,0.2247
411,17.129,1,lifter,0.7953,195,1066,466,1512,-4.2391,0.192,10.5261,0.4468,0.9575,0.2073
411,17.129,2,lifter,0.7086,218,681,350,925,-6.7113,0.3391,16.5545,0.7086,1.5207,0.3143
411,17.129,3,lifter,0.4969,2091,707,2182,898,-4.7863,0.2243,11.8685,0.5086,1.0881,0.2376
411,17.129,4,lifter,0.1312,1340,1153,1666,1503,-5.2476,0.2549,12.9791,0.5524,1.1843,0.2477
411,17.129,5,lifter,0.1271,773,1170,1097,1512,-4.5397,0.2096,11.2647,0.4809,1.0296,0.2247
412,17.171,1,lifter,0.7953,195,1066,466,1512,-4.2399,0.1921,10.528,0.4468,0.9577,0.2074
412,17.171,2,lifter,0.7085,219,681,350,925,-6.7049,0.3388,16.5389,0.7079,1.5192,0.314
412,17.171,3,lifter,0.4949,2090,706,2183,896,-4.7828,0.224,11.86,0.5082,1.0873,0.2374
412,17.171,4,lifter,0.1339,1340,1153,1666,1503,-5.2444,0.2547,12.9715,0.5521,1.1836,0.2476
412,17.171,5,lifter,0.1285,773,1170,1097,1512,-4.5403,0.2096,11.2661,0.481,1.0297,0.2247
413,17.212,1,lifter,0.7951,195,1066,466,1512,-4.2397,0.192,10.5274,0.4468,0.9576,0.2074
413,17.212,2,lifter,0.7078,219,681,350,925,-6.7025,0.3386,16.5331,0.7076,1.5187,0.3139
413,17.212,3,lifter,0.4696,2089,706,2182,895,-4.7652,0.223,11.8169,0.5062,1.0832,0.2365
413,17.212,4,lifter,0.1335,1340,1153,1666,1503,-5.2466,0.2549,12.9768,0.5523,1.1841,0.2477
413,17.212,5,lifter,0.1282,773,1170,1097,1512,-4.5398,0.2096,11.265,0.4809,1.0296,0.2247
414,17.254,1,lifter,0.7952,195,1066,466,1512,-4.2394,0.192,10.5268,0.4468,0.9576,0.2074
414,17.254,2,lifter,0.7073,219,681,350,925,-6.6946,0.3382,16.5137,0.7068,1.5168,0.3135
414,17.254,3,lifter,0.4982,2089,706,2182,894,-4.7578,0.2226,11.799,0.5054,1.0814,0.2361
414,17.254,4,lifter,0.1346,1340,1153,1666,1503,-5.2438,0.2547,12.97,0.552,1.1835,0.2475
414,17.254,5,lifter,0.128,773,1170,1097,1512,-4.5394,0.2095,11.2641,0.4809,1.0295,0.2247
415,17.296,1,lifter,0.7957,195,1066,466,1512,-4.2419,0.1922,10.5328,0.4471,0.9581,0.2075
415,17.296,2,lifter,0.7075,219,681,350,925,-6.7065,0.3389,16.5426,0.708,1.5196,0.3141
415,17.296,3,lifter,0.4591,2089,705,2182,893,-4.7262,0.2207,11.7216,0.502,1.074,0.2344
415,17.296,4,lifter,0.1323,1340,1153,1666,1503,-5.2518,0.2552,12.9894,0.5529,1.1853,0.2479
415,17.296,5,lifter,0.1273,773,1170,1097,1512,-4.5398,0.2096,11.265,0.4809,1.0296,0.2247
416,17.337,1,lifter,0.7942,195,1066,466,1512,-4.2436,0.1923,10.5369,0.4472,0.9585,0.2076
416,17.337,2,lifter,0.7083,219,681,350,925,-6.7063,0.3389,16.5422,0.708,1.5195,0.3141
416,17.337,3,lifter,0.4395,2088,705,2183,891,-4.7025,0.2193,11.6637,0.4994,1.0684,0.2332
416,17.337,4,lifter,0.1337,1340,1153,1666,1503,-5.2503,0.2551,12.9858,0.5527,1.1849,0.2478
416,17.337,5,lifter,0.1264,773,1170,1097,1512,-4.541,0.2096,11.2678,0.481,1.0298,0.2247
417,17.379,1,lifter,0.7949,195,1066,466,1512,-4.2428,0.1922,10.535,0.4472,0.9584,0.2075
417,17.379,2,lifter,0.7083,218,681,350,925,-6.7151,0.3394,16.5638,0.709,1.5215,0.3145
417,17.379,3,lifter,0.4367,2089,706,2183,891,-4.706,0.2195,11.6722,0.4997,1.0692,0.2334
417,17.379,4,lifter,0.1337,1340,1153,1666,1503,-5.2521,0.2552,12.9901,0.5529,1.1853,0.2479
417,17.379,5,lifter,0.1266,773,1170,1097,1512,-4.5405,0.2096,11.2667,0.481,1.0297,0.2247
418,17.421,1,lifter,0.7943,195,1066,466,1512,-4.2429,0.1922,10.5352,0.4472,0.9584,0.2075
418,17.421,2,lifter,0.7096,218,681,350,925,-6.7039,0.3387,16.5365,0.7078,1.519,0.314
418,17.421,3,lifter,0.4649,2090,706,2182,889,-4.7086,0.2197,11.6786,0.5,1.0699,0.2335
418,17.421,4,lifter,0.134,1340,1153,1666,1503,-5.2454,0.2548,12.9738,0.5522,1.1838,0.2476
418,17.421,5,lifter,0.1251,773,1170,1098,1512,-4.5384,0.2095,11.2615,0.4808,1.0293,0.2246
419,17.462,1,lifter,0.7937,195,1066,466,1512,-4.2422,0.1922,10.5336,0.4471,0.9582,0.2075
419,17.462,2,lifter,0.7097,218,681,350,925,-6.7145,0.3393,16.5621,0.7089,1.5214,0.3145
419,17.462,3,lifter,0.5486,2092,706,2183,890,-4.7179,0.2202,11.7014,0.501,1.072,0.234
419,17.462,4,lifter,0.134,1340,1153,1666,1503,-5.2498,0.255,12.9846,0.5526,1.1848,0.2478
419,17.462,5,lifter,0.1244,774,1170,1097,1512,-4.5387,0.2095,11.2622,0.4808,1.0293,0.2246
420,17.504,1,lifter,0.7936,195,1066,466,1512,-4.2438,0.1923,10.5375,0.4473,0.9586,0.2076
420,17.504,2,lifter,0.7107,218,681,350,925,-6.7133,0.3393,16.5594,0.7088,1.5211,0.3144
420,17.504,3,lifter,0.5463,2092,705,2183,889,-4.7384,0.2214,11.7516,0.5033,1.0769,0.2351
420,17.504,4,lifter,0.1391,2135,714,2189,880,-4.8746,0.2288,12.081,0.5178,1.1085,0.2428
420,17.504,5,lifter,0.1333,1340,1153,1666,1503,-5.2494,0.255,12.9836,0.5526,1.1847,0.2478
420,17.504,6,lifter,0.1265,774,1170,1097,1512,-4.5394,0.2096,11.264,0.4808,1.0295,0.2246
421,17.546,1,lifter,0.7941,195,1066,466,1512,-4.242,0.1922,10.5331,0.4471,0.9582,0.2075
421,17.546,2,lifter,0.7091,218,681,350,925,-6.7152,0.3394,16.5639,0.709,1.5215,0.3145
421,17.546,3,lifter,0.6012,2092,704,2183,888,-4.751,0.2221,11.7825,0.5047,1.0799,0.2358
421,17.546,4,lifter,0.1389,2136,712,2189,880,-4.8903,0.2297,12.1193,0.5196,1.1122,0.2437
421,17.546,5,lifter,0.1311,1340,1153,1666,1502,-5.217,0.2531,12.9044,0.5491,1.1773,0.2463
421,17.546,6,lifter,0.1262,774,1170,1097,1512,-4.5393,0.2095,11.2638,0.4808,1.0294,0.2246
422,17.587,1,lifter,0.7949,195,1066,466,1512,-4.2432,0.1922,10.5359,0.4472,0.9585,0.2075
422,17.587,2,lifter,0.7085,218,681,350,925,-6.7039,0.3387,16.5365,0.7078,1.519,0.314
422,17.587,3,lifter,0.6184,2092,704,2183,887,-4.7702,0.2233,11.8294,0.5068,1.0844,0.2368
422,17.587,4,lifter,0.1368,2136,712,2189,880,-4.8907,0.2298,12.1202,0.5196,1.1123,0.2437
422,17.587,5,lifter,0.1308,1340,1153,1666,1502,-5.213,0.2529,12.8946,0.5486,1.1764,0.2461
422,17.587,6,lifter,0.1271,774,1170,1097,1512,-4.5401,0.2096,11.2656,0.4809,1.0296,0.2247
423,17.629,1,lifter,0.7945,195,1066,465,1512,-4.2434,0.1923,10.5365,0.4472,0.9585,0.2075
423,17.629,2,lifter,0.7074,219,681,350,925,-6.7051,0.3388,16.5393,0.7079,1.5192,0.314
423,17.629,3,lifter,0.557,2091,705,2184,886,-4.7814,0.2239,11.8567,0.5081,1.0871,0.2374
423,17.629,4,lifter,0.1391,2137,714,2190,880,-4.8833,0.2293,12.1021,0.5188,1.1105,0.2433
423,17.629,5,lifter,0.1339,1340,1153,1666,1502,-5.2176,0.2531,12.9059,0.5491,1.1774,0.2463
423,17.629,6,lifter,0.1256,774,1170,1097,1512,-4.5388,0.2095,11.2624,0.4808,1.0293,0.2246
424,17.671,1,lifter,0.7934,195,1066,465,1512,-4.2421,0.1922,10.5333,0.4471,0.9582,0.2075
424,17.671,2,lifter,0.7063,219,681,350,925,-6.7025,0.3386,16.533,0.7076,1.5187,0.3139
424,17.671,3,lifter,0.5696,2093,706,2183,876,-4.7757,0.2236,11.843,0.5075,1.0858,0.2371
424,17.671,4,lifter,0.1329,1340,1153,1666,1502,-5.2151,0.253,12.8997,0.5488,1.1768,0.2462
424,17.671,5,lifter,0.1255,774,1170,1097,1512,-4.5387,0.2095,11.2622,0.4808,1.0293,0.2246
425,17.712,1,lifter,0.7945,195,1066,465,1512,-4.2419,0.1922,10.5329,0.4471,0.9581,0.2075
425,17.712,2,lifter,0.7057,219,681,350,925,-6.7117,0.3392,16.5554,0.7086,1.5208,0.3143
425,17.712,3,lifter,0.5508,2093,705,2183,877,-4.7797,0.2238,11.8527,0.5079,1.0867,0.2374
425,17.712,4,lifter,0.1324,1340,1153,1666,1502,-5.2165,0.2531,12.9033,0.549,1.1772,0.2462
425,17.712,5,lifter,0.1264,774,1170,1096,1512,-4.5413,0.2097,11.2686,0.481,1.0299,0.2247
426,17.754,1,lifter,0.7948,195,1066,465,1512,-4.2413,0.1921,10.5314,0.447,0.958,0.2074
426,17.754,2,lifter,0.7053,219,682,350,925,-6.6929,0.3381,16.5095,0.7066,1.5165,0.3134
426,17.754,3,lifter,0.5313,2094,705,2184,889,-4.7724,0.2234,11.8346,0.5071,1.0849,0.2369
426,17.754,4,lifter,0.1306,1340,1153,1666,1502,-5.2124,0.2528,12.8932,0.5485,1.1762,0.246
426,17.754,5,lifter,0.1269,774,1170,1096,1512,-4.5428,0.2098,11.2722,0.4812,1.0303,0.2248
427,17.796,1,lifter,0.7947,195,1066,465,1512,-4.2416,0.1922,10.5319,0.447,0.958,0.2074
427,17.796,2,lifter,0.7069,219,682,350,925,-6.7013,0.3386,16.53,0.7075,1.5184,0.3138
427,17.796,3,lifter,0.4567,2095,705,2184,875,-4.7681,0.2232,11.8243,0.5066,1.084,0.2367
427,17.796,4,lifter,0.1293,1340,1153,1666,1502,-5.2204,0.2533,12.9127,0.5494,1.1781,0.2464
427,17.796,5,lifter,0.1243,774,1170,1096,1512,-4.5402,0.2096,11.2659,0.4809,1.0296,0.2247
428,17.837,1,lifter,0.7934,195,1066,465,1512,-4.2419,0.1922,10.5327,0.4471,0.9581,0.2075
428,17.837,2,lifter,0.7098,219,681,350,925,-6.7155,0.3394,16.5646,0.709,1.5216,0.3145
428,17.837,3,lifter,0.5367,2125,709,2191,877,-4.8601,0.2286,12.0491,0.5168,1.1056,0.2416
428,17.837,4,lifter,0.1296,1340,1153,1666,1502,-5.219,0.2532,12.9093,0.5493,1.1777,0.2464
428,17.837,5,lifter,0.1249,774,1170,1095,1512,-4.5474,0.21,11.2836,0.4817,1.0313,0.225
429,17.879,1,lifter,0.7948,195,1066,465,1512,-4.2413,0.1921,10.5313,0.447,0.958,0.2074
429,17.879,2,lifter,0.7157,218,681,350,925,-6.7303,0.3402,16.6009,0.7106,1.525,0.3152
429,17.879,3,lifter,0.5327,2125,709,2191,876,-4.8572,0.2284,12.0422,0.5165,1.105,0.2414
429,17.879,4,lifter,0.128,1340,1153,1666,1502,-5.2208,0.2533,12.9137,0.5495,1.1782,0.2464
429,17.879,5,lifter,0.1248,774,1170,1095,1512,-4.5464,0.21,11.281,0.4816,1.0311,0.225
430,17.921,1,lifter,0.7951,195,1066,465,1512,-4.2428,0.1922,10.5351,0.4472,0.9584,0.2075
430,17.921,2,lifter,0.7103,219,681,350,925,-6.71,0.3391,16.5513,0.7084,1.5204,0.3143
430,17.921,3,lifter,0.5459,2128,710,2192,876,-4.861,0.2286,12.0515,0.5169,1.1059,0.2417
430,17.921,4,lifter,0.1297,1340,1153,1666,1503,-5.2481,0.2549,12.9804,0.5525,1.1844,0.2477
430,17.921,5,lifter,0.1275,774,1170,1094,1512,-4.5532,0.2104,11.2978,0.4823,1.0327,0.2253
431,17.962,1,lifter,0.7936,195,1066,465,1512,-4.2407,0.1921,10.5299,0.4469,0.9578,0.2074
431,17.962,2,lifter,0.7108,219,682,350,925,-6.7256,0.34,16.5893,0.7101,1.524,0.315
431,17.962,3,lifter,0.4624,2093,704,2185,869,-4.8053,0.2253,11.9156,0.5108,1.0928,0.2388
431,17.962,4,lifter,0.1318,1340,1153,1666,1502,-5.2238,0.2535,12.9211,0.5498,1.1789,0.2466
431,17.962,5,lifter,0.127,774,1170,1094,1512,-4.5516,0.2103,11.2938,0.4821,1.0323,0.2252
432,18.004,1,lifter,0.7929,195,1066,465,1512,-4.2402,0.1921,10.5287,0.4469,0.9577,0.2074
432,18.004,2,lifter,0.7147,219,682,350,925,-6.7299,0.3402,16.5999,0.7105,1.525,0.3152
432,18.004,3,lifter,0.478,2094,705,2184,862,-4.783,0.224,11.8611,0.5083,1.0876,0.2376
432,18.004,4,lifter,0.1328,1340,1153,1666,1502,-5.2223,0.2534,12.9174,0.5496,1.1785,0.2465
432,18.004,5,lifter,0.1284,773,1170,1094,1512,-4.5523,0.2103,11.2955,0.4822,1.0325,0.2253
433,18.046,1,lifter,0.7921,195,1067,465,1512,-4.2382,0.192,10.5236,0.4466,0.9572,0.2073
433,18.046,2,lifter,0.7155,219,682,350,925,-6.7235,0.3398,16.5843,0.7098,1.5235,0.3149
433,18.046,3,lifter,0.5155,2094,704,2184,876,-4.8159,0.226,11.9415,0.5119,1.0953,0.2393
433,18.046,4,lifter,0.1331,1340,1153,1666,1502,-5.226,0.2536,12.9264,0.55,1.1794,0.2467
433,18.046,5,lifter,0.1277,773,1170,1096,1512,-4.544,0.2098,11.2752,0.4813,1.0305,0.2249
434,18.087,1,lifter,0.7945,195,1066,465,1512,-4.2415,0.1921,10.5319,0.447,0.9581,0.2075
434,18.087,2,lifter,0.7159,219,682,350,925,-6.7224,0.3398,16.5814,0.7097,1.5232,0.3149
434,18.087,3,lifter,0.4697,2096,704,2184,872,-4.8013,0.2251,11.9058,0.5103,1.0919,0.2385
434,18.087,4,lifter,0.1323,1340,1153,1666,1502,-5.2156,0.253,12.9011,0.5489,1.177,0.2462
434,18.087,5,lifter,0.1279,774,1170,1094,1512,-4.5511,0.2102,11.2926,0.4821,1.0322,0.2252
435,18.129,1,lifter,0.7941,195,1066,465,1512,-4.244,0.1923,10.5378,0.4473,0.9586,0.2075
435,18.129,2,lifter,0.7111,219,682,350,925,-6.7434,0.341,16.6329,0.712,1.528,0.3159
435,18.129,3,lifter,0.492,2098,703,2184,871,-4.7826,0.224,11.8601,0.5082,1.0875,0.2375
435,18.129,4,lifter,0.1368,1340,1153,1666,1502,-5.2246,0.2536,12.923,0.5499,1.179,0.2466
435,18.129,5,lifter,0.125,773,1170,1092,1512,-4.5539,0.2104,11.2995,0.4824,1.0329,0.2254
436,18.171,1,lifter,0.7959,195,1066,466,1512,-4.2417,0.1922,10.5324,0.447,0.9581,0.2075
436,18.171,2,lifter,0.7079,219,683,350,925,-6.7245,0.3399,16.5866,0.71,1.5237,0.3149
436,18.171,3,lifter,0.4929,2099,703,2183,859,-4.7569,0.2225,11.7973,0.5054,1.0814,0.2362
436,18.171,4,lifter,0.1346,774,1170,1089,1512,-4.5802,0.212,11.3639,0.4853,1.0391,0.2267
436,18.171,5,lifter,0.1299,1340,1152,1666,1502,-5.2003,0.2521,12.8636,0.5472,1.1734,0.2454
437,18.212,1,lifter,0.7959,196,1066,466,1512,-4.2444,0.1923,10.5388,0.4473,0.9587,0.2076
437,18.212,2,lifter,0.7106,219,682,349,925,-6.7773,0.3429,16.7157,0.7156,1.5358,0.3175
437,18.212,3,lifter,0.4416,2101,703,2183,872,-4.7702,0.2233,11.8298,0.5069,1.0845,0.2369
437,18.212,4,lifter,0.1335,1340,1152,1666,1502,-5.1953,0.2518,12.8514,0.5467,1.1723,0.2452
437,18.212,5,lifter,0.1333,773,1170,1089,1512,-4.5821,0.2121,11.3683,0.4855,1.0395,0.2268
438,18.254,1,lifter,0.7948,195,1066,465,1512,-4.2456,0.1924,10.5418,0.4475,0.959,0.2076
438,18.254,2,lifter,0.7183,218,683,349,925,-6.7676,0.3424,16.6918,0.7146,1.5336,0.317
438,18.254,3,lifter,0.3946,2117,706,2192,890,-4.8203,0.2263,11.9519,0.5124,1.0962,0.2394
438,18.254,4,lifter,0.1372,1340,1152,1666,1502,-5.211,0.2528,12.8898,0.5484,1.1759,0.246
438,18.254,5,lifter,0.1254,773,1170,1092,1512,-4.5547,0.2105,11.3015,0.4825,1.0331,0.2254
439,18.296,1,lifter,0.7938,195,1066,465,1512,-4.2435,0.1923,10.5368,0.4472,0.9585,0.2075
439,18.296,2,lifter,0.7228,218,683,350,925,-6.7551,0.3417,16.6614,0.7133,1.5308,0.3164
439,18.296,3,lifter,0.3746,2102,703,2183,872,-4.7861,0.2242,11.8685,0.5086,1.0882,0.2377
439,18.296,4,lifter,0.1461,1340,1152,1666,1502,-5.2254,0.2536,12.925,0.55,1.1792,0.2466
439,18.296,5,lifter,0.124,773,1171,1089,1512,-4.5549,0.2105,11.3018,0.4825,1.0331,0.2254
440,18.338,1,lifter,0.792,195,1066,465,1512,-4.2413,0.1922,10.5312,0.447,0.9579,0.2074
440,18.338,2,lifter,0.7253,217,682,350,925,-6.788,0.3436,16.7418,0.7168,1.5383,0.318
440,18.338,3,lifter,0.3928,2099,703,2183,876,-4.8002,0.2251,11.9031,0.5102,1.0916,0.2385
440,18.338,4,lifter,0.1463,1340,1151,1666,1503,-5.242,0.2546,12.9656,0.5518,1.183,0.2474
440,18.338,5,lifter,0.1268,774,1171,1089,1512,-4.5565,0.2106,11.3057,0.4827,1.0335,0.2255
441,18.379,1,lifter,0.7935,196,1067,466,1512,-4.2461,0.1924,10.5429,0.4475,0.959,0.2076
441,18.379,2,lifter,0.7219,218,683,349,925,-6.8037,0.3445,16.7801,0.7184,1.5419,0.3187
441,18.379,3,lifter,0.3332,2100,703,2184,878,-4.8104,0.2257,11.928,0.5113,1.094,0.239
441,18.379,4,lifter,0.1369,774,1171,1086,1512,-4.5809,0.212,11.3655,0.4854,1.0393,0.2268
441,18.379,5,lifter,0.1339,1340,1152,1666,1502,-5.2272,0.2537,12.9293,0.5502,1.1796,0.2467
442,18.421,1,lifter,0.7909,195,1067,466,1512,-4.2412,0.1921,10.5311,0.447,0.958,0.2074
442,18.421,2,lifter,0.7178,218,683,349,925,-6.8056,0.3446,16.7848,0.7186,1.5423,0.3188
442,18.421,3,lifter,0.3707,2131,703,2193,877,-4.8424,0.2275,12.0059,0.5148,1.1015,0.2407
442,18.421,4,lifter,0.1355,1340,1152,1666,1502,-5.2071,0.2525,12.8802,0.548,1.1749,0.2457
442,18.421,5,lifter,0.1286,773,1171,1086,1512,-4.5812,0.212,11.3662,0.4854,1.0394,0.2268
443,18.463,1,lifter,0.7909,195,1066,465,1512,-4.2497,0.1927,10.5517,0.4478,0.9598,0.2077
443,18.463,2,lifter,0.721,218,683,349,925,-6.825,0.3457,16.832,0.7207,1.5468,0.3197
443,18.463,3,lifter,0.2622,2105,704,2187,882,-4.8182,0.2261,11.947,0.5122,1.0958,0.2394
443,18.463,4,lifter,0.1412,1340,1152,1666,1503,-5.268,0.2561,13.0292,0.5547,1.1889,0.2486
443,18.463,5,lifter,0.1305,774,1171,1083,1512,-4.5711,0.2114,11.3416,0.4843,1.037,0.2263
444,18.504,1,lifter,0.7897,195,1066,465,1512,-4.2506,0.1927,10.554,0.4479,0.9601,0.2078
444,18.504,2,lifter,0.7153,218,683,350,925,-6.7962,0.344,16.7617,0.7176,1.5402,0.3184
444,18.504,3,lifter,0.2796,2103,704,2187,883,-4.8006,0.2251,11.9038,0.5102,1.0916,0.2384
444,18.504,4,lifter,0.1436,1340,1152,1666,1503,-5.2695,0.2562,13.0328,0.5548,1.1893,0.2487
444,18.504,5,lifter,0.1306,773,1171,1082,1512,-4.5755,0.2117,11.3523,0.4848,1.0381,0.2266
445,18.546,1,lifter,0.7912,195,1066,465,1512,-4.2459,0.1924,10.5426,0.4474,0.959,0.2076
445,18.546,2,lifter,0.7153,218,683,350,925,-6.8022,0.3444,16.7763,0.7183,1.5415,0.3187
445,18.546,3,lifter,0.2833,2104,703,2187,886,-4.7989,0.225,11.8997,0.51,1.0912,0.2383
445,18.546,4,lifter,0.1377,1340,1152,1666,1503,-5.2555,0.2554,12.9988,0.5533,1.1861,0.248
445,18.546,5,lifter,0.1284,773,1171,1085,1512,-4.5747,0.2116,11.3504,0.4847,1.0379,0.2265
446,18.588,1,lifter,0.7907,195,1066,465,1512,-4.2467,0.1925,10.5445,0.4475,0.9592,0.2076
446,18.588,2,lifter,0.7128,218,683,350,925,-6.7795,0.3431,16.7211,0.7159,1.5364,0.3176
446,18.588,3,lifter,0.2912,2106,704,2188,888,-4.8091,0.2256,11.9246,0.5111,1.0936,0.2389
446,18.588,4,lifter,0.1337,1340,1152,1666,1503,-5.2484,0.255,12.9812,0.5525,1.1844,0.2477
446,18.588,5,lifter,0.1291,773,1171,1081,1512,-4.579,0.2119,11.361,0.4853,1.0389,0.2268
447,18.629,1,lifter,0.7887,195,1066,466,1512,-4.2463,0.1925,10.5436,0.4475,0.9591,0.2076
447,18.629,2,lifter,0.7166,218,683,350,925,-6.7898,0.3437,16.746,0.7169,1.5387,0.3181
447,18.629,3,lifter,0.2182,2104,704,2188,883,-4.7972,0.2249,11.8955,0.5099,1.0908,0.2383
447,18.629,4,lifter,0.135,1340,1152,1666,1502,-5.2341,0.2541,12.9463,0.5509,1.1811,0.247
447,18.629,5,lifter,0.1321,774,1171,1077,1512,-4.5683,0.2112,11.3347,0.4841,1.0365,0.2263
448,18.671,1,lifter,0.786,195,1067,466,1512,-4.2435,0.1923,10.5366,0.4472,0.9584,0.2074
448,18.671,2,lifter,0.7196,218,683,350,925,-6.7899,0.3437,16.7464,0.717,1.5387,0.3181
448,18.671,3,lifter,0.2026,2103,704,2188,877,-4.8123,0.2258,11.9327,0.5115,1.0945,0.2391
448,18.671,4,lifter,0.1372,1340,1152,1666,1502,-5.2333,0.2541,12.9444,0.5509,1.1809,0.2469
448,18.671,5,lifter,0.1298,774,1171,1077,1512,-4.5657,0.2111,11.3284,0.4838,1.0359,0.2261
449,18.713,1,lifter,0.7864,195,1067,466,1512,-4.2412,0.1922,10.5309,0.4469,0.9579,0.2073
449,18.713,2,lifter,0.7155,219,683,349,925,-6.8338,0.3462,16.8535,0.7216,1.5488,0.3202
449,18.713,3,lifter,0.1935,2107,704,2188,883,-4.77,0.2233,11.8292,0.5069,1.0844,0.2368
449,18.713,4,lifter,0.1364,1340,1152,1666,1502,-5.2292,0.2538,12.9343,0.5504,1.18,0.2467
449,18.713,5,lifter,0.1282,773,1171,1082,1512,-4.5745,0.2116,11.35,0.4847,1.0378,0.2265
450,18.754,1,lifter,0.7864,195,1067,466,1512,-4.2423,0.1922,10.5337,0.447,0.9581,0.2074
450,18.754,2,lifter,0.7117,219,683,350,925,-6.7757,0.3429,16.7116,0.7154,1.5355,0.3174
450,18.754,3,lifter,0.1923,2105,704,2188,883,-4.777,0.2237,11.8463,0.5076,1.0861,0.2372
450,18.754,4,lifter,0.1369,1340,1152,1666,1502,-5.2244,0.2535,12.9227,0.5499,1.1789,0.2465
450,18.754,5,lifter,0.1271,773,1171,1084,1512,-4.5699,0.2113,11.3386,0.4842,1.0367,0.2263
451,18.796,1,lifter,0.7853,195,1067,466,1512,-4.2412,0.1922,10.531,0.4469,0.9579,0.2073
451,18.796,2,lifter,0.7158,219,683,350,925,-6.7752,0.3428,16.7105,0.7154,1.5354,0.3174
451,18.796,3,lifter,0.2327,2111,705,2189,876,-4.7878,0.2243,11.8726,0.5088,1.0887,0.2378
451,18.796,4,lifter,0.1346,1340,1152,1666,1502,-5.2279,0.2537,12.9311,0.5503,1.1797,0.2467
451,18.796,5,lifter,0.1246,774,1171,1090,1512,-4.5473,0.21,11.2832,0.4816,1.0313,0.225
452,18.838,1,lifter,0.7817,194,1067,466,1512,-4.235,0.1918,10.5158,0.4462,0.9564,0.207
452,18.838,2,lifter,0.7175,219,684,349,925,-6.795,0.344,16.7586,0.7175,1.5399,0.3183
452,18.838,3,lifter,0.2307,2110,705,2189,878,-4.7842,0.2241,11.8638,0.5084,1.0878,0.2376
452,18.838,4,lifter,0.1388,1340,1152,1666,1503,-5.2642,0.2559,13.02,0.5543,1.188,0.2484
452,18.838,5,lifter,0.1225,774,1171,1096,1512,-4.5222,0.2086,11.2219,0.4789,1.0254,0.2236
453,18.879,1,lifter,0.7816,194,1067,466,1512,-4.2337,0.1917,10.5127,0.4461,0.9561,0.2069
453,18.879,2,lifter,0.719,219,684,350,925,-6.7617,0.3421,16.6774,0.714,1.5323,0.3167
453,18.879,3,lifter,0.2489,2112,705,2189,876,-4.7905,0.2245,11.8792,0.5091,1.0893,0.2379
453,18.879,4,lifter,0.1368,1340,1152,1666,1503,-5.2651,0.2559,13.0222,0.5544,1.1882,0.2484
453,18.879,5,lifter,0.1241,774,1171,1096,1512,-4.5212,0.2085,11.2195,0.4788,1.0251,0.2236
454,18.921,1,lifter,0.7823,194,1067,466,1512,-4.2328,0.1917,10.5104,0.446,0.9559,0.2069
454,18.921,2,lifter,0.718,218,684,350,925,-6.7625,0.3421,16.6794,0.7141,1.5325,0.3168
454,18.921,3,lifter,0.2562,2110,705,2189,881,-4.7735,0.2235,11.8377,0.5072,1.0853,0.237
454,18.921,4,lifter,0.1451,1340,1152,1666,1503,-5.2514,0.2551,12.9887,0.5529,1.1851,0.2478
454,18.921,5,lifter,0.1205,774,1171,1097,1512,-4.5214,0.2085,11.2198,0.4788,1.0252,0.2236
455,18.963,1,lifter,0.784,194,1067,466,1512,-4.2338,0.1917,10.513,0.4461,0.9562,0.207
455,18.963,2,lifter,0.718,219,684,349,925,-6.802,0.3444,16.7757,0.7183,1.5415,0.3186
455,18.963,3,lifter,0.2498,2108,705,2189,880,-4.7752,0.2236,11.8417,0.5074,1.0857,0.2371
455,18.963,4,lifter,0.1418,1340,1152,1666,1503,-5.2611,0.2557,13.0125,0.5539,1.1873,0.2482
455,18.963,5,lifter,0.1185,774,1171,1095,1512,-4.5256,0.2088,11.23,0.4792,1.0261,0.2238
456,19.004,1,lifter,0.784,194,1067,466,1512,-4.2344,0.1918,10.5145,0.4462,0.9563,0.207
456,19.004,2,lifter,0.7171,219,684,349,925,-6.8092,0.3448,16.7934,0.719,1.5432,0.319
456,19.004,3,lifter,0.2328,2114,705,2189,875,-4.7984,0.225,11.8987,0.51,1.0912,0.2384
456,19.004,4,lifter,0.1401,1340,1152,1666,1503,-5.2616,0.2557,13.0135,0.554,1.1874,0.2483
456,19.004,5,lifter,0.1187,774,1171,1095,1512,-4.5269,0.2088,11.2334,0.4794,1.0265,0.2239
457,19.046,1,lifter,0.7836,194,1067,466,1512,-4.2336,0.1917,10.5126,0.4461,0.9561,0.2069
457,19.046,2,lifter,0.7084,220,684,349,925,-6.8157,0.3452,16.8093,0.7197,1.5447,0.3193
457,19.046,3,lifter,0.1828,2129,697,2193,877,-4.8261,0.2266,11.966,0.513,1.0976,0.2398
457,19.046,4,lifter,0.1397,1340,1152,1666,1503,-5.264,0.2559,13.0195,0.5542,1.188,0.2484
457,19.046,5,lifter,0.1193,774,1171,1094,1512,-4.5312,0.2091,11.2439,0.4799,1.0275,0.2241
458,19.088,1,lifter,0.7831,194,1067,466,1512,-4.2329,0.1917,10.5107,0.446,0.956,0.2069
458,19.088,2,lifter,0.7051,220,684,350,925,-6.7727,0.3427,16.7044,0.7152,1.5349,0.3173
458,19.088,3,lifter,0.2271,2115,705,2190,868,-4.8026,0.2252,11.9089,0.5105,1.0922,0.2386
458,19.088,4,lifter,0.1417,1340,1152,1666,1503,-5.2597,0.2556,13.0089,0.5538,1.187,0.2482
458,19.088,5,lifter,0.1199,774,1171,1094,1512,-4.5321,0.2092,11.246,0.48,1.0277,0.2242
459,19.129,1,lifter,0.7829,194,1067,466,1512,-4.2331,0.1917,10.5112,0.446,0.956,0.2069
459,19.129,2,lifter,0.7106,220,683,350,925,-6.7863,0.3435,16.7375,0.7165,1.5379,0.3179
459,19.129,3,lifter,0.2064,2130,699,2193,870,-4.8203,0.2262,11.952,0.5124,1.0963,0.2396
459,19.129,4,lifter,0.1391,1340,1152,1666,1503,-5.2574,0.2555,13.0032,0.5535,1.1864,0.2481
459,19.129,5,lifter,0.12,774,1171,1096,1512,-4.52,0.2084,11.2165,0.4786,1.0248,0.2235
460,19.171,1,lifter,0.7832,194,1067,466,1512,-4.2336,0.1917,10.5124,0.4461,0.9561,0.207
460,19.171,2,lifter,0.7137,219,683,350,925,-6.7876,0.3435,16.7407,0.7167,1.5382,0.318
460,19.171,3,lifter,0.2418,2132,697,2193,871,-4.8278,0.2266,11.9702,0.5132,1.0981,0.24
460,19.171,4,lifter,0.1398,1340,1152,1666,1503,-5.2609,0.2557,13.0118,0.5539,1.1873,0.2482
460,19.171,5,lifter,0.1198,774,1170,1096,1512,-4.528,0.2089,11.236,0.4795,1.0267,0.224
461,19.213,1,lifter,0.7829,194,1067,466,1512,-4.2341,0.1917,10.5137,0.4462,0.9562,0.207
461,19.213,2,lifter,0.7171,219,683,350,925,-6.783,0.3433,16.7296,0.7162,1.5372,0.3177
461,19.213,3,lifter,0.2286,2122,705,2190,873,-4.8286,0.2267,11.9723,0.5133,1.0983,0.24
461,19.213,4,lifter,0.1394,1340,1152,1666,1503,-5.2615,0.2557,13.0135,0.554,1.1874,0.2483
461,19.213,5,lifter,0.1195,774,1170,1096,1512,-4.5277,0.2089,11.2353,0.4795,1.0267,0.224
462,19.254,1,lifter,0.7827,194,1067,466,1512,-4.234,0.1917,10.5133,0.4461,0.9562,0.207
462,19.254,2,lifter,0.7146,219,683,350,925,-6.7753,0.3428,16.7108,0.7154,1.5354,0.3174
462,19.254,3,lifter,0.218,2120,705,2190,873,-4.8304,0.2268,11.9768,0.5135,1.0987,0.2401
462,19.254,4,lifter,0.1419,1340,1152,1666,1503,-5.2584,0.2555,13.0057,0.5536,1.1867,0.2481
462,19.254,5,lifter,0.1195,774,1170,1096,1512,-4.5287,0.2089,11.2376,0.4796,1.0269,0.224
463,19.296,1,lifter,0.7843,194,1067,466,1512,-4.2332,0.1917,10.5114,0.4461,0.956,0.2069
463,19.296,2,lifter,0.7199,220,683,350,925,-6.7738,0.3428,16.7071,0.7152,1.5351,0.3173
463,19.296,3,lifter,0.2148,2118,705,2190,873,-4.8298,0.2268,11.9753,0.5135,1.0986,0.24
463,19.296,4,lifter,0.1412,1340,1152,1666,1503,-5.2588,0.2556,13.0068,0.5537,1.1868,0.2481
463,19.296,5,lifter,0.1183,774,1170,1098,1512,-4.5216,0.2085,11.2203,0.4788,1.0252,0.2236
464,19.338,1,lifter,0.7843,194,1067,466,1512,-4.2324,0.1916,10.5095,0.446,0.9558,0.2069
464,19.338,2,lifter,0.7145,220,683,350,925,-6.7705,0.3426,16.6989,0.7149,1.5343,0.3172
464,19.338,3,lifter,0.2774,2123,705,2190,873,-4.8208,0.2263,11.9533,0.5125,1.0964,0.2396
464,19.338,4,lifter,0.1413,1340,1152,1666,1503,-5.2577,0.2555,13.004,0.5536,1.1865,0.2481
464,19.338,5,lifter,0.1193,774,1170,1098,1512,-4.5216,0.2085,11.2204,0.4788,1.0252,0.2236
465,19.379,1,lifter,0.7841,194,1067,466,1512,-4.2327,0.1916,10.5104,0.446,0.9559,0.2069
465,19.379,2,lifter,0.7114,220,683,350,925,-6.7685,0.3424,16.694,0.7146,1.5338,0.3171
465,19.379,3,lifter,0.3091,2130,705,2191,875,-4.8044,0.2253,11.9132,0.5107,1.0926,0.2387
465,19.379,4,lifter,0.1406,1340,1152,1665,1503,-5.2548,0.2553,12.9969,0.5532,1.1859,0.248
465,19.379,5,lifter,0.1183,774,1170,1099,1512,-4.5157,0.2082,11.2059,0.4782,1.0239,0.2233
466,19.421,1,lifter,0.7844,194,1066,466,1512,-4.2344,0.1917,10.5143,0.4462,0.9563,0.207
466,19.421,2,lifter,0.7071,220,683,350,925,-6.7665,0.3423,16.6893,0.7144,1.5334,0.317
466,19.421,3,lifter,0.3643,2128,705,2191,872,-4.8197,0.2262,11.9506,0.5124,1.0962,0.2395
466,19.421,4,lifter,0.1475,1340,1152,1665,1503,-5.2512,0.2551,12.9882,0.5528,1.185,0.2478
466,19.421,5,lifter,0.1199,774,1170,1098,1512,-4.522,0.2085,11.2213,0.4789,1.0253,0.2237
467,19.463,1,lifter,0.7857,194,1066,466,1512,-4.2343,0.1917,10.5141,0.4462,0.9563,0.207
467,19.463,2,lifter,0.7098,220,684,350,926,-6.7477,0.3413,16.6433,0.7125,1.5292,0.3161
467,19.463,3,lifter,0.3571,2122,704,2190,870,-4.8234,0.2264,11.9597,0.5128,1.0971,0.2397
467,19.463,4,lifter,0.1454,1340,1152,1665,1503,-5.2552,0.2554,12.9979,0.5533,1.1859,0.248
467,19.463,5,lifter,0.1222,774,1170,1095,1512,-4.532,0.2091,11.2458,0.48,1.0277,0.2242
468,19.504,1,lifter,0.7858,194,1066,466,1512,-4.2338,0.1917,10.513,0.4461,0.9562,0.207
468,19.504,2,lifter,0.7096,220,683,350,925,-6.7807,0.3432,16.7239,0.7159,1.5366,0.3177
468,19.504,3,lifter,0.3683,2117,704,2190,867,-4.8069,0.2255,11.9194,0.5109,1.0932,0.2388
468,19.504,4,lifter,0.1466,1340,1152,1665,1503,-5.2541,0.2553,12.9953,0.5532,1.1857,0.2479
468,19.504,5,lifter,0.1231,774,1170,1095,1512,-4.5318,0.2091,11.2453,0.4799,1.0276,0.2242
469,19.546,1,lifter,0.7874,194,1066,466,1512,-4.2348,0.1918,10.5153,0.4462,0.9564,0.207
469,19.546,2,lifter,0.7091,220,684,350,925,-6.7681,0.3425,16.6931,0.7147,1.5338,0.3171
469,19.546,3,lifter,0.3727,2103,704,2190,873,-4.8312,0.2269,11.979,0.5137,1.099,0.2402
469,19.546,4,lifter,0.1457,1340,1152,1665,1503,-5.2531,0.2552,12.9928,0.553,1.1855,0.2479
469,19.546,5,lifter,0.121,774,1170,1098,1512,-4.5196,0.2084,11.2154,0.4786,1.0248,0.2235
470,19.588,1,lifter,0.7875,195,1066,466,1512,-4.2408,0.1921,10.5301,0.4469,0.9578,0.2073
470,19.588,2,lifter,0.7103,220,683,350,925,-6.7686,0.3425,16.6943,0.7147,1.5339,0.3171
470,19.588,3,lifter,0.4459,2106,704,2191,875,-4.8411,0.2274,12.003,0.5148,1.1013,0.2407
470,19.588,4,lifter,0.1464,1340,1152,1665,1503,-5.2503,0.2551,12.986,0.5527,1.1848,0.2477
470,19.588,5,lifter,0.1204,774,1170,1096,1512,-4.5255,0.2087,11.2299,0.4793,1.0262,0.2238
471,19.629,1,lifter,0.7872,195,1066,466,1512,-4.2387,0.192,10.525,0.4467,0.9573,0.2072
471,19.629,2,lifter,0.7103,220,683,350,925,-6.7799,0.3431,16.7221,0.7159,1.5365,0.3176
471,19.629,3,lifter,0.3833,2100,704,2191,876,-4.8333,0.227,11.9839,0.5139,1.0994,0.2403
471,19.629,4,lifter,0.1458,1340,1152,1666,1502,-5.2242,0.2535,12.9222,0.5499,1.1788,0.2465
471,19.629,5,lifter,0.127,774,1170,1092,1512,-4.5395,0.2096,11.2641,0.4808,1.0294,0.2245
472,19.671,1,lifter,0.7869,194,1066,466,1512,-4.2343,0.1917,10.5141,0.4462,0.9563,0.207
472,19.671,2,lifter,0.7109,220,683,350,926,-6.7707,0.3426,16.6994,0.7149,1.5344,0.3172
472,19.671,3,lifter,0.386,2109,705,2191,872,-4.842,0.2275,12.0052,0.5149,1.1015,0.2408
472,19.671,4,lifter,0.1439,1340,1152,1665,1502,-5.2192,0.2532,12.91,0.5493,1.1777,0.2463
472,19.671,5,lifter,0.125,774,1170,1092,1512,-4.5409,0.2097,11.2676,0.4809,1.0298,0.2246
473,19.713,1,lifter,0.7867,194,1066,466,1512,-4.2346,0.1918,10.515,0.4462,0.9564,0.207
473,19.713,2,lifter,0.7096,220,683,350,925,-6.785,0.3434,16.7344,0.7164,1.5376,0.3179
473,19.713,3,lifter,0.3695,2103,705,2193,875,-4.8407,0.2274,12.002,0.5147,1.1012,0.2407
473,19.713,4,lifter,0.1442,1340,1152,1665,1502,-5.2237,0.2535,12.921,0.5498,1.1787,0.2465
473,19.713,5,lifter,0.1238,774,1171,1091,1512,-4.5333,0.2092,11.2491,0.4801,1.028,0.2242
474,19.754,1,lifter,0.7868,194,1066,466,1512,-4.2354,0.1918,10.5168,0.4463,0.9565,0.207
474,19.754,2,lifter,0.709,220,684,350,926,-6.7498,0.3414,16.6483,0.7127,1.5296,0.3162
474,19.754,3,lifter,0.316,2103,704,2193,872,-4.8462,0.2277,12.0155,0.5153,1.1025,0.241
474,19.754,4,lifter,0.1444,1340,1152,1665,1502,-5.2205,0.2533,12.9132,0.5495,1.178,0.2463
474,19.754,5,lifter,0.1221,774,1171,1092,1512,-4.5308,0.2091,11.243,0.4798,1.0274,0.2241
475,19.796,1,lifter,0.7865,195,1066,466,1512,-4.238,0.192,10.5232,0.4466,0.9571,0.2072
475,19.796,2,lifter,0.7105,220,683,350,925,-6.786,0.3435,16.7368,0.7165,1.5379,0.3179
475,19.796,3,lifter,0.384,2110,704,2192,870,-4.849,0.2279,12.0224,0.5157,1.1032,0.2412
475,19.796,4,lifter,0.1468,1340,1152,1665,1503,-5.2577,0.2555,13.0041,0.5536,1.1866,0.2481
475,19.796,5,lifter,0.1244,774,1171,1089,1512,-4.5489,0.2101,11.2873,0.4818,1.0317,0.225
476,19.838,1,lifter,0.7864,195,1066,466,1512,-4.2381,0.192,10.5234,0.4466,0.9572,0.2072
476,19.838,2,lifter,0.7127,220,683,350,925,-6.7852,0.3434,16.7349,0.7164,1.5377,0.3179
476,19.838,3,lifter,0.3397,2096,703,2192,870,-4.845,0.2277,12.0126,0.5152,1.1022,0.2409
476,19.838,4,lifter,0.1497,1340,1152,1665,1503,-5.2587,0.2556,13.0065,0.5537,1.1868,0.2481
476,19.838,5,lifter,0.1244,774,1171,1089,1512,-4.5514,0.2103,11.2933,0.4821,1.0323,0.2252
477,19.88,1,lifter,0.7864,195,1066,466,1512,-4.2385,0.192,10.5245,0.4466,0.9573,0.2072
477,19.88,2,lifter,0.712,220,684,350,925,-6.7819,0.3433,16.7267,0.7161,1.537,0.3177
477,19.88,3,lifter,0.3089,2096,703,2191,879,-4.8142,0.2259,11.9371,0.5117,1.0949,0.2392
477,19.88,4,lifter,0.1481,1340,1152,1665,1503,-5.2595,0.2556,13.0084,0.5537,1.187,0.2482
477,19.88,5,lifter,0.1244,774,1171,1089,1512,-4.5503,0.2102,11.2905,0.482,1.032,0.2251
478,19.921,1,lifter,0.787,195,1067,466,1512,-4.2369,0.1919,10.5204,0.4465,0.9569,0.2071
478,19.921,2,lifter,0.713,220,684,350,926,-6.7645,0.3423,16.6844,0.7143,1.533,0.3169
478,19.921,3,lifter,0.2368,2095,703,2191,871,-4.7547,0.2224,11.7918,0.5052,1.0809,0.236
478,19.921,4,lifter,0.1488,1340,1152,1665,1503,-5.2585,0.2556,13.006,0.5536,1.1867,0.2481
478,19.921,5,lifter,0.1238,774,1171,1088,1512,-4.5545,0.2105,11.301,0.4825,1.033,0.2254
479,19.963,1,lifter,0.7872,195,1067,466,1512,-4.2196,0.1909,10.4782,0.4445,0.9528,0.2062
479,19.963,2,lifter,0.7133,220,683,350,926,-6.7913,0.3438,16.7498,0.7171,1.5391,0.3182
479,19.963,3,lifter,0.2346,2098,703,2191,866,-4.7895,0.2245,11.877,0.509,1.0891,0.2379
479,19.963,4,lifter,0.1632,1341,1153,1665,1503,-5.2724,0.2564,13.0399,0.5552,1.1899,0.2488
479,19.963,5,lifter,0.13,774,1171,1086,1512,-4.5527,0.2104,11.2966,0.4823,1.0326,0.2253
480,20.005,1,lifter,0.7878,195,1066,465,1512,-4.2237,0.1911,10.4882,0.445,0.9538,0.2064
480,20.005,2,lifter,0.7179,220,683,350,925,-6.7955,0.344,16.7601,0.7175,1.5401,0.3184
480,20.005,3,lifter,0.2538,2097,703,2190,870,-4.7367,0.2213,11.7477,0.5032,1.0766,0.2351
480,20.005,4,lifter,0.1644,1340,1152,1665,1503,-5.2584,0.2556,13.0059,0.5536,1.1867,0.2481
480,20.005,5,lifter,0.1349,774,1171,1083,1512,-4.5584,0.2107,11.3105,0.4829,1.034,0.2256
481,20.046,1,lifter,0.7893,195,1066,466,1512,-4.2219,0.191,10.4838,0.4448,0.9533,0.2063
481,20.046,2,lifter,0.72,220,683,350,925,-6.807,0.3447,16.7881,0.7187,1.5427,0.3189
481,20.046,3,lifter,0.1718,2096,704,2189,866,-4.6373,0.2155,11.5048,0.4922,1.0532,0.2299
481,20.046,4,lifter,0.1569,1340,1152,1665,1503,-5.2582,0.2555,13.0052,0.5536,1.1867,0.2481
481,20.046,5,lifter,0.1344,774,1171,1083,1512,-4.5561,0.2105,11.3049,0.4827,1.0335,0.2255
481,20.046,6,lifter,0.1094,2105,759,2174,935,-4.7789,0.2235,11.8486,0.5076,1.0862,0.2376
482,20.088,1,lifter,0.8013,195,1066,465,1512,-4.2211,0.191,10.4819,0.4448,0.9532,0.2064
482,20.088,2,lifter,0.7165,219,683,350,925,-6.7482,0.3413,16.6444,0.7125,1.5292,0.3161
482,20.088,3,lifter,0.1995,776,1171,1055,1512,-4.5461,0.2098,11.281,0.4821,1.0318,0.2256
482,20.088,4,lifter,0.1871,2099,703,2186,865,-4.6884,0.2185,11.6295,0.4979,1.0652,0.2326
482,20.088,5,lifter,0.1456,1340,1153,1665,1503,-5.2355,0.2542,12.9496,0.5511,1.1815,0.2471
483,20.13,1,lifter,0.8012,195,1066,465,1512,-4.2202,0.1909,10.4799,0.4447,0.9531,0.2063
483,20.13,2,lifter,0.7157,219,683,350,925,-6.7485,0.3413,16.6453,0.7125,1.5293,0.3161
483,20.13,3,lifter,0.199,776,1171,1054,1512,-4.5418,0.2095,11.2703,0.4817,1.0308,0.2254
483,20.13,4,lifter,0.172,2101,703,2186,861,-4.6695,0.2174,11.5833,0.4958,1.0608,0.2316
483,20.13,5,lifter,0.1452,1340,1153,1665,1503,-5.2345,0.2541,12.9472,0.551,1.1813,0.2471
484,20.171,1,lifter,0.8013,195,1066,465,1512,-4.2206,0.1909,10.4808,0.4447,0.9531,0.2063
484,20.171,2,lifter,0.7156,220,683,350,925,-6.7473,0.3413,16.6424,0.7124,1.529,0.3161
484,20.171,3,lifter,0.1878,776,1171,1054,1512,-4.5419,0.2095,11.2705,0.4817,1.0308,0.2254
484,20.171,4,lifter,0.1789,2101,703,2186,859,-4.5924,0.2128,11.3948,0.4873,1.0426,0.2275
484,20.171,5,lifter,0.1451,1340,1153,1665,1503,-5.2339,0.2541,12.9458,0.5509,1.1812,0.2471
485,20.213,1,lifter,0.8011,195,1066,465,1512,-4.2205,0.1909,10.4806,0.4447,0.9531,0.2063
485,20.213,2,lifter,0.7149,220,683,350,925,-6.7475,0.3413,16.6429,0.7124,1.5291,0.3161
485,20.213,3,lifter,0.1976,776,1171,1055,1512,-4.5456,0.2098,11.2797,0.4821,1.0317,0.2255
485,20.213,4,lifter,0.1455,1340,1153,1665,1503,-5.2372,0.2543,12.9538,0.5512,1.1819,0.2472
485,20.213,5,lifter,0.1286,2103,703,2185,862,-4.6053,0.2136,11.4265,0.4887,1.0457,0.2282
486,20.255,1,lifter,0.8017,195,1066,465,1512,-4.2212,0.191,10.4822,0.4448,0.9533,0.2064
486,20.255,2,lifter,0.7148,220,683,350,925,-6.7475,0.3413,16.6429,0.7124,1.5291,0.3161
486,20.255,3,lifter,0.199,776,1171,1055,1512,-4.546,0.2098,11.2807,0.4821,1.0318,0.2256
486,20.255,4,lifter,0.1438,1340,1153,1665,1503,-5.2319,0.254,12.9408,0.5507,1.1807,0.247
487,20.296,1,lifter,0.8014,195,1066,465,1512,-4.2212,0.191,10.4824,0.4448,0.9533,0.2064
487,20.296,2,lifter,0.7149,220,683,350,925,-6.7536,0.3416,16.6578,0.7131,1.5305,0.3164
487,20.296,3,lifter,0.1974,776,1171,1056,1512,-4.5483,0.2099,11.2862,0.4823,1.0323,0.2257
487,20.296,4,lifter,0.1433,1340,1153,1665,1503,-5.2359,0.2542,12.9507,0.5511,1.1817,0.2472
488,20.338,1,lifter,0.8015,195,1066,465,1512,-4.2214,0.191,10.4827,0.4448,0.9533,0.2064
488,20.338,2,lifter,0.7149,220,683,350,925,-6.7475,0.3413,16.6428,0.7124,1.5291,0.3161
488,20.338,3,lifter,0.1978,776,1171,1056,1512,-4.5486,0.2099,11.2868,0.4823,1.0323,0.2257
488,20.338,4,lifter,0.1442,1340,1153,1665,1503,-5.2336,0.2541,12.9451,0.5509,1.1811,0.2471
489,20.38,1,lifter,0.8016,195,1066,465,1512,-4.2214,0.191,10.4827,0.4448,0.9533,0.2064
489,20.38,2,lifter,0.715,220,683,350,925,-6.7475,0.3413,16.6428,0.7124,1.5291,0.3161
489,20.38,3,lifter,0.198,776,1171,1056,1512,-4.5486,0.2099,11.2869,0.4823,1.0324,0.2257
489,20.38,4,lifter,0.1441,1340,1153,1665,1503,-5.2337,0.2541,12.9453,0.5509,1.1811,0.2471
489,20.38,5,lifter,0.1435,2105,702,2165,877,-4.358,0.1991,10.8211,0.4613,0.9871,0.2149
490,20.421,1,lifter,0.8017,195,1066,465,1512,-4.2223,0.191,10.4849,0.4449,0.9535,0.2064
490,20.421,2,lifter,0.7156,220,683,350,925,-6.7474,0.3413,16.6426,0.7124,1.5291,0.3161
490,20.421,3,lifter,0.1975,776,1171,1056,1512,-4.5489,0.21,11.2877,0.4824,1.0324,0.2257
490,20.421,4,lifter,0.1451,1340,1153,1665,1503,-5.2329,0.2541,12.9433,0.5508,1.181,0.247
490,20.421,5,lifter,0.1418,2105,702,2166,877,-4.3653,0.1995,10.8391,0.4621,0.9889,0.2153
491,20.463,1,lifter,0.8018,195,1066,465,1512,-4.2221,0.191,10.4845,0.4449,0.9535,0.2064
491,20.463,2,lifter,0.7157,220,683,350,925,-6.7474,0.3413,16.6426,0.7124,1.5291,0.3161
491,20.463,3,lifter,0.1978,776,1171,1056,1512,-4.5486,0.2099,11.2869,0.4823,1.0324,0.2257
491,20.463,4,lifter,0.1451,1340,1153,1665,1503,-5.2343,0.2541,12.9466,0.5509,1.1813,0.2471
491,20.463,5,lifter,0.1104,2110,703,2160,889,-4.4024,0.2017,10.9294,0.4662,0.9976,0.2173
492,20.505,1,lifter,0.8022,195,1066,465,1512,-4.222,0.191,10.4843,0.4449,0.9535,0.2064
492,20.505,2,lifter,0.7156,220,683,350,925,-6.7472,0.3413,16.6421,0.7124,1.529,0.3161
492,20.505,3,lifter,0.1974,776,1171,1056,1512,-4.5488,0.21,11.2875,0.4824,1.0324,0.2257
492,20.505,4,lifter,0.1445,1340,1153,1665,1503,-5.233,0.2541,12.9435,0.5508,1.181,0.247
493,20.546,1,lifter,0.8021,195,1066,465,1512,-4.222,0.191,10.4842,0.4449,0.9535,0.2064
493,20.546,2,lifter,0.7151,220,683,350,925,-6.7465,0.3412,16.6404,0.7123,1.5289,0.316
493,20.546,3,lifter,0.198,776,1171,1056,1512,-4.5485,0.2099,11.2867,0.4823,1.0323,0.2257
493,20.546,4,lifter,0.1507,2108,703,2155,884,-4.181,0.1887,10.3875,0.4416,0.9451,0.2053
493,20.546,5,lifter,0.1438,1340,1153,1665,1503,-5.2334,0.2541,12.9446,0.5508,1.1811,0.247
494,20.588,1,lifter,0.8023,195,1066,465,1512,-4.2222,0.191,10.4846,0.4449,0.9535,0.2064
494,20.588,2,lifter,0.7152,220,683,350,925,-6.747,0.3412,16.6417,0.7124,1.529,0.3161
494,20.588,3,lifter,0.198,776,1171,1055,1512,-4.5463,0.2098,11.2814,0.4821,1.0318,0.2256
494,20.588,4,lifter,0.144,1340,1153,1665,1503,-5.2303,0.2539,12.937,0.5505,1.1804,0.2469
495,20.63,1,lifter,0.8015,195,1066,465,1512,-4.222,0.191,10.4843,0.4449,0.9535,0.2064
495,20.63,2,lifter,0.7145,220,683,350,925,-6.748,0.3413,16.644,0.7125,1.5292,0.3161
495,20.63,3,lifter,0.1975,776,1171,1055,1512,-4.5463,0.2098,11.2812,0.4821,1.0318,0.2256
495,20.63,4,lifter,0.1439,1340,1153,1665,1503,-5.2309,0.2539,12.9384,0.5506,1.1805,0.2469
496,20.671,1,lifter,0.8015,195,1066,465,1512,-4.2222,0.191,10.4846,0.4449,0.9535,0.2064
496,20.671,2,lifter,0.7144,220,683,350,925,-6.7476,0.3413,16.6431,0.7125,1.5291,0.3161
496,20.671,3,lifter,0.1967,776,1171,1055,1512,-4.5464,0.2098,11.2815,0.4821,1.0319,0.2256
496,20.671,4,lifter,0.1441,1340,1153,1665,1503,-5.2304,0.2539,12.9371,0.5505,1.1804,0.2469
497,20.713,1,lifter,0.8014,195,1066,465,1512,-4.222,0.191,10.4842,0.4449,0.9535,0.2064
497,20.713,2,lifter,0.7146,220,683,350,925,-6.7485,0.3413,16.6452,0.7125,1.5293,0.3161
497,20.713,3,lifter,0.1968,776,1171,1055,1512,-4.5464,0.2098,11.2815,0.4821,1.0318,0.2256
497,20.713,4,lifter,0.1418,1340,1153,1665,1503,-5.231,0.2539,12.9386,0.5506,1.1805,0.2469
498,20.755,1,lifter,0.8021,195,1066,465,1512,-4.2226,0.1911,10.4858,0.445,0.9536,0.2065
498,20.755,2,lifter,0.7152,220,683,350,925,-6.7469,0.3412,16.6414,0.7124,1.529,0.3161
498,20.755,3,lifter,0.196,776,1171,1056,1512,-4.5489,0.21,11.2875,0.4824,1.0324,0.2257
498,20.755,4,lifter,0.1408,1340,1153,1665,1503,-5.2295,0.2539,12.9351,0.5504,1.1802,0.2469
499,20.796,1,lifter,0.802,195,1066,465,1512,-4.2229,0.1911,10.4865,0.445,0.9537,0.2065
499,20.796,2,lifter,0.715,220,683,350,925,-6.747,0.3412,16.6417,0.7124,1.529,0.3161
499,20.796,3,lifter,0.1954,776,1171,1055,1512,-4.5461,0.2098,11.2808,0.4821,1.0318,0.2256
499,20.796,4,lifter,0.1401,1340,1153,1665,1503,-5.2314,0.254,12.9395,0.5506,1.1806,0.2469
500,20.838,1,lifter,0.802,195,1066,465,1512,-4.2228,0.1911,10.4863,0.445,0.9537,0.2065
500,20.838,2,lifter,0.7154,220,683,350,925,-6.7469,0.3412,16.6414,0.7124,1.529,0.3161
500,20.838,3,lifter,0.1955,776,1171,1055,1512,-4.5461,0.2098,11.2808,0.4821,1.0318,0.2256
500,20.838,4,lifter,0.1386,1340,1153,1665,1503,-5.2312,0.254,12.9391,0.5506,1.1806,0.2469
501,20.88,1,lifter,0.8014,195,1066,465,1512,-4.2229,0.1911,10.4865,0.445,0.9537,0.2065
501,20.88,2,lifter,0.7157,220,683,350,925,-6.747,0.3412,16.6415,0.7124,1.529,0.3161
501,20.88,3,lifter,0.1952,776,1171,1055,1512,-4.5459,0.2098,11.2805,0.4821,1.0317,0.2256
501,20.88,4,lifter,0.1383,1340,1153,1665,1503,-5.2322,0.254,12.9415,0.5507,1.1808,0.247
502,20.921,1,lifter,0.8012,195,1067,465,1512,-4.2221,0.191,10.4844,0.4449,0.9535,0.2064
502,20.921,2,lifter,0.7162,220,683,350,925,-6.7467,0.3412,16.641,0.7124,1.5289,0.3161
502,20.921,3,lifter,0.1974,776,1171,1054,1512,-4.5419,0.2095,11.2706,0.4817,1.0308,0.2254
502,20.921,4,lifter,0.1371,1340,1153,1665,1503,-5.2308,0.2539,12.938,0.5505,1.1805,0.2469
503,20.963,1,lifter,0.802,195,1067,465,1512,-4.2198,0.1909,10.4789,0.4446,0.9529,0.2063
503,20.963,2,lifter,0.7167,220,683,350,925,-6.7465,0.3412,16.6404,0.7123,1.5288,0.316
503,20.963,3,lifter,0.1951,776,1171,1055,1512,-4.5458,0.2098,11.28,0.4821,1.0317,0.2256
503,20.963,4,lifter,0.1372,1340,1153,1665,1503,-5.2328,0.2541,12.9431,0.5508,1.1809,0.247
504,21.005,1,lifter,0.8025,195,1067,465,1512,-4.2199,0.1909,10.479,0.4446,0.953,0.2063
504,21.005,2,lifter,0.7151,220,683,350,925,-6.7443,0.3411,16.635,0.7121,1.5283,0.3159
504,21.005,3,lifter,0.1937,776,1171,1055,1512,-4.546,0.2098,11.2806,0.4821,1.0318,0.2256
504,21.005,4,lifter,0.1372,1340,1153,1665,1503,-5.2317,0.254,12.9403,0.5506,1.1807,0.247
505,21.046,1,lifter,0.8021,195,1066,465,1512,-4.2202,0.1909,10.4799,0.4447,0.953,0.2063
505,21.046,2,lifter,0.7158,220,683,350,925,-6.7452,0.3411,16.6371,0.7122,1.5285,0.316
505,21.046,3,lifter,0.1934,776,1171,1056,1512,-4.5482,0.2099,11.2859,0.4823,1.0323,0.2257
505,21.046,4,lifter,0.137,1340,1153,1665,1503,-5.2321,0.254,12.9413,0.5507,1.1808,0.247
506,21.088,1,lifter,0.803,195,1066,465,1512,-4.2203,0.1909,10.4801,0.4447,0.9531,0.2063
506,21.088,2,lifter,0.7148,220,683,350,925,-6.7437,0.3411,16.6335,0.712,1.5282,0.3159
506,21.088,3,lifter,0.1917,776,1171,1056,1512,-4.5485,0.2099,11.2866,0.4823,1.0323,0.2257
506,21.088,4,lifter,0.1373,1340,1153,1665,1503,-5.2307,0.2539,12.9378,0.5505,1.1804,0.2469
507,21.13,1,lifter,0.8038,195,1066,465,1512,-4.2199,0.1909,10.4792,0.4447,0.953,0.2063
507,21.13,2,lifter,0.7136,220,683,350,925,-6.7459,0.3412,16.6388,0.7123,1.5287,0.316
507,21.13,3,lifter,0.1929,776,1171,1055,1512,-4.5458,0.2098,11.2801,0.4821,1.0317,0.2256
507,21.13,4,lifter,0.1381,1340,1153,1665,1503,-5.2325,0.254,12.9424,0.5507,1.1809,0.247
508,21.171,1,lifter,0.8039,195,1066,465,1512,-4.22,0.1909,10.4794,0.4447,0.953,0.2063
508,21.171,2,lifter,0.7148,219,683,350,925,-6.7464,0.3412,16.6402,0.7123,1.5288,0.316
508,21.171,3,lifter,0.1939,776,1171,1054,1512,-4.5417,0.2095,11.2701,0.4817,1.0308,0.2254
508,21.171,4,lifter,0.1385,1340,1153,1665,1503,-5.2318,0.254,12.9405,0.5507,1.1807,0.247
509,21.213,1,lifter,0.8043,195,1066,465,1512,-4.22,0.1909,10.4794,0.4447,0.953,0.2063
509,21.213,2,lifter,0.7128,220,683,350,925,-6.7458,0.3412,16.6386,0.7123,1.5287,0.316
509,21.213,3,lifter,0.1947,776,1171,1053,1512,-4.5317,0.2089,11.2456,0.4806,1.0285,0.2249
509,21.213,4,lifter,0.1393,1340,1153,1665,1503,-5.2317,0.254,12.9405,0.5506,1.1807,0.247
510,21.255,1,lifter,0.8044,195,1066,465,1512,-4.2215,0.191,10.483,0.4448,0.9533,0.2064
510,21.255,2,lifter,0.7153,219,683,350,925,-6.7472,0.3412,16.642,0.7124,1.529,0.316
510,21.255,3,lifter,0.1964,776,1171,1053,1512,-4.5322,0.2089,11.247,0.4807,1.0286,0.2249
510,21.255,4,lifter,0.1391,1340,1153,1665,1503,-5.2296,0.2539,12.9351,0.5504,1.1802,0.2469
511,21.297,1,lifter,0.8047,195,1066,465,1512,-4.2201,0.1909,10.4796,0.4447,0.953,0.2063
511,21.297,2,lifter,0.7155,219,683,350,925,-6.7481,0.3413,16.6442,0.7125,1.5292,0.3161
511,21.297,3,lifter,0.1951,776,1171,1053,1512,-4.5319,0.2089,11.2463,0.4806,1.0285,0.2249
511,21.297,4,lifter,0.136,1340,1153,1665,1503,-5.2309,0.2539,12.9384,0.5506,1.1805,0.2469
512,21.338,1,lifter,0.8049,195,1066,465,1512,-4.2202,0.1909,10.4798,0.4447,0.953,0.2063
512,21.338,2,lifter,0.7148,219,683,350,925,-6.7478,0.3413,16.6436,0.7125,1.5291,0.3161
512,21.338,3,lifter,0.1953,776,1171,1053,1512,-4.5323,0.2089,11.2472,0.4807,1.0286,0.2249
512,21.338,4,lifter,0.1358,1340,1153,1665,1503,-5.2313,0.254,12.9394,0.5506,1.1806,0.2469
513,21.38,1,lifter,0.8048,195,1066,465,1512,-4.2201,0.1909,10.4796,0.4447,0.953,0.2063
513,21.38,2,lifter,0.7154,219,683,350,925,-6.7482,0.3413,16.6445,0.7125,1.5292,0.3161
513,21.38,3,lifter,0.1963,776,1171,1053,1512,-4.5325,0.209,11.2477,0.4807,1.0287,0.2249
513,21.38,4,lifter,0.1379,1341,1153,1665,1503,-5.2316,0.254,12.9402,0.5506,1.1806,0.2469
514,21.422,1,lifter,0.8049,195,1066,465,1512,-4.2203,0.1909,10.48,0.4447,0.9531,0.2063
514,21.422,2,lifter,0.7158,219,683,350,925,-6.7471,0.3412,16.6419,0.7124,1.5289,0.316
514,21.422,3,lifter,0.1973,776,1171,1053,1512,-4.5336,0.209,11.2502,0.4808,1.0289,0.225
514,21.422,4,lifter,0.1373,1340,1153,1665,1503,-5.2275,0.2537,12.9299,0.5502,1.1797,0.2468
515,21.463,1,lifter,0.8051,195,1066,465,1512,-4.2191,0.1909,10.4771,0.4446,0.9528,0.2063
515,21.463,2,lifter,0.7195,219,683,350,925,-6.752,0.3415,16.6538,0.7129,1.5301,0.3163
515,21.463,3,lifter,0.1984,776,1171,1054,1512,-4.543,0.2096,11.2732,0.4818,1.0311,0.2255
515,21.463,4,lifter,0.1371,1340,1153,1665,1503,-5.2327,0.254,12.9427,0.5507,1.1809,0.247
516,21.505,1,lifter,0.8049,195,1066,465,1512,-4.2193,0.1909,10.4777,0.4446,0.9528,0.2063
516,21.505,2,lifter,0.7199,219,683,350,925,-6.7586,0.3419,16.67,0.7136,1.5316,0.3166
516,21.505,3,lifter,0.1972,776,1171,1054,1512,-4.5431,0.2096,11.2736,0.4818,1.0311,0.2255
516,21.505,4,lifter,0.137,1340,1153,1665,1502,-5.2051,0.2524,12.8753,0.5477,1.1746,0.2457
517,21.547,1,lifter,0.8051,195,1066,465,1512,-4.2207,0.1909,10.481,0.4447,0.9531,0.2063
517,21.547,2,lifter,0.7212,219,683,350,925,-6.7592,0.3419,16.6713,0.7137,1.5317,0.3166
517,21.547,3,lifter,0.196,776,1171,1055,1512,-4.5468,0.2098,11.2827,0.4822,1.032,0.2256
517,21.547,4,lifter,0.1366,1340,1153,1665,1502,-5.2062,0.2525,12.878,0.5478,1.1748,0.2458
518,21.588,1,lifter,0.8051,195,1066,465,1512,-4.2211,0.191,10.4819,0.4448,0.9532,0.2064
518,21.588,2,lifter,0.7186,219,683,350,925,-6.7577,0.3419,16.6678,0.7135,1.5314,0.3166
518,21.588,3,lifter,0.1964,776,1171,1054,1512,-4.5431,0.2096,11.2736,0.4818,1.0311,0.2255
518,21.588,4,lifter,0.1401,1340,1153,1665,1502,-5.2022,0.2522,12.8681,0.5474,1.1739,0.2456
519,21.63,1,lifter,0.8051,195,1066,465,1512,-4.2204,0.1909,10.4802,0.4447,0.9531,0.2063
519,21.63,2,lifter,0.7158,219,683,350,925,-6.7566,0.3418,16.6651,0.7134,1.5311,0.3165
519,21.63,3,lifter,0.1964,776,1171,1054,1512,-4.5415,0.2095,11.2696,0.4816,1.0307,0.2254
519,21.63,4,lifter,0.1378,1340,1153,1665,1502,-5.2042,0.2524,12.8731,0.5476,1.1744,0.2457
520,21.672,1,lifter,0.8053,195,1066,465,1512,-4.2204,0.1909,10.4802,0.4447,0.9531,0.2063
520,21.672,2,lifter,0.7162,219,684,350,925,-6.7476,0.3413,16.643,0.7125,1.5291,0.3161
520,21.672,3,lifter,0.1967,776,1171,1055,1512,-4.5463,0.2098,11.2814,0.4821,1.0318,0.2256
520,21.672,4,lifter,0.1378,1340,1153,1665,1502,-5.2021,0.2522,12.868,0.5474,1.1739,0.2456
521,21.713,1,lifter,0.8052,195,1066,465,1512,-4.2206,0.1909,10.4809,0.4447,0.9531,0.2063
521,21.713,2,lifter,0.7152,219,684,350,925,-6.7497,0.3414,16.6482,0.7127,1.5296,0.3162
521,21.713,3,lifter,0.1953,776,1171,1056,1512,-4.5496,0.21,11.2893,0.4824,1.0326,0.2257
521,21.713,4,lifter,0.1352,1340,1153,1665,1502,-5.2024,0.2523,12.8686,0.5474,1.1739,0.2456
522,21.755,1,lifter,0.8055,195,1066,465,1512,-4.2219,0.191,10.484,0.4449,0.9534,0.2064
522,21.755,2,lifter,0.7147,219,684,350,925,-6.7415,0.3409,16.628,0.7118,1.5277,0.3158
522,21.755,3,lifter,0.19,776,1171,1057,1512,-4.5558,0.2104,11.3044,0.4831,1.034,0.226
522,21.755,4,lifter,0.1362,1340,1153,1665,1503,-5.2239,0.2535,12.9214,0.5498,1.1789,0.2466
523,21.797,1,lifter,0.8064,195,1066,465,1512,-4.22,0.1909,10.4792,0.4447,0.953,0.2063
523,21.797,2,lifter,0.7154,219,684,350,925,-6.7462,0.3412,16.6396,0.7123,1.5288,0.316
523,21.797,3,lifter,0.1926,776,1171,1056,1512,-4.5469,0.2098,11.2828,0.4822,1.0319,0.2256
523,21.797,4,lifter,0.1364,1340,1153,1665,1502,-5.2011,0.2522,12.8656,0.5473,1.1736,0.2455
524,21.838,1,lifter,0.8071,195,1066,465,1512,-4.2208,0.191,10.4813,0.4448,0.9532,0.2063
524,21.838,2,lifter,0.7158,219,684,350,925,-6.7487,0.3414,16.6457,0.7126,1.5293,0.3161
524,21.838,3,lifter,0.1918,776,1171,1058,1512,-4.5544,0.2103,11.3011,0.4829,1.0337,0.2259
524,21.838,4,lifter,0.1345,1340,1153,1666,1503,-5.2261,0.2537,12.9268,0.55,1.1794,0.2467
525,21.88,1,lifter,0.8064,195,1066,465,1512,-4.2198,0.1909,10.4789,0.4446,0.9529,0.2063
525,21.88,2,lifter,0.7173,219,684,350,925,-6.7531,0.3416,16.6565,0.7131,1.5304,0.3163
525,21.88,3,lifter,0.1929,776,1171,1056,1512,-4.5448,0.2097,11.2775,0.4819,1.0314,0.2255
525,21.88,4,lifter,0.1333,1340,1153,1665,1503,-5.2285,0.2538,12.9325,0.5503,1.1799,0.2468
526,21.922,1,lifter,0.8064,195,1066,465,1512,-4.2213,0.191,10.4826,0.4448,0.9533,0.2064
526,21.922,2,lifter,0.7185,219,684,350,925,-6.754,0.3417,16.6587,0.7132,1.5306,0.3164
526,21.922,3,lifter,0.1939,776,1171,1056,1512,-4.5485,0.2099,11.2867,0.4823,1.0323,0.2257
526,21.922,4,lifter,0.1339,1340,1153,1665,1503,-5.2223,0.2534,12.9174,0.5496,1.1785,0.2465
527,21.963,1,lifter,0.8054,195,1066,465,1512,-4.2209,0.191,10.4815,0.4448,0.9532,0.2063
527,21.963,2,lifter,0.7213,220,684,350,925,-6.7465,0.3413,16.6405,0.7124,1.5289,0.3161
527,21.963,3,lifter,0.1933,776,1171,1055,1512,-4.5435,0.2096,11.2744,0.4818,1.0312,0.2254
527,21.963,4,lifter,0.1384,1340,1153,1666,1503,-5.2278,0.2537,12.9308,0.5502,1.1797,0.2467
528,22.005,1,lifter,0.8059,195,1066,465,1512,-4.2216,0.191,10.4831,0.4448,0.9533,0.2064
528,22.005,2,lifter,0.72,220,684,350,925,-6.746,0.3412,16.6391,0.7123,1.5288,0.316
528,22.005,3,lifter,0.1901,776,1171,1057,1512,-4.5502,0.21,11.2909,0.4825,1.0327,0.2257
528,22.005,4,lifter,0.139,1340,1153,1666,1503,-5.2266,0.2537,12.9279,0.5501,1.1795,0.2467
529,22.047,1,lifter,0.8059,195,1066,465,1512,-4.2209,0.191,10.4814,0.4448,0.9532,0.2063
529,22.047,2,lifter,0.721,220,684,350,925,-6.7551,0.3418,16.6614,0.7133,1.5309,0.3165
529,22.047,3,lifter,0.1919,776,1171,1055,1512,-4.543,0.2096,11.2733,0.4818,1.0311,0.2254
529,22.047,4,lifter,0.1397,1340,1153,1666,1503,-5.2296,0.2539,12.9352,0.5504,1.1802,0.2468
530,22.088,1,lifter,0.8057,195,1066,465,1512,-4.2186,0.1908,10.476,0.4445,0.9527,0.2062
530,22.088,2,lifter,0.7222,219,684,350,925,-6.754,0.3417,16.6587,0.7132,1.5306,0.3164
530,22.088,3,lifter,0.1896,776,1171,1057,1512,-4.5518,0.2101,11.2947,0.4827,1.0331,0.2258
530,22.088,4,lifter,0.1364,1340,1153,1665,1503,-5.2241,0.2535,12.9218,0.5498,1.1789,0.2466
531,22.13,1,lifter,0.806,195,1066,465,1512,-4.2187,0.1908,10.4761,0.4445,0.9527,0.2062
531,22.13,2,lifter,0.7252,219,684,350,925,-6.7543,0.3417,16.6594,0.7132,1.5306,0.3164
531,22.13,3,lifter,0.1924,776,1171,1056,1512,-4.5461,0.2098,11.2809,0.4821,1.0318,0.2255
531,22.13,4,lifter,0.1336,1340,1153,1665,1503,-5.2301,0.2539,12.9363,0.5505,1.1803,0.2469
532,22.172,1,lifter,0.8061,195,1066,465,1512,-4.2206,0.1909,10.4807,0.4447,0.9531,0.2063
532,22.172,2,lifter,0.7253,219,684,350,925,-6.7544,0.3417,16.6596,0.7132,1.5307,0.3164
532,22.172,3,lifter,0.1918,776,1171,1057,1512,-4.5504,0.21,11.2912,0.4825,1.0327,0.2257
532,22.172,4,lifter,0.1366,1340,1153,1665,1502,-5.2015,0.2522,12.8665,0.5473,1.1737,0.2455
533,22.213,1,lifter,0.8061,195,1066,465,1512,-4.2207,0.1909,10.481,0.4447,0.9531,0.2063
533,22.213,2,lifter,0.7253,220,684,350,925,-6.7556,0.3418,16.6626,0.7133,1.531,0.3165
533,22.213,3,lifter,0.1911,776,1171,1058,1512,-4.5548,0.2103,11.302,0.483,1.0338,0.226
533,22.213,4,lifter,0.1371,1340,1153,1665,1503,-5.2291,0.2538,12.934,0.5504,1.1801,0.2468
534,22.255,1,lifter,0.8059,195,1066,465,1512,-4.2216,0.191,10.4833,0.4448,0.9534,0.2064
534,22.255,2,lifter,0.7242,220,685,350,925,-6.7366,0.3407,16.6161,0.7114,1.5267,0.3156
534,22.255,3,lifter,0.1909,776,1171,1058,1512,-4.5571,0.2104,11.3075,0.4832,1.0343,0.2261
534,22.255,4,lifter,0.139,1340,1153,1665,1503,-5.2304,0.2539,12.9371,0.5505,1.1804,0.2469
535,22.297,1,lifter,0.8061,195,1066,465,1512,-4.2214,0.191,10.4827,0.4448,0.9533,0.2064
535,22.297,2,lifter,0.7236,220,684,350,925,-6.7602,0.3421,16.6739,0.7138,1.5321,0.3167
535,22.297,3,lifter,0.1915,776,1171,1058,1512,-4.5561,0.2104,11.3053,0.4831,1.0341,0.226
535,22.297,4,lifter,0.1386,1340,1153,1665,1503,-5.2284,0.2538,12.9324,0.5503,1.1799,0.2468
536,22.338,1,lifter,0.8062,195,1066,465,1512,-4.2211,0.191,10.482,0.4448,0.9532,0.2063
536,22.338,2,lifter,0.7237,220,684,350,925,-6.7624,0.3422,16.6791,0.7141,1.5325,0.3168
536,22.338,3,lifter,0.1896,776,1171,1057,1512,-4.5517,0.2101,11.2946,0.4827,1.0331,0.2258
536,22.338,4,lifter,0.1378,1340,1153,1665,1503,-5.2271,0.2537,12.929,0.5501,1.1796,0.2467
537,22.38,1,lifter,0.8062,195,1066,465,1512,-4.2215,0.191,10.4829,0.4448,0.9533,0.2064
537,22.38,2,lifter,0.7228,220,684,350,925,-6.7653,0.3424,16.6863,0.7144,1.5332,0.317
537,22.38,3,lifter,0.1897,776,1171,1057,1512,-4.5515,0.2101,11.2941,0.4826,1.033,0.2258
537,22.38,4,lifter,0.1382,1340,1153,1665,1503,-5.2273,0.2537,12.9295,0.5501,1.1797,0.2468
538,22.422,1,lifter,0.807,195,1066,465,1512,-4.2216,0.191,10.4831,0.4448,0.9533,0.2064
538,22.422,2,lifter,0.7228,219,684,350,925,-6.7648,0.3423,16.6851,0.7143,1.5331,0.3169
538,22.422,3,lifter,0.1872,776,1171,1058,1512,-4.557,0.2104,11.3074,0.4832,1.0343,0.2261
538,22.422,4,lifter,0.1357,1340,1153,1665,1503,-5.2262,0.2537,12.9268,0.55,1.1794,0.2467
539,22.463,1,lifter,0.8076,195,1066,465,1512,-4.2221,0.191,10.4845,0.4449,0.9535,0.2064
539,22.463,2,lifter,0.7212,219,684,350,925,-6.7717,0.3427,16.7019,0.7151,1.5346,0.3172
539,22.463,3,lifter,0.1876,776,1171,1057,1512,-4.5518,0.2101,11.2946,0.4827,1.0331,0.2258
539,22.463,4,lifter,0.1378,1340,1153,1666,1503,-5.2264,0.2537,12.9275,0.5501,1.1795,0.2467
540,22.505,1,lifter,0.8068,195,1066,465,1512,-4.2217,0.191,10.4836,0.4448,0.9534,0.2064
540,22.505,2,lifter,0.7223,219,685,350,925,-6.7515,0.3416,16.6524,0.7129,1.53,0.3163
540,22.505,3,lifter,0.1886,776,1171,1058,1512,-4.5566,0.2104,11.3064,0.4832,1.0342,0.226
540,22.505,4,lifter,0.1369,1340,1153,1666,1503,-5.2248,0.2536,12.9234,0.5499,1.1791,0.2466
541,22.547,1,lifter,0.8075,195,1066,465,1512,-4.2219,0.191,10.4838,0.4449,0.9534,0.2064
541,22.547,2,lifter,0.7215,219,685,350,925,-6.7517,0.3416,16.6529,0.713,1.5301,0.3163
541,22.547,3,lifter,0.1905,776,1171,1056,1512,-4.5476,0.2099,11.2845,0.4822,1.0321,0.2256
541,22.547,4,lifter,0.1359,1340,1153,1666,1503,-5.2269,0.2537,12.9286,0.5501,1.1796,0.2467
542,22.588,1,lifter,0.808,195,1066,465,1512,-4.2234,0.1911,10.4876,0.445,0.9538,0.2065
542,22.588,2,lifter,0.7205,219,685,350,925,-6.7503,0.3415,16.6495,0.7128,1.5298,0.3162
542,22.588,3,lifter,0.1883,776,1171,1056,1512,-4.5478,0.2099,11.285,0.4823,1.0322,0.2256
542,22.588,4,lifter,0.1341,1340,1153,1666,1503,-5.2267,0.2537,12.9282,0.5501,1.1795,0.2467
543,22.63,1,lifter,0.8077,195,1066,465,1512,-4.2222,0.191,10.4846,0.4449,0.9535,0.2064
543,22.63,2,lifter,0.7206,220,685,350,925,-6.756,0.3419,16.6635,0.7134,1.5311,0.3165
543,22.63,3,lifter,0.1853,776,1171,1057,1512,-4.548,0.2099,11.2854,0.4822,1.0322,0.2256
543,22.63,4,lifter,0.1318,1340,1153,1666,1503,-5.23,0.2539,12.9363,0.5505,1.1803,0.2469
544,22.672,1,lifter,0.8078,195,1066,465,1512,-4.2224,0.191,10.4852,0.4449,0.9535,0.2064
544,22.672,2,lifter,0.721,220,685,350,925,-6.7524,0.3416,16.6548,0.7131,1.5303,0.3163
544,22.672,3,lifter,0.1844,776,1171,1058,1512,-4.5532,0.2102,11.2982,0.4828,1.0334,0.2259
544,22.672,4,lifter,0.1315,1340,1153,1666,1502,-5.197,0.2519,12.8555,0.5468,1.1727,0.2453
545,22.714,1,lifter,0.8076,195,1066,465,1512,-4.2223,0.191,10.4849,0.4449,0.9535,0.2064
545,22.714,2,lifter,0.7197,220,685,350,925,-6.7541,0.3417,16.659,0.7132,1.5307,0.3164
545,22.714,3,lifter,0.1867,776,1171,1057,1512,-4.5476,0.2099,11.2844,0.4822,1.0321,0.2256
545,22.714,4,lifter,0.1298,1340,1153,1666,1503,-5.2304,0.2539,12.9373,0.5505,1.1804,0.2469
546,22.755,1,lifter,0.8081,195,1066,465,1512,-4.2237,0.1911,10.4883,0.4451,0.9538,0.2065
546,22.755,2,lifter,0.7214,220,685,350,925,-6.7454,0.3412,16.6377,0.7123,1.5287,0.316
546,22.755,3,lifter,0.1823,776,1171,1059,1512,-4.5559,0.2104,11.3046,0.4831,1.034,0.226
546,22.755,4,lifter,0.1227,1340,1153,1666,1503,-5.227,0.2537,12.9288,0.5501,1.1796,0.2467
547,22.797,1,lifter,0.8081,195,1066,465,1512,-4.2211,0.191,10.4819,0.4448,0.9532,0.2063
547,22.797,2,lifter,0.7192,220,685,350,925,-6.7558,0.3418,16.663,0.7134,1.5311,0.3165
547,22.797,3,lifter,0.1822,776,1171,1059,1512,-4.5544,0.2103,11.3011,0.4829,1.0336,0.2259
547,22.797,4,lifter,0.1263,1340,1153,1666,1503,-5.2347,0.2542,12.9478,0.551,1.1813,0.2471
548,22.839,1,lifter,0.8079,195,1067,465,1512,-4.2214,0.191,10.4827,0.4448,0.9533,0.2064
548,22.839,2,lifter,0.7174,220,685,350,925,-6.7566,0.3419,16.6649,0.7135,1.5313,0.3165
548,22.839,3,lifter,0.1854,776,1171,1057,1512,-4.5446,0.2097,11.2772,0.4819,1.0314,0.2254
548,22.839,4,lifter,0.1271,1340,1153,1666,1503,-5.241,0.2545,12.9632,0.5517,1.1828,0.2474
549,22.88,1,lifter,0.808,195,1067,465,1512,-4.2209,0.191,10.4815,0.4447,0.9532,0.2063
549,22.88,2,lifter,0.7172,220,684,350,925,-6.7777,0.3431,16.7166,0.7157,1.5361,0.3175
549,22.88,3,lifter,0.1817,776,1171,1061,1512,-4.5614,0.2107,11.3181,0.4836,1.0352,0.2262
549,22.88,4,lifter,0.1277,1340,1153,1666,1503,-5.2435,0.2547,12.9693,0.5519,1.1834,0.2475
550,22.922,1,lifter,0.8074,195,1067,465,1512,-4.2221,0.191,10.4844,0.4449,0.9534,0.2064
550,22.922,2,lifter,0.7137,220,685,350,925,-6.7525,0.3416,16.6551,0.7131,1.5303,0.3163
550,22.922,3,lifter,0.1812,776,1171,1063,1512,-4.5626,0.2108,11.321,0.4837,1.0354,0.2262
550,22.922,4,lifter,0.1293,1340,1153,1666,1503,-5.2373,0.2543,12.9542,0.5513,1.1819,0.2472
551,22.964,1,lifter,0.8077,195,1067,465,1512,-4.2209,0.191,10.4815,0.4447,0.9532,0.2063
551,22.964,2,lifter,0.7137,220,684,350,925,-6.784,0.3434,16.7319,0.7164,1.5375,0.3179
551,22.964,3,lifter,0.1817,776,1171,1061,1512,-4.5615,0.2107,11.3183,0.4836,1.0352,0.2262
551,22.964,4,lifter,0.1289,1340,1153,1666,1503,-5.2549,0.2554,12.997,0.5532,1.186,0.248
552,23.005,1,lifter,0.8091,195,1067,465,1512,-4.2248,0.1912,10.491,0.4452,0.9541,0.2065
552,23.005,2,lifter,0.7156,220,684,350,925,-6.788,0.3437,16.7417,0.7168,1.5384,0.318
552,23.005,3,lifter,0.1821,776,1171,1057,1512,-4.5442,0.2097,11.2762,0.4818,1.0313,0.2254
552,23.005,4,lifter,0.1391,1340,1153,1666,1503,-5.2694,0.2562,13.0325,0.5548,1.1893,0.2487
553,23.047,1,lifter,0.8095,195,1067,465,1512,-4.2226,0.1911,10.4856,0.4449,0.9535,0.2064
553,23.047,2,lifter,0.7145,220,685,350,925,-6.7749,0.3429,16.7096,0.7155,1.5355,0.3174
553,23.047,3,lifter,0.18,776,1171,1059,1512,-4.5512,0.2101,11.2933,0.4825,1.0329,0.2257
553,23.047,4,lifter,0.138,1340,1153,1666,1503,-5.271,0.2563,13.0365,0.555,1.1897,0.2488
554,23.089,1,lifter,0.8101,195,1067,465,1512,-4.2184,0.1908,10.4755,0.4445,0.9526,0.2062
554,23.089,2,lifter,0.7142,220,685,350,925,-6.7656,0.3424,16.6869,0.7145,1.5333,0.317
554,23.089,3,lifter,0.1945,776,1171,1056,1512,-4.5432,0.2096,11.2737,0.4817,1.0311,0.2254
554,23.089,4,lifter,0.1341,1340,1153,1666,1503,-5.2449,0.2548,12.9726,0.5521,1.1837,0.2475
555,23.13,1,lifter,0.8096,195,1067,465,1512,-4.2168,0.1907,10.4715,0.4443,0.9522,0.2061
555,23.13,2,lifter,0.7192,219,685,350,925,-6.8001,0.3443,16.7712,0.7181,1.5412,0.3186
555,23.13,3,lifter,0.1924,776,1171,1056,1512,-4.5435,0.2096,11.2744,0.4818,1.0311,0.2254
555,23.13,4,lifter,0.1345,1340,1153,1666,1503,-5.2597,0.2556,13.0088,0.5537,1.1871,0.2482
556,23.172,1,lifter,0.8081,195,1067,465,1512,-4.2199,0.1909,10.479,0.4446,0.9529,0.2062
556,23.172,2,lifter,0.7186,219,685,350,925,-6.8083,0.3448,16.7913,0.719,1.543,0.319
556,23.172,3,lifter,0.2029,776,1171,1051,1512,-4.5161,0.208,11.2077,0.4789,1.0248,0.2241
556,23.172,4,lifter,0.135,1340,1153,1666,1502,-5.2483,0.255,12.981,0.5525,1.1845,0.2477
557,23.214,1,lifter,0.8075,195,1067,465,1512,-4.2189,0.1908,10.4765,0.4445,0.9527,0.2062
557,23.214,2,lifter,0.721,219,685,350,925,-6.8004,0.3444,16.7718,0.7182,1.5412,0.3186
557,23.214,3,lifter,0.2055,777,1171,1050,1512,-4.5143,0.2079,11.2032,0.4787,1.0244,0.224
557,23.214,4,lifter,0.1362,1340,1153,1666,1502,-5.2485,0.255,12.9816,0.5525,1.1845,0.2477
558,23.255,1,lifter,0.8068,195,1067,465,1512,-4.2191,0.1909,10.4771,0.4445,0.9527,0.2062
558,23.255,2,lifter,0.7211,220,685,350,925,-6.7981,0.3443,16.7664,0.7179,1.5408,0.3185
558,23.255,3,lifter,0.2061,776,1171,1054,1512,-4.5345,0.2091,11.2525,0.4808,1.0291,0.225
558,23.255,4,lifter,0.1328,1340,1153,1666,1502,-5.2378,0.2543,12.9552,0.5513,1.182,0.2472
559,23.297,1,lifter,0.8088,195,1067,465,1512,-4.2185,0.1908,10.4757,0.4445,0.9526,0.2062
559,23.297,2,lifter,0.7215,220,685,350,925,-6.8101,0.345,16.7956,0.7192,1.5435,0.3191
559,23.297,3,lifter,0.2068,776,1171,1053,1512,-4.5226,0.2084,11.2235,0.4796,1.0263,0.2244
559,23.297,4,lifter,0.1271,1340,1153,1666,1502,-5.2397,0.2545,12.96,0.5515,1.1825,0.2473
560,23.339,1,lifter,0.8089,195,1067,465,1512,-4.2223,0.1911,10.4849,0.4449,0.9535,0.2063
560,23.339,2,lifter,0.7202,220,685,350,925,-6.8118,0.3451,16.7998,0.7194,1.5439,0.3192
560,23.339,3,lifter,0.1893,777,1171,1059,1512,-4.5496,0.21,11.2891,0.4823,1.0325,0.2256
560,23.339,4,lifter,0.1283,1340,1153,1666,1502,-5.2385,0.2544,12.957,0.5514,1.1822,0.2472
561,23.38,1,lifter,0.8083,195,1067,465,1512,-4.2219,0.191,10.4839,0.4448,0.9534,0.2063
561,23.38,2,lifter,0.7209,220,685,350,925,-6.8134,0.3451,16.8036,0.7195,1.5443,0.3193
561,23.38,3,lifter,0.1859,777,1171,1060,1512,-4.5562,0.2104,11.3053,0.483,1.034,0.2259
561,23.38,4,lifter,0.1299,1340,1153,1666,1502,-5.2383,0.2544,12.9565,0.5514,1.1821,0.2472
562,23.422,1,lifter,0.8083,195,1067,465,1512,-4.2187,0.1908,10.4762,0.4445,0.9526,0.2062
562,23.422,2,lifter,0.7181,220,685,350,925,-6.8158,0.3453,16.8096,0.7198,1.5448,0.3194
562,23.422,3,lifter,0.1845,777,1171,1064,1512,-4.5547,0.2104,11.3015,0.4827,1.0335,0.2257
562,23.422,4,lifter,0.1295,1340,1153,1666,1503,-5.2662,0.256,13.0248,0.5544,1.1886,0.2485
563,23.464,1,lifter,0.8082,195,1067,465,1512,-4.2188,0.1908,10.4763,0.4445,0.9526,0.2062
563,23.464,2,lifter,0.722,220,685,350,925,-6.8142,0.3452,16.8058,0.7196,1.5445,0.3193
563,23.464,3,lifter,0.1853,777,1171,1063,1512,-4.5515,0.2102,11.2937,0.4824,1.0328,0.2256
563,23.464,4,lifter,0.1304,1340,1153,1666,1503,-5.2698,0.2562,13.0336,0.5548,1.1894,0.2487
564,23.505,1,lifter,0.8072,195,1067,465,1512,-4.2205,0.191,10.4806,0.4447,0.9531,0.2063
564,23.505,2,lifter,0.7211,220,685,350,925,-6.8133,0.3451,16.8035,0.7195,1.5443,0.3193
564,23.505,3,lifter,0.1829,776,1171,1065,1512,-4.5585,0.2106,11.3109,0.4831,1.0344,0.2259
564,23.505,4,lifter,0.1298,1340,1153,1666,1502,-5.2355,0.2542,12.9496,0.5511,1.1815,0.2471
565,23.547,1,lifter,0.8072,195,1067,465,1512,-4.2204,0.1909,10.4804,0.4447,0.953,0.2063
565,23.547,2,lifter,0.7216,220,685,350,925,-6.8138,0.3452,16.8047,0.7196,1.5444,0.3193
565,23.547,3,lifter,0.1834,777,1171,1064,1512,-4.5541,0.2103,11.3,0.4826,1.0333,0.2257
565,23.547,4,lifter,0.1299,1340,1153,1666,1503,-5.2694,0.2562,13.0325,0.5548,1.1893,0.2487
566,23.589,1,lifter,0.8075,195,1067,465,1512,-4.2217,0.191,10.4835,0.4448,0.9533,0.2063
566,23.589,2,lifter,0.7215,220,685,350,925,-6.8117,0.3451,16.7996,0.7194,1.5439,0.3192
566,23.589,3,lifter,0.1834,777,1171,1064,1512,-4.5547,0.2104,11.3017,0.4827,1.0335,0.2257
566,23.589,4,lifter,0.1273,1340,1153,1665,1503,-5.2688,0.2562,13.0312,0.5547,1.1892,0.2487
567,23.63,1,lifter,0.8078,195,1067,465,1512,-4.2187,0.1908,10.4761,0.4445,0.9526,0.2062
567,23.63,2,lifter,0.7228,220,685,350,925,-6.8123,0.3451,16.8012,0.7194,1.5441,0.3192
567,23.63,3,lifter,0.1834,777,1171,1063,1512,-4.5503,0.2101,11.2908,0.4822,1.0325,0.2255
567,23.63,4,lifter,0.1286,1340,1153,1666,1503,-5.2674,0.2561,13.0278,0.5546,1.1888,0.2486
568,23.672,1,lifter,0.8081,195,1067,465,1512,-4.2184,0.1908,10.4753,0.4445,0.9525,0.2061
568,23.672,2,lifter,0.7238,220,685,350,925,-6.8122,0.3451,16.8007,0.7194,1.544,0.3192
568,23.672,3,lifter,0.1826,777,1171,1064,1512,-4.5534,0.2103,11.2983,0.4826,1.0332,0.2256
568,23.672,4,lifter,0.1287,1340,1153,1666,1503,-5.2685,0.2562,13.0304,0.5547,1.1891,0.2486
569,23.714,1,lifter,0.8078,195,1067,465,1512,-4.2175,0.1908,10.4733,0.4444,0.9523,0.2061
569,23.714,2,lifter,0.7232,220,685,350,925,-6.8145,0.3452,16.8064,0.7197,1.5445,0.3193
569,23.714,3,lifter,0.1839,777,1171,1064,1512,-4.5535,0.2103,11.2987,0.4826,1.0332,0.2256
569,23.714,4,lifter,0.1252,1340,1153,1665,1502,-5.2362,0.2542,12.9513,0.5511,1.1817,0.2471
570,23.755,1,lifter,0.8104,195,1067,465,1512,-4.2182,0.1908,10.4748,0.4444,0.9525,0.2061
570,23.755,2,lifter,0.7261,220,685,350,925,-6.8066,0.3448,16.787,0.7188,1.5427,0.3189
570,23.755,3,lifter,0.1779,777,1171,1071,1512,-4.5701,0.2113,11.3392,0.4843,1.037,0.2264
570,23.755,4,lifter,0.1242,1340,1153,1665,1503,-5.2652,0.256,13.0222,0.5543,1.1883,0.2485
571,23.797,1,lifter,0.8095,195,1067,465,1512,-4.2195,0.1909,10.4781,0.4446,0.9528,0.2062
571,23.797,2,lifter,0.7235,220,684,350,925,-6.8377,0.3465,16.8631,0.7221,1.5498,0.3204
571,23.797,3,lifter,0.1757,777,1171,1068,1512,-4.5641,0.211,11.3245,0.4837,1.0356,0.2261
571,23.797,4,lifter,0.128,1340,1153,1665,1503,-5.2798,0.2568,13.058,0.5559,1.1917,0.2492
572,23.839,1,lifter,0.8064,195,1067,465,1512,-4.2207,0.191,10.4809,0.4447,0.9531,0.2062
572,23.839,2,lifter,0.7266,220,684,350,925,-6.8443,0.3469,16.8792,0.7228,1.5514,0.3207
572,23.839,3,lifter,0.1744,777,1171,1069,1512,-4.5577,0.2106,11.3088,0.483,1.0341,0.2258
572,23.839,4,lifter,0.1309,1340,1153,1666,1503,-5.2875,0.2573,13.0769,0.5568,1.1934,0.2495
573,23.88,1,lifter,0.8082,195,1067,465,1512,-4.2197,0.1909,10.4786,0.4446,0.9528,0.2062
573,23.88,2,lifter,0.7244,220,684,350,925,-6.8533,0.3474,16.9012,0.7238,1.5534,0.3212
573,23.88,3,lifter,0.1792,777,1171,1067,1512,-4.554,0.2104,11.2998,0.4826,1.0332,0.2256
573,23.88,4,lifter,0.1314,1340,1153,1666,1503,-5.2866,0.2572,13.0747,0.5567,1.1932,0.2495
574,23.922,1,lifter,0.8087,195,1066,465,1512,-4.2189,0.1908,10.4765,0.4445,0.9527,0.2062
574,23.922,2,lifter,0.7229,220,684,350,925,-6.8401,0.3467,16.8691,0.7224,1.5504,0.3205
574,23.922,3,lifter,0.1777,776,1171,1059,1512,-4.5537,0.2103,11.2993,0.4828,1.0334,0.2258
574,23.922,4,lifter,0.1366,1340,1153,1665,1503,-5.2674,0.2561,13.0277,0.5546,1.1888,0.2486
575,23.964,1,lifter,0.8089,195,1067,465,1512,-4.2182,0.1908,10.4748,0.4444,0.9525,0.2061
575,23.964,2,lifter,0.7247,220,685,350,925,-6.8554,0.3476,16.9064,0.724,1.5539,0.3213
575,23.964,3,lifter,0.1814,777,1171,1055,1512,-4.5366,0.2092,11.2576,0.481,1.0295,0.225
575,23.964,4,lifter,0.1373,1340,1153,1665,1503,-5.2859,0.2572,13.0729,0.5566,1.1931,0.2495
576,24.005,1,lifter,0.8087,195,1067,465,1512,-4.218,0.1908,10.4744,0.4444,0.9524,0.2061
576,24.005,2,lifter,0.7245,220,685,350,925,-6.8568,0.3476,16.9098,0.7242,1.5543,0.3213
576,24.005,3,lifter,0.1838,778,1171,1059,1512,-4.5402,0.2095,11.2661,0.4813,1.0302,0.2251
576,24.005,4,lifter,0.1416,1340,1153,1666,1502,-5.2549,0.2553,12.9971,0.5532,1.1859,0.248
577,24.047,1,lifter,0.8092,195,1067,465,1512,-4.2186,0.1908,10.4758,0.4445,0.9526,0.2061
577,24.047,2,lifter,0.7232,220,684,350,925,-6.8751,0.3487,16.9545,0.7261,1.5584,0.3222
577,24.047,3,lifter,0.1849,777,1171,1058,1512,-4.538,0.2093,11.2609,0.4811,1.0298,0.225
577,24.047,4,lifter,0.1407,1340,1153,1666,1502,-5.2563,0.2554,13.0006,0.5534,1.1863,0.248
578,24.089,1,lifter,0.8084,195,1067,465,1512,-4.2175,0.1908,10.4731,0.4444,0.9523,0.2061
578,24.089,2,lifter,0.7245,220,684,350,925,-6.8738,0.3486,16.9514,0.7259,1.5581,0.3222
578,24.089,3,lifter,0.1851,777,1171,1057,1512,-4.5376,0.2093,11.26,0.481,1.0297,0.225
578,24.089,4,lifter,0.1388,1340,1153,1665,1503,-5.2723,0.2564,13.0397,0.5551,1.19,0.2488
579,24.13,1,lifter,0.8086,195,1067,465,1512,-4.2172,0.1908,10.4725,0.4443,0.9523,0.2061
579,24.13,2,lifter,0.7223,220,684,350,925,-6.8801,0.349,16.9667,0.7266,1.5596,0.3225
579,24.13,3,lifter,0.1839,777,1171,1058,1512,-4.5398,0.2094,11.2654,0.4813,1.0302,0.2251
579,24.13,4,lifter,0.1451,1340,1153,1665,1503,-5.2712,0.2563,13.0371,0.555,1.1897,0.2488
580,24.172,1,lifter,0.8043,196,1067,466,1512,-4.242,0.1922,10.533,0.447,0.9581,0.2075
580,24.172,2,lifter,0.7574,219,683,351,927,-6.9136,0.3509,17.0487,0.7302,1.5672,0.324
580,24.172,3,lifter,0.1902,774,1171,1050,1512,-4.5225,0.2084,11.2233,0.4797,1.0263,0.2245
580,24.172,4,lifter,0.1502,1340,1153,1666,1503,-5.2472,0.2549,12.9781,0.5524,1.1842,0.2477
581,24.214,1,lifter,0.8045,196,1067,466,1512,-4.2417,0.1922,10.5323,0.447,0.9581,0.2074
581,24.214,2,lifter,0.7604,219,683,351,926,-6.9313,0.3519,17.0919,0.732,1.5713,0.3249
581,24.214,3,lifter,0.1889,774,1171,1050,1512,-4.5243,0.2085,11.2277,0.4799,1.0268,0.2246
581,24.214,4,lifter,0.1497,1340,1153,1666,1503,-5.2453,0.2548,12.9735,0.5522,1.1838,0.2476
582,24.256,1,lifter,0.8044,196,1066,466,1512,-4.2402,0.1921,10.5287,0.4469,0.9578,0.2074
582,24.256,2,lifter,0.7575,219,683,351,926,-6.9182,0.3511,17.0598,0.7306,1.5683,0.3243
582,24.256,3,lifter,0.1839,774,1171,1056,1512,-4.5486,0.2099,11.2868,0.4823,1.0323,0.2257
582,24.256,4,lifter,0.1466,1340,1154,1666,1502,-5.2138,0.2529,12.8966,0.5488,1.1765,0.2461
583,24.297,1,lifter,0.8044,196,1067,466,1512,-4.2376,0.1919,10.5223,0.4466,0.9571,0.2072
583,24.297,2,lifter,0.758,218,683,351,926,-6.9247,0.3515,17.0757,0.7313,1.5697,0.3246
583,24.297,3,lifter,0.189,775,1171,1053,1512,-4.5273,0.2086,11.2349,0.4801,1.0274,0.2247
583,24.297,4,lifter,0.1466,1340,1154,1666,1502,-5.197,0.2519,12.8555,0.5469,1.1726,0.2453
584,24.339,1,lifter,0.8029,196,1067,466,1512,-4.2393,0.192,10.5264,0.4468,0.9575,0.2073
584,24.339,2,lifter,0.7569,218,683,351,926,-6.9187,0.3512,17.0612,0.7307,1.5684,0.3243
584,24.339,3,lifter,0.1919,775,1171,1052,1512,-4.5254,0.2085,11.2304,0.4799,1.027,0.2246
584,24.339,4,lifter,0.1509,1341,1154,1666,1503,-5.2424,0.2546,12.9665,0.5519,1.183,0.2474
585,24.381,1,lifter,0.805,195,1067,466,1512,-4.242,0.1922,10.533,0.447,0.9581,0.2074
585,24.381,2,lifter,0.7493,220,683,351,927,-6.9134,0.3509,17.048,0.7301,1.5672,0.3241
585,24.381,3,lifter,0.1908,775,1171,1051,1512,-4.5221,0.2083,11.2223,0.4796,1.0262,0.2244
585,24.381,4,lifter,0.151,1340,1154,1666,1502,-5.2226,0.2534,12.918,0.5497,1.1785,0.2465
586,24.422,1,lifter,0.8016,195,1067,466,1512,-4.2406,0.1921,10.5295,0.4469,0.9578,0.2074
586,24.422,2,lifter,0.7515,220,683,351,926,-6.9226,0.3514,17.0707,0.7311,1.5694,0.3245
586,24.422,3,lifter,0.1914,775,1171,1050,1512,-4.5232,0.2084,11.2249,0.4797,1.0265,0.2245
586,24.422,4,lifter,0.1539,1341,1153,1666,1502,-5.215,0.253,12.8995,0.5489,1.1768,0.2462
587,24.464,1,lifter,0.8056,196,1067,466,1512,-4.2407,0.1921,10.5297,0.4469,0.9578,0.2074
587,24.464,2,lifter,0.7496,220,683,351,926,-6.929,0.3518,17.0864,0.7318,1.5708,0.3248
587,24.464,3,lifter,0.1878,775,1171,1053,1512,-4.5243,0.2085,11.2276,0.4798,1.0267,0.2245
587,24.464,4,lifter,0.1512,1341,1154,1666,1502,-5.2278,0.2537,12.9309,0.5503,1.1797,0.2467
588,24.506,1,lifter,0.8052,196,1067,466,1512,-4.2441,0.1923,10.538,0.4472,0.9586,0.2075
588,24.506,2,lifter,0.749,220,683,351,926,-6.9156,0.351,17.0534,0.7303,1.5677,0.3242
588,24.506,3,lifter,0.1926,775,1171,1052,1512,-4.5209,0.2083,11.2194,0.4794,1.026,0.2244
588,24.506,4,lifter,0.1522,1341,1154,1666,1502,-5.2273,0.2537,12.9295,0.5502,1.1796,0.2467
589,24.547,1,lifter,0.8048,196,1067,466,1512,-4.2451,0.1924,10.5406,0.4474,0.9588,0.2076
589,24.547,2,lifter,0.7487,220,683,351,926,-6.9297,0.3518,17.0879,0.7318,1.5709,0.3248
589,24.547,3,lifter,0.1939,775,1171,1050,1512,-4.5169,0.208,11.2096,0.479,1.025,0.2242
589,24.547,4,lifter,0.1524,1341,1154,1666,1502,-5.2314,0.2539,12.9395,0.5507,1.1805,0.2469
590,24.589,1,lifter,0.8032,196,1067,466,1512,-4.2446,0.1923,10.5393,0.4473,0.9587,0.2076
590,24.589,2,lifter,0.7502,220,683,351,926,-6.9233,0.3514,17.0724,0.7312,1.5695,0.3245
590,24.589,3,lifter,0.1957,775,1171,1051,1512,-4.518,0.2081,11.2123,0.4791,1.0253,0.2242
590,24.589,4,lifter,0.1548,1341,1154,1666,1502,-5.2218,0.2534,12.9162,0.5496,1.1783,0.2464
591,24.631,1,lifter,0.803,195,1067,466,1512,-4.2406,0.1921,10.5295,0.4469,0.9578,0.2073
591,24.631,2,lifter,0.75,220,683,351,926,-6.94,0.3524,17.1132,0.733,1.5733,0.3253
591,24.631,3,lifter,0.195,775,1171,1051,1512,-4.5171,0.2081,11.2101,0.479,1.0251,0.2242
591,24.631,4,lifter,0.1544,1341,1154,1666,1502,-5.2308,0.2539,12.9381,0.5506,1.1804,0.2469
592,24.672,1,lifter,0.8012,195,1067,466,1512,-4.2391,0.192,10.5259,0.4467,0.9574,0.2073
592,24.672,2,lifter,0.7501,220,683,351,927,-6.932,0.352,17.0937,0.7321,1.5715,0.325
592,24.672,3,lifter,0.1937,774,1171,1052,1512,-4.5194,0.2082,11.2158,0.4793,1.0256,0.2243
592,24.672,4,lifter,0.1555,1341,1154,1666,1502,-5.2303,0.2539,12.9369,0.5506,1.1803,0.2469
593,24.714,1,lifter,0.8002,195,1067,466,1512,-4.2395,0.192,10.5268,0.4468,0.9575,0.2073
593,24.714,2,lifter,0.7485,220,683,351,926,-6.9393,0.3524,17.1114,0.7329,1.5732,0.3253
593,24.714,3,lifter,0.1922,774,1171,1053,1512,-4.5239,0.2084,11.2266,0.4797,1.0266,0.2245
593,24.714,4,lifter,0.1541,1341,1154,1666,1502,-5.2325,0.254,12.9423,0.5508,1.1808,0.247
594,24.756,1,lifter,0.7979,195,1067,466,1512,-4.241,0.1921,10.5306,0.4469,0.9579,0.2074
594,24.756,2,lifter,0.749,220,683,351,926,-6.9352,0.3521,17.1014,0.7324,1.5722,0.3251
594,24.756,3,lifter,0.1957,774,1171,1052,1512,-4.5189,0.2082,11.2145,0.4792,1.0255,0.2243
594,24.756,4,lifter,0.1566,1341,1154,1666,1502,-5.2266,0.2537,12.928,0.5502,1.1794,0.2467
594,24.756,5,lifter,0.1023,2117,739,2169,941,-4.451,0.2047,11.0479,0.4714,1.0088,0.2196
595,24.797,1,lifter,0.799,195,1067,466,1512,-4.2403,0.1921,10.5289,0.4469,0.9577,0.2073
595,24.797,2,lifter,0.7481,220,683,351,927,-6.932,0.352,17.0937,0.7321,1.5715,0.325
595,24.797,3,lifter,0.1928,774,1171,1054,1512,-4.5246,0.2085,11.2283,0.4798,1.0268,0.2245
595,24.797,4,lifter,0.1565,1341,1154,1666,1502,-5.2288,0.2538,12.9332,0.5504,1.1799,0.2468
596,24.839,1,lifter,0.7995,195,1067,466,1512,-4.2411,0.1921,10.5307,0.4469,0.9579,0.2074
596,24.839,2,lifter,0.7479,220,683,351,927,-6.9323,0.352,17.0943,0.7322,1.5716,0.325
596,24.839,3,lifter,0.1921,774,1171,1055,1512,-4.5333,0.209,11.2496,0.4807,1.0288,0.2249
596,24.839,4,lifter,0.1553,1341,1154,1666,1502,-5.2293,0.2538,12.9343,0.5505,1.18,0.2468
597,24.881,1,lifter,0.8003,195,1067,466,1512,-4.2407,0.1921,10.5297,0.4469,0.9578,0.2074
597,24.881,2,lifter,0.7483,220,683,351,927,-6.9323,0.352,17.0944,0.7322,1.5716,0.325
597,24.881,3,lifter,0.1839,774,1171,1059,1512,-4.5508,0.2101,11.2923,0.4825,1.0328,0.2258
597,24.881,4,lifter,0.1558,1341,1154,1666,1502,-5.2293,0.2538,12.9344,0.5505,1.18,0.2468
598,24.922,1,lifter,0.8005,195,1067,466,1512,-4.2414,0.1921,10.5316,0.447,0.958,0.2074
598,24.922,2,lifter,0.7475,220,683,351,926,-6.9432,0.3526,17.1209,0.7333,1.5741,0.3255
598,24.922,3,lifter,0.1823,774,1171,1058,1512,-4.546,0.2098,11.2806,0.482,1.0317,0.2255
598,24.922,4,lifter,0.1556,1341,1154,1666,1502,-5.2265,0.2536,12.9276,0.5502,1.1794,0.2467
599,24.964,1,lifter,0.8006,195,1067,466,1512,-4.2419,0.1922,10.5328,0.447,0.9581,0.2074
599,24.964,2,lifter,0.7488,220,683,351,927,-6.9324,0.352,17.0945,0.7322,1.5716,0.325
599,24.964,3,lifter,0.1808,774,1171,1058,1512,-4.5451,0.2097,11.2783,0.4819,1.0315,0.2255
599,24.964,4,lifter,0.155,1341,1154,1666,1502,-5.2299,0.2538,12.9359,0.5505,1.1802,0.2468
600,25.006,1,lifter,0.8006,195,1067,466,1512,-4.2422,0.1922,10.5334,0.4471,0.9582,0.2074
600,25.006,2,lifter,0.7512,219,683,351,926,-6.9367,0.3522,17.1051,0.7326,1.5725,0.3251
600,25.006,3,lifter,0.1805,774,1171,1058,1512,-4.545,0.2097,11.2781,0.4819,1.0315,0.2255
600,25.006,4,lifter,0.1546,1341,1154,1666,1502,-5.2292,0.2538,12.9341,0.5505,1.18,0.2468
600,25.006,5,lifter,0.1088,2117,736,2169,945,-4.284,0.1948,10.6395,0.453,0.9694,0.2108
601,25.047,1,lifter,0.8006,195,1067,466,1512,-4.2422,0.1922,10.5335,0.4471,0.9582,0.2074
601,25.047,2,lifter,0.7469,220,683,351,926,-6.9434,0.3526,17.1214,0.7333,1.5741,0.3255
601,25.047,3,lifter,0.181,774,1171,1058,1512,-4.5453,0.2097,11.2788,0.4819,1.0315,0.2255
601,25.047,4,lifter,0.1552,1341,1154,1666,1502,-5.2305,0.2539,12.9375,0.5506,1.1803,0.2469
602,25.089,1,lifter,0.8004,195,1067,466,1512,-4.2417,0.1922,10.5322,0.447,0.9581,0.2074
602,25.089,2,lifter,0.7475,221,683,351,926,-6.953,0.3532,17.145,0.7344,1.5764,0.326
602,25.089,3,lifter,0.1824,774,1171,1059,1512,-4.553,0.2102,11.2975,0.4828,1.0333,0.2259
602,25.089,4,lifter,0.1564,1340,1153,1666,1502,-5.2169,0.2531,12.9042,0.5491,1.1772,0.2462
602,25.089,5,lifter,0.1027,2116,718,2163,966,-4.3011,0.196,10.6797,0.4542,0.9725,0.2108
603,25.131,1,lifter,0.7997,195,1067,466,1512,-4.2421,0.1922,10.5333,0.4471,0.9582,0.2074
603,25.131,2,lifter,0.7479,221,683,351,926,-6.9543,0.3533,17.1481,0.7345,1.5767,0.3261
603,25.131,3,lifter,0.1787,774,1171,1063,1512,-4.5586,0.2106,11.3112,0.4832,1.0345,0.226
603,25.131,4,lifter,0.1554,1340,1153,1666,1502,-5.2198,0.2533,12.9111,0.5494,1.1779,0.2464
604,25.172,1,lifter,0.7986,195,1067,466,1512,-4.2421,0.1922,10.5331,0.447,0.9581,0.2074
604,25.172,2,lifter,0.7495,221,683,351,926,-6.9552,0.3533,17.1503,0.7346,1.5769,0.3261
604,25.172,3,lifter,0.1787,774,1171,1064,1512,-4.5565,0.2104,11.3059,0.483,1.034,0.2259
604,25.172,4,lifter,0.155,1341,1153,1666,1502,-5.2203,0.2533,12.9125,0.5495,1.178,0.2464
605,25.214,1,lifter,0.7989,195,1067,466,1512,-4.2421,0.1922,10.5332,0.447,0.9581,0.2074
605,25.214,2,lifter,0.7495,221,683,351,926,-6.9558,0.3534,17.1519,0.7347,1.5771,0.3261
605,25.214,3,lifter,0.1792,774,1171,1064,1512,-4.5562,0.2104,11.3053,0.4829,1.0339,0.2259
605,25.214,4,lifter,0.1547,1341,1153,1666,1502,-5.2213,0.2533,12.9148,0.5496,1.1782,0.2464
606,25.256,1,lifter,0.7988,195,1067,466,1512,-4.2416,0.1922,10.532,0.447,0.958,0.2074
606,25.256,2,lifter,0.7495,221,683,351,926,-6.9563,0.3534,17.153,0.7347,1.5772,0.3262
606,25.256,3,lifter,0.1806,774,1171,1064,1512,-4.557,0.2105,11.3072,0.483,1.0341,0.2259
606,25.256,4,lifter,0.1555,1341,1153,1666,1502,-5.2195,0.2532,12.9105,0.5494,1.1778,0.2463
607,25.297,1,lifter,0.7988,195,1067,466,1512,-4.242,0.1922,10.533,0.447,0.9581,0.2074
607,25.297,2,lifter,0.7493,220,683,351,926,-6.9467,0.3528,17.1296,0.7337,1.5749,0.3257
607,25.297,3,lifter,0.1801,774,1171,1065,1512,-4.5576,0.2105,11.3087,0.4831,1.0342,0.2259
607,25.297,4,lifter,0.1547,1340,1153,1666,1502,-5.2196,0.2532,12.9107,0.5494,1.1778,0.2464
608,25.339,1,lifter,0.7994,195,1067,466,1512,-4.242,0.1922,10.5329,0.447,0.9581,0.2074
608,25.339,2,lifter,0.7508,220,683,351,926,-6.9471,0.3528,17.1306,0.7337,1.575,0.3257
608,25.339,3,lifter,0.1807,775,1171,1065,1512,-4.5577,0.2105,11.3089,0.4831,1.0342,0.2259
608,25.339,4,lifter,0.1528,1340,1153,1666,1502,-5.2195,0.2532,12.9105,0.5494,1.1778,0.2463
609,25.381,1,lifter,0.7993,195,1067,466,1512,-4.242,0.1922,10.5329,0.447,0.9581,0.2074
609,25.381,2,lifter,0.7501,220,683,351,926,-6.9471,0.3528,17.1305,0.7337,1.575,0.3257
609,25.381,3,lifter,0.1809,775,1171,1065,1512,-4.5575,0.2105,11.3083,0.483,1.0342,0.2259
609,25.381,4,lifter,0.1531,1340,1153,1666,1502,-5.2202,0.2533,12.9121,0.5494,1.178,0.2464
610,25.422,1,lifter,0.7994,195,1067,466,1512,-4.2415,0.1922,10.5319,0.447,0.958,0.2074
610,25.422,2,lifter,0.7494,220,683,351,926,-6.9456,0.3527,17.1269,0.7336,1.5746,0.3256
610,25.422,3,lifter,0.1824,775,1171,1065,1512,-4.5577,0.2105,11.3089,0.4831,1.0342,0.2259
610,25.422,4,lifter,0.1522,1340,1153,1666,1502,-5.2192,0.2532,12.9098,0.5493,1.1777,0.2463
611,25.464,1,lifter,0.7994,195,1067,466,1512,-4.2413,0.1921,10.5313,0.447,0.958,0.2074
611,25.464,2,lifter,0.7488,220,683,351,926,-6.9511,0.353,17.1403,0.7341,1.5759,0.3259
611,25.464,3,lifter,0.1827,774,1171,1065,1512,-4.5567,0.2105,11.3065,0.483,1.034,0.2259
611,25.464,4,lifter,0.1513,1340,1153,1666,1502,-5.2247,0.2535,12.9232,0.5499,1.179,0.2466
612,25.506,1,lifter,0.7992,195,1067,466,1512,-4.2413,0.1921,10.5314,0.447,0.958,0.2074
612,25.506,2,lifter,0.7496,220,683,351,926,-6.9417,0.3525,17.1173,0.7331,1.5737,0.3254
612,25.506,3,lifter,0.1822,775,1171,1065,1512,-4.5575,0.2105,11.3084,0.483,1.0342,0.2259
612,25.506,4,lifter,0.1518,1340,1153,1666,1502,-5.2247,0.2536,12.9233,0.55,1.179,0.2466
613,25.547,1,lifter,0.8004,195,1067,466,1512,-4.2423,0.1922,10.5338,0.4471,0.9582,0.2074
613,25.547,2,lifter,0.7498,220,683,351,926,-6.9437,0.3526,17.1221,0.7333,1.5742,0.3255
613,25.547,3,lifter,0.1801,775,1171,1065,1512,-4.5574,0.2105,11.3082,0.483,1.0341,0.2259
613,25.547,4,lifter,0.1527,1340,1153,1666,1502,-5.2245,0.2535,12.9228,0.5499,1.179,0.2466
614,25.589,1,lifter,0.7987,195,1067,466,1512,-4.2415,0.1922,10.5318,0.447,0.958,0.2074
614,25.589,2,lifter,0.7464,220,683,351,926,-6.9538,0.3532,17.1468,0.7344,1.5765,0.326
614,25.589,3,lifter,0.1807,775,1171,1067,1512,-4.5669,0.2111,11.3312,0.484,1.0363,0.2263
614,25.589,4,lifter,0.1552,1340,1153,1666,1502,-5.2218,0.2534,12.9161,0.5496,1.1783,0.2464
615,25.631,1,lifter,0.7999,195,1067,466,1512,-4.2382,0.192,10.5236,0.4466,0.9572,0.2072
615,25.631,2,lifter,0.747,220,683,351,926,-6.9536,0.3532,17.1463,0.7344,1.5764,0.326
615,25.631,3,lifter,0.1777,775,1171,1074,1512,-4.5768,0.2117,11.3556,0.4851,1.0385,0.2268
615,25.631,4,lifter,0.151,1340,1153,1666,1502,-5.2277,0.2537,12.9305,0.5503,1.1797,0.2467
616,25.673,1,lifter,0.7995,195,1067,466,1512,-4.2387,0.192,10.525,0.4467,0.9574,0.2073
616,25.673,2,lifter,0.7468,220,683,351,926,-6.9433,0.3526,17.1212,0.7333,1.5741,0.3255
616,25.673,3,lifter,0.1767,775,1171,1074,1512,-4.5766,0.2117,11.355,0.4851,1.0385,0.2268
616,25.673,4,lifter,0.1521,1340,1153,1666,1502,-5.2246,0.2535,12.923,0.5499,1.179,0.2466
617,25.714,1,lifter,0.8005,195,1067,466,1512,-4.2388,0.192,10.5251,0.4467,0.9574,0.2073
617,25.714,2,lifter,0.7521,219,683,351,926,-6.9385,0.3523,17.1094,0.7328,1.5729,0.3252
617,25.714,3,lifter,0.177,775,1171,1072,1512,-4.5731,0.2115,11.3463,0.4847,1.0377,0.2266
617,25.714,4,lifter,0.1535,1340,1153,1666,1502,-5.2288,0.2538,12.9332,0.5504,1.1799,0.2468
618,25.756,1,lifter,0.7987,195,1067,466,1512,-4.2385,0.192,10.5245,0.4467,0.9573,0.2073
618,25.756,2,lifter,0.7522,219,683,351,926,-6.9422,0.3525,17.1186,0.7332,1.5738,0.3254
618,25.756,3,lifter,0.1786,775,1170,1072,1512,-4.5849,0.2122,11.3754,0.486,1.0405,0.2273
618,25.756,4,lifter,0.1555,1340,1153,1666,1503,-5.252,0.2552,12.9901,0.553,1.1853,0.2479
619,25.798,1,lifter,0.8002,195,1067,466,1512,-4.2387,0.192,10.5249,0.4467,0.9574,0.2073
619,25.798,2,lifter,0.7502,219,683,351,926,-6.9419,0.3525,17.1178,0.7332,1.5737,0.3254
619,25.798,3,lifter,0.1792,775,1170,1072,1512,-4.5852,0.2122,11.3761,0.486,1.0405,0.2273
619,25.798,4,lifter,0.1552,1340,1153,1666,1503,-5.2532,0.2552,12.9929,0.5531,1.1855,0.2479
620,25.839,1,lifter,0.8004,195,1067,466,1512,-4.2388,0.192,10.5253,0.4467,0.9574,0.2073
620,25.839,2,lifter,0.7487,220,683,351,926,-6.9482,0.3529,17.1331,0.7338,1.5752,0.3257
620,25.839,3,lifter,0.1791,775,1170,1072,1512,-4.5853,0.2122,11.3763,0.486,1.0406,0.2273
620,25.839,4,lifter,0.156,1340,1153,1666,1503,-5.2523,0.2552,12.9906,0.553,1.1853,0.2479
621,25.881,1,lifter,0.8006,195,1067,466,1512,-4.2387,0.192,10.5248,0.4467,0.9573,0.2073
621,25.881,2,lifter,0.7485,220,683,351,926,-6.9477,0.3529,17.132,0.7338,1.5751,0.3257
621,25.881,3,lifter,0.1801,775,1170,1072,1512,-4.5852,0.2122,11.376,0.486,1.0405,0.2273
621,25.881,4,lifter,0.1571,1340,1153,1666,1503,-5.2497,0.255,12.9843,0.5527,1.1847,0.2478
622,25.923,1,lifter,0.7998,195,1067,466,1512,-4.2387,0.192,10.5249,0.4467,0.9574,0.2073
622,25.923,2,lifter,0.7487,220,683,351,926,-6.9471,0.3528,17.1305,0.7337,1.575,0.3257
622,25.923,3,lifter,0.1793,775,1170,1072,1512,-4.5858,0.2122,11.3775,0.4861,1.0407,0.2273
622,25.923,4,lifter,0.1576,1340,1153,1665,1503,-5.2503,0.2551,12.9859,0.5528,1.1849,0.2478
623,25.964,1,lifter,0.8009,195,1067,466,1512,-4.2389,0.192,10.5253,0.4467,0.9574,0.2073
623,25.964,2,lifter,0.7499,220,683,351,926,-6.9512,0.3531,17.1404,0.7341,1.5759,0.3259
623,25.964,3,lifter,0.1806,775,1170,1072,1512,-4.5854,0.2122,11.3765,0.486,1.0406,0.2273
623,25.964,4,lifter,0.1564,1340,1153,1665,1503,-5.2511,0.2551,12.9877,0.5528,1.1851,0.2479
624,26.006,1,lifter,0.8008,195,1067,466,1512,-4.2388,0.192,10.5252,0.4467,0.9574,0.2073
624,26.006,2,lifter,0.7494,220,683,351,926,-6.9503,0.353,17.1383,0.7341,1.5757,0.3258
624,26.006,3,lifter,0.1803,775,1170,1072,1512,-4.586,0.2122,11.378,0.4861,1.0407,0.2273
624,26.006,4,lifter,0.1562,1340,1153,1666,1503,-5.2514,0.2551,12.9885,0.5529,1.1851,0.2479
625,26.048,1,lifter,0.801,195,1067,466,1512,-4.2387,0.192,10.525,0.4467,0.9574,0.2073
625,26.048,2,lifter,0.7503,220,683,351,926,-6.9506,0.353,17.139,0.7341,1.5758,0.3258
625,26.048,3,lifter,0.1785,775,1170,1072,1512,-4.5863,0.2122,11.3787,0.4861,1.0408,0.2273
625,26.048,4,lifter,0.1558,1340,1153,1665,1503,-5.25,0.255,12.9851,0.5527,1.1849,0.2478
626,26.089,1,lifter,0.7994,195,1067,466,1512,-4.2386,0.192,10.5246,0.4467,0.9573,0.2073
626,26.089,2,lifter,0.7489,220,683,351,926,-6.9568,0.3534,17.1543,0.7348,1.5772,0.3261
626,26.089,3,lifter,0.1774,775,1170,1072,1512,-4.5864,0.2122,11.3789,0.4862,1.0408,0.2273
626,26.089,4,lifter,0.1567,1340,1153,1666,1503,-5.2488,0.255,12.9822,0.5526,1.1846,0.2477
627,26.131,1,lifter,0.7995,195,1067,466,1512,-4.2384,0.192,10.5242,0.4467,0.9573,0.2073
627,26.131,2,lifter,0.7492,220,683,351,926,-6.9507,0.353,17.1393,0.7341,1.5758,0.3258
627,26.131,3,lifter,0.1777,775,1171,1072,1512,-4.5759,0.2116,11.3534,0.485,1.0384,0.2268
627,26.131,4,lifter,0.1559,1340,1153,1666,1503,-5.2505,0.2551,12.9863,0.5528,1.185,0.2478
628,26.173,1,lifter,0.7996,195,1067,466,1512,-4.2388,0.192,10.5251,0.4467,0.9574,0.2073
628,26.173,2,lifter,0.748,220,683,351,926,-6.9482,0.3529,17.1331,0.7338,1.5752,0.3257
628,26.173,3,lifter,0.178,775,1171,1072,1512,-4.5763,0.2116,11.3542,0.485,1.0384,0.2268
628,26.173,4,lifter,0.1547,1340,1153,1666,1503,-5.2478,0.2549,12.9797,0.5525,1.1843,0.2477
629,26.214,1,lifter,0.8,195,1067,466,1512,-4.239,0.192,10.5256,0.4467,0.9574,0.2073
629,26.214,2,lifter,0.7501,220,683,351,926,-6.9561,0.3533,17.1524,0.7347,1.577,0.3261
629,26.214,3,lifter,0.1782,775,1171,1072,1512,-4.576,0.2116,11.3534,0.485,1.0384,0.2268
629,26.214,4,lifter,0.154,1340,1153,1665,1503,-5.2464,0.2548,12.9762,0.5523,1.184,0.2477
630,26.256,1,lifter,0.7998,195,1067,466,1512,-4.2391,0.192,10.526,0.4467,0.9575,0.2073
630,26.256,2,lifter,0.7483,220,683,351,926,-6.9665,0.3539,17.1778,0.7358,1.5794,0.3266
630,26.256,3,lifter,0.1777,775,1171,1071,1512,-4.5733,0.2115,11.3469,0.4847,1.0378,0.2266
630,26.256,4,lifter,0.1527,1340,1153,1665,1503,-5.2441,0.2547,12.9706,0.552,1.1835,0.2476
631,26.298,1,lifter,0.8012,195,1067,466,1512,-4.2386,0.192,10.5248,0.4467,0.9573,0.2073
631,26.298,2,lifter,0.7507,220,683,351,926,-6.961,0.3536,17.1644,0.7352,1.5781,0.3263
631,26.298,3,lifter,0.1787,775,1171,1071,1512,-4.5725,0.2114,11.3451,0.4846,1.0376,0.2266
631,26.298,4,lifter,0.1529,1340,1153,1665,1503,-5.2492,0.255,12.9829,0.5526,1.1847,0.2478
632,26.339,1,lifter,0.8007,195,1067,466,1512,-4.2378,0.1919,10.5228,0.4466,0.9572,0.2072
632,26.339,2,lifter,0.7492,220,683,351,926,-6.9594,0.3535,17.1606,0.735,1.5778,0.3263
632,26.339,3,lifter,0.1797,775,1171,1070,1512,-4.5728,0.2114,11.3457,0.4847,1.0376,0.2266
632,26.339,4,lifter,0.156,1340,1153,1665,1503,-5.2482,0.2549,12.9807,0.5525,1.1845,0.2478
633,26.381,1,lifter,0.8024,195,1067,466,1512,-4.2387,0.192,10.5249,0.4467,0.9573,0.2073
633,26.381,2,lifter,0.7495,220,683,351,926,-6.9575,0.3534,17.156,0.7348,1.5774,0.3262
633,26.381,3,lifter,0.1805,775,1171,1066,1512,-4.5632,0.2109,11.3223,0.4836,1.0354,0.2261
633,26.381,4,lifter,0.156,1340,1153,1665,1503,-5.2543,0.2553,12.9956,0.5531,1.1859,0.2481
633,26.381,5,lifter,0.1347,2143,754,2192,993,-5.1119,0.2467,12.6482,0.5376,1.1514,0.2394
634,26.423,1,lifter,0.8024,195,1067,466,1512,-4.2375,0.1919,10.5219,0.4465,0.9571,0.2072
634,26.423,2,lifter,0.7502,220,683,351,926,-6.97,0.3541,17.1863,0.7361,1.5802,0.3268
634,26.423,3,lifter,0.1792,775,1171,1069,1512,-4.5704,0.2113,11.34,0.4844,1.0371,0.2265
634,26.423,4,lifter,0.1576,1340,1153,1665,1503,-5.249,0.255,12.9824,0.5525,1.1847,0.2479
635,26.464,1,lifter,0.8025,195,1067,466,1512,-4.2363,0.1918,10.519,0.4464,0.9568,0.2071
635,26.464,2,lifter,0.7497,220,683,351,926,-6.9705,0.3542,17.1877,0.7362,1.5803,0.3268
635,26.464,3,lifter,0.1798,775,1171,1069,1512,-4.5705,0.2113,11.34,0.4844,1.0371,0.2265
635,26.464,4,lifter,0.158,1340,1153,1665,1503,-5.2469,0.2549,12.9775,0.5523,1.1843,0.2478
636,26.506,1,lifter,0.7941,195,1067,466,1512,-4.2342,0.1917,10.5139,0.4462,0.9563,0.207
636,26.506,2,lifter,0.739,220,683,351,926,-6.959,0.3535,17.1596,0.735,1.5777,0.3262
636,26.506,3,lifter,0.166,775,1170,1065,1512,-4.5586,0.2106,11.3111,0.4831,1.0344,0.2259
636,26.506,4,lifter,0.1594,1340,1154,1665,1503,-5.2503,0.2551,12.9858,0.5527,1.185,0.2479
637,26.548,1,lifter,0.7943,195,1067,466,1512,-4.2343,0.1917,10.5141,0.4462,0.9563,0.207
637,26.548,2,lifter,0.7392,220,683,351,926,-6.963,0.3537,17.1692,0.7354,1.5786,0.3264
637,26.548,3,lifter,0.1664,775,1170,1064,1512,-4.5569,0.2105,11.3068,0.483,1.034,0.2259
637,26.548,4,lifter,0.1594,1340,1154,1665,1503,-5.2513,0.2551,12.988,0.5528,1.1852,0.248
638,26.589,1,lifter,0.7944,195,1067,466,1512,-4.2345,0.1917,10.5146,0.4462,0.9563,0.207
638,26.589,2,lifter,0.7405,220,683,351,926,-6.9702,0.3542,17.187,0.7362,1.5803,0.3268
638,26.589,3,lifter,0.1666,775,1170,1064,1512,-4.5566,0.2105,11.3062,0.483,1.034,0.2259
638,26.589,4,lifter,0.1616,1340,1154,1665,1503,-5.2503,0.2551,12.9855,0.5526,1.185,0.2479
639,26.631,1,lifter,0.7944,195,1067,466,1512,-4.2344,0.1917,10.5144,0.4462,0.9563,0.207
639,26.631,2,lifter,0.7406,220,683,351,926,-6.973,0.3543,17.1938,0.7365,1.5809,0.3269
639,26.631,3,lifter,0.1665,775,1170,1064,1512,-4.5565,0.2105,11.306,0.4829,1.0339,0.2259
639,26.631,4,lifter,0.1623,1340,1154,1665,1503,-5.25,0.2551,12.9849,0.5526,1.185,0.2479
640,26.673,1,lifter,0.7941,195,1067,466,1512,-4.2342,0.1917,10.514,0.4462,0.9563,0.207
640,26.673,2,lifter,0.7407,220,683,351,926,-6.9738,0.3544,17.1957,0.7366,1.5811,0.327
640,26.673,3,lifter,0.168,775,1170,1064,1512,-4.5564,0.2104,11.3057,0.4829,1.0339,0.2258
640,26.673,4,lifter,0.1621,1340,1154,1665,1503,-5.2515,0.2552,12.9886,0.5527,1.1853,0.248
641,26.714,1,lifter,0.7939,195,1067,466,1512,-4.2344,0.1917,10.5143,0.4462,0.9563,0.207
641,26.714,2,lifter,0.741,220,683,351,926,-6.9738,0.3544,17.1957,0.7366,1.5811,0.327
641,26.714,3,lifter,0.1668,775,1170,1066,1512,-4.5618,0.2108,11.3189,0.4835,1.0351,0.2261
641,26.714,4,lifter,0.1611,1340,1154,1665,1503,-5.256,0.2555,12.9996,0.5532,1.1864,0.2483
642,26.756,1,lifter,0.7939,195,1067,466,1512,-4.2343,0.1917,10.5142,0.4462,0.9563,0.207
642,26.756,2,lifter,0.7408,220,683,351,926,-6.9738,0.3544,17.1957,0.7366,1.5811,0.327
642,26.756,3,lifter,0.1668,775,1170,1066,1512,-4.5614,0.2108,11.3179,0.4834,1.035,0.2261
642,26.756,4,lifter,0.1607,1341,1154,1665,1503,-5.2528,0.2553,12.9918,0.5528,1.1857,0.2481
643,26.798,1,lifter,0.7941,195,1067,466,1512,-4.2348,0.1918,10.5154,0.4462,0.9564,0.207
643,26.798,2,lifter,0.741,220,683,351,926,-6.9731,0.3543,17.1941,0.7365,1.5809,0.3269
643,26.798,3,lifter,0.1683,775,1170,1067,1512,-4.5646,0.211,11.3258,0.4838,1.0358,0.2262
643,26.798,4,lifter,0.1631,1341,1154,1665,1503,-5.2574,0.2556,13.0033,0.5533,1.1867,0.2483
644,26.839,1,lifter,0.7944,195,1067,466,1512,-4.2348,0.1918,10.5155,0.4462,0.9564,0.207
644,26.839,2,lifter,0.742,220,683,351,926,-6.971,0.3542,17.189,0.7363,1.5805,0.3268
644,26.839,3,lifter,0.1688,775,1170,1068,1512,-4.5672,0.2111,11.3321,0.4841,1.0364,0.2263
644,26.839,4,lifter,0.1646,1341,1154,1665,1503,-5.2571,0.2556,13.0025,0.5533,1.1867,0.2483
645,26.881,1,lifter,0.7943,195,1067,466,1512,-4.2356,0.1918,10.5172,0.4463,0.9566,0.2071
645,26.881,2,lifter,0.7437,219,683,351,926,-6.9639,0.3538,17.1715,0.7355,1.5788,0.3264
645,26.881,3,lifter,0.168,775,1170,1068,1512,-4.5672,0.2111,11.3322,0.4841,1.0364,0.2263
645,26.881,4,lifter,0.1626,1341,1154,1665,1503,-5.2552,0.2555,12.9978,0.5531,1.1862,0.2482
646,26.923,1,lifter,0.7947,195,1067,466,1512,-4.236,0.1918,10.5182,0.4464,0.9567,0.2071
646,26.923,2,lifter,0.745,219,683,351,926,-6.9613,0.3536,17.1651,0.7352,1.5782,0.3263
646,26.923,3,lifter,0.1684,775,1170,1068,1512,-4.568,0.2112,11.3341,0.4841,1.0365,0.2264
646,26.923,4,lifter,0.1616,1341,1154,1665,1503,-5.2576,0.2556,13.0036,0.5533,1.1868,0.2483
647,26.964,1,lifter,0.7951,195,1067,466,1512,-4.2361,0.1918,10.5186,0.4464,0.9567,0.2071
647,26.964,2,lifter,0.7442,219,683,351,926,-6.9622,0.3537,17.1675,0.7353,1.5784,0.3264
647,26.964,3,lifter,0.1706,775,1170,1062,1512,-4.5594,0.2106,11.3131,0.4833,1.0347,0.2261
647,26.964,4,lifter,0.1587,1341,1154,1665,1503,-5.2613,0.2558,13.0127,0.5538,1.1876,0.2485
648,27.006,1,lifter,0.7954,195,1067,466,1512,-4.2362,0.1919,10.5188,0.4464,0.9567,0.2071
648,27.006,2,lifter,0.7435,220,683,351,926,-6.9707,0.3542,17.1882,0.7362,1.5804,0.3268
648,27.006,3,lifter,0.17,775,1170,1062,1512,-4.5597,0.2106,11.3137,0.4834,1.0348,0.2261
648,27.006,4,lifter,0.1598,1341,1154,1665,1503,-5.2606,0.2558,13.0111,0.5537,1.1875,0.2485
649,27.048,1,lifter,0.7954,195,1067,466,1512,-4.2361,0.1918,10.5185,0.4464,0.9567,0.2071
649,27.048,2,lifter,0.7418,220,683,351,926,-6.9803,0.3547,17.2115,0.7372,1.5826,0.3273
649,27.048,3,lifter,0.17,775,1170,1063,1512,-4.5591,0.2106,11.3124,0.4833,1.0346,0.226
649,27.048,4,lifter,0.1577,1341,1154,1665,1503,-5.259,0.2557,13.0071,0.5535,1.1871,0.2484
650,27.09,1,lifter,0.7965,195,1067,466,1512,-4.2353,0.1918,10.5165,0.4463,0.9565,0.2071
650,27.09,2,lifter,0.7411,220,683,351,926,-6.9785,0.3546,17.2073,0.7371,1.5822,0.3272
650,27.09,3,lifter,0.1686,775,1170,1065,1512,-4.5578,0.2105,11.3091,0.4831,1.0342,0.2259
650,27.09,4,lifter,0.1553,1341,1154,1665,1503,-5.2574,0.2556,13.0032,0.5533,1.1867,0.2483
651,27.131,1,lifter,0.7947,195,1067,466,1512,-4.234,0.1917,10.5134,0.4462,0.9562,0.207
651,27.131,2,lifter,0.741,219,683,350,926,-7.0437,0.3583,17.3664,0.744,1.5971,0.3303
651,27.131,3,lifter,0.166,775,1170,1060,1512,-4.5547,0.2103,11.3016,0.4829,1.0336,0.2259
651,27.131,4,lifter,0.1533,1341,1154,1665,1503,-5.2704,0.2564,13.0351,0.5547,1.1897,0.2489
652,27.173,1,lifter,0.7937,195,1067,466,1512,-4.2366,0.1919,10.5196,0.4464,0.9568,0.2071
652,27.173,2,lifter,0.7417,220,683,350,926,-7.044,0.3584,17.3671,0.744,1.5972,0.3303
652,27.173,3,lifter,0.1708,775,1171,1054,1512,-4.5159,0.208,11.207,0.4788,1.0247,0.224
652,27.173,4,lifter,0.1574,1341,1154,1665,1503,-5.2754,0.2566,13.0473,0.5553,1.1909,0.2491
653,27.215,1,lifter,0.7946,195,1067,465,1512,-4.2345,0.1918,10.5145,0.4462,0.9563,0.207
653,27.215,2,lifter,0.734,220,683,351,926,-6.9937,0.3555,17.2442,0.7387,1.5857,0.3279
653,27.215,3,lifter,0.1728,775,1171,1057,1512,-4.5299,0.2088,11.2411,0.4802,1.0279,0.2246
653,27.215,4,lifter,0.1576,1341,1154,1665,1502,-5.2499,0.2551,12.985,0.5525,1.185,0.2479
654,27.256,1,lifter,0.7971,195,1067,466,1512,-4.2349,0.1918,10.5155,0.4462,0.9564,0.207
654,27.256,2,lifter,0.739,220,683,350,926,-7.0355,0.3579,17.3463,0.7431,1.5953,0.3299
654,27.256,3,lifter,0.1714,775,1170,1068,1512,-4.5689,0.2112,11.3361,0.4842,1.0367,0.2264
654,27.256,4,lifter,0.1483,1340,1154,1664,1502,-5.2426,0.2547,12.9669,0.5517,1.1834,0.2477
655,27.298,1,lifter,0.7951,195,1067,466,1512,-4.2276,0.1913,10.4978,0.4455,0.9547,0.2067
655,27.298,2,lifter,0.7483,219,683,350,927,-7.065,0.3596,17.4184,0.7463,1.602,0.3313
655,27.298,3,lifter,0.1733,775,1171,1059,1512,-4.5424,0.2096,11.2718,0.4815,1.0308,0.2253
655,27.298,4,lifter,0.152,1340,1154,1665,1503,-5.2738,0.2566,13.0432,0.5551,1.1905,0.2491
656,27.34,1,lifter,0.7908,194,1067,466,1512,-4.2295,0.1915,10.5025,0.4457,0.9552,0.2068
656,27.34,2,lifter,0.7484,219,682,350,926,-7.0899,0.361,17.4793,0.7488,1.6077,0.3325
656,27.34,3,lifter,0.1799,775,1171,1052,1512,-4.5037,0.2073,11.1772,0.4775,1.0219,0.2234
656,27.34,4,lifter,0.1531,1340,1154,1665,1503,-5.2893,0.2575,13.0811,0.5568,1.1941,0.2498
657,27.381,1,lifter,0.7895,194,1067,466,1512,-4.2325,0.1916,10.5097,0.446,0.9558,0.2069
657,27.381,2,lifter,0.7356,220,683,351,926,-7.0144,0.3567,17.2949,0.7409,1.5905,0.3289
657,27.381,3,lifter,0.1837,775,1171,1050,1512,-4.5,0.207,11.1682,0.4771,1.021,0.2233
657,27.381,4,lifter,0.153,1340,1154,1665,1503,-5.2899,0.2575,13.0825,0.5569,1.1942,0.2498
658,27.423,1,lifter,0.7935,195,1067,466,1512,-4.2343,0.1917,10.5142,0.4462,0.9563,0.207
658,27.423,2,lifter,0.7377,220,683,351,926,-7.0149,0.3568,17.2961,0.7409,1.5906,0.3289
658,27.423,3,lifter,0.1761,776,1171,1067,1512,-4.5562,0.2105,11.3051,0.4828,1.0337,0.2257
658,27.423,4,lifter,0.1527,1340,1154,1665,1503,-5.2579,0.2556,13.0045,0.5534,1.1868,0.2483
659,27.465,1,lifter,0.7936,195,1067,466,1512,-4.2333,0.1917,10.5118,0.4461,0.956,0.2069
659,27.465,2,lifter,0.7408,220,683,350,926,-7.089,0.361,17.4771,0.7488,1.6076,0.3325
659,27.465,3,lifter,0.1847,776,1171,1054,1512,-4.5201,0.2083,11.2172,0.4792,1.0257,0.2242
659,27.465,4,lifter,0.1519,1340,1154,1665,1503,-5.2737,0.2565,13.043,0.5551,1.1905,0.2491
660,27.506,1,lifter,0.7949,195,1067,466,1512,-4.2333,0.1917,10.5117,0.4461,0.9561,0.207
660,27.506,2,lifter,0.7398,220,683,350,926,-7.0872,0.3609,17.4728,0.7486,1.6071,0.3324
660,27.506,3,lifter,0.1842,775,1171,1050,1512,-4.5015,0.2071,11.1718,0.4773,1.0214,0.2233
660,27.506,4,lifter,0.1593,1340,1154,1665,1503,-5.2885,0.2574,13.0792,0.5567,1.1939,0.2498
661,27.548,1,lifter,0.7931,195,1067,466,1512,-4.2356,0.1918,10.5174,0.4463,0.9566,0.2071
661,27.548,2,lifter,0.7404,220,683,350,926,-7.0667,0.3597,17.4227,0.7464,1.6025,0.3314
661,27.548,3,lifter,0.1832,775,1171,1050,1512,-4.5003,0.2071,11.1689,0.4772,1.0211,0.2233
661,27.548,4,lifter,0.1546,1340,1154,1665,1503,-5.2867,0.2573,13.0749,0.5565,1.1935,0.2497
662,27.59,1,lifter,0.7927,195,1067,466,1512,-4.2332,0.1917,10.5116,0.4461,0.956,0.2069
662,27.59,2,lifter,0.7384,220,683,350,926,-7.0649,0.3596,17.4182,0.7462,1.602,0.3313
662,27.59,3,lifter,0.1899,775,1171,1052,1512,-4.5062,0.2074,11.1832,0.4778,1.0224,0.2235
662,27.59,4,lifter,0.1509,1340,1154,1665,1503,-5.2729,0.2565,13.041,0.555,1.1903,0.249
663,27.631,1,lifter,0.7923,195,1067,466,1512,-4.2338,0.1917,10.513,0.4461,0.9562,0.207
663,27.631,2,lifter,0.7404,220,683,350,926,-7.0753,0.3602,17.4437,0.7473,1.6044,0.3318
663,27.631,3,lifter,0.1876,775,1171,1050,1512,-4.5012,0.2071,11.1712,0.4773,1.0213,0.2233
663,27.631,4,lifter,0.1516,1340,1154,1665,1503,-5.28,0.2569,13.0583,0.5558,1.1919,0.2494
664,27.673,1,lifter,0.7915,195,1067,466,1512,-4.2358,0.1918,10.5178,0.4463,0.9566,0.207
664,27.673,2,lifter,0.7419,220,682,350,926,-7.0952,0.3613,17.4922,0.7494,1.609,0.3328
664,27.673,3,lifter,0.1845,775,1171,1048,1512,-4.5035,0.2073,11.1768,0.4776,1.0218,0.2235
664,27.673,4,lifter,0.1516,1340,1154,1665,1503,-5.2786,0.2568,13.0552,0.5556,1.1916,0.2493
665,27.715,1,lifter,0.792,195,1067,466,1512,-4.2368,0.1919,10.5201,0.4464,0.9568,0.2071
665,27.715,2,lifter,0.7416,220,683,350,926,-7.0792,0.3604,17.4533,0.7478,1.6053,0.332
665,27.715,3,lifter,0.1847,775,1171,1048,1512,-4.5038,0.2073,11.1775,0.4776,1.0219,0.2235
665,27.715,4,lifter,0.1509,1340,1154,1665,1503,-5.28,0.2569,13.0584,0.5558,1.1919,0.2494
666,27.756,1,lifter,0.792,195,1067,466,1512,-4.2367,0.1919,10.5201,0.4464,0.9568,0.2071
666,27.756,2,lifter,0.742,220,683,350,926,-7.0672,0.3597,17.4239,0.7465,1.6026,0.3314
666,27.756,3,lifter,0.1854,775,1171,1048,1512,-4.5049,0.2074,11.1802,0.4777,1.0222,0.2235
666,27.756,4,lifter,0.1503,1340,1154,1665,1503,-5.2758,0.2567,13.0481,0.5553,1.191,0.2492
667,27.798,1,lifter,0.7912,195,1067,466,1512,-4.2372,0.1919,10.5212,0.4465,0.9569,0.2071
667,27.798,2,lifter,0.7391,220,683,350,926,-7.0746,0.3602,17.4419,0.7473,1.6043,0.3318
667,27.798,3,lifter,0.1877,775,1171,1049,1512,-4.5026,0.2072,11.1746,0.4775,1.0216,0.2234
667,27.798,4,lifter,0.1469,1341,1154,1665,1503,-5.2792,0.2569,13.0565,0.5557,1.1917,0.2493
668,27.84,1,lifter,0.7906,195,1067,466,1512,-4.2369,0.1919,10.5204,0.4464,0.9569,0.2071
668,27.84,2,lifter,0.7397,220,683,350,926,-7.0757,0.3602,17.4446,0.7474,1.6045,0.3318
668,27.84,3,lifter,0.1884,775,1171,1048,1512,-4.506,0.2074,11.1829,0.4778,1.0224,0.2236
668,27.84,4,lifter,0.1446,1341,1154,1665,1503,-5.2815,0.257,13.0622,0.556,1.1923,0.2494
669,27.881,1,lifter,0.7917,195,1067,466,1512,-4.2375,0.1919,10.5219,0.4465,0.957,0.2071
669,27.881,2,lifter,0.7394,220,683,350,926,-7.0721,0.36,17.4357,0.747,1.6037,0.3317
669,27.881,3,lifter,0.1892,775,1171,1048,1512,-4.5062,0.2074,11.1836,0.4779,1.0225,0.2236
669,27.881,4,lifter,0.1447,1340,1154,1665,1503,-5.2769,0.2567,13.051,0.5555,1.1912,0.2492
670,27.923,1,lifter,0.7917,195,1067,466,1512,-4.2371,0.1919,10.5209,0.4465,0.9569,0.2071
670,27.923,2,lifter,0.7393,220,683,350,926,-7.0766,0.3603,17.4469,0.7475,1.6047,0.3319
670,27.923,3,lifter,0.1884,775,1171,1048,1512,-4.5062,0.2074,11.1835,0.4779,1.0225,0.2236
670,27.923,4,lifter,0.1421,1340,1154,1664,1503,-5.2764,0.2567,13.0495,0.5554,1.1911,0.2492
671,27.965,1,lifter,0.7905,195,1067,466,1512,-4.2369,0.1919,10.5206,0.4465,0.9569,0.2071
671,27.965,2,lifter,0.7396,220,683,350,926,-7.0755,0.3602,17.4442,0.7474,1.6045,0.3318
671,27.965,3,lifter,0.1871,775,1171,1048,1512,-4.5062,0.2074,11.1835,0.4779,1.0225,0.2236
671,27.965,4,lifter,0.1426,1341,1154,1664,1503,-5.2754,0.2567,13.0473,0.5553,1.1909,0.2492
672,28.006,1,lifter,0.7914,195,1067,466,1512,-4.2368,0.1919,10.5203,0.4464,0.9569,0.2071
672,28.006,2,lifter,0.739,220,683,350,926,-7.0789,0.3604,17.4524,0.7477,1.6052,0.332
672,28.006,3,lifter,0.1862,775,1171,1048,1512,-4.5061,0.2074,11.1831,0.4779,1.0224,0.2236
672,28.006,4,lifter,0.1435,1341,1155,1665,1503,-5.2995,0.2581,13.1062,0.5579,1.1964,0.2503
673,28.048,1,lifter,0.7926,195,1067,466,1512,-4.2375,0.1919,10.522,0.4465,0.957,0.2071
673,28.048,2,lifter,0.7395,220,683,350,926,-7.0765,0.3603,17.4466,0.7475,1.6047,0.3319
673,28.048,3,lifter,0.1846,775,1171,1049,1512,-4.503,0.2072,11.1756,0.4775,1.0217,0.2234
673,28.048,4,lifter,0.1413,1340,1154,1665,1503,-5.2741,0.2566,13.044,0.5551,1.1906,0.2491
674,28.09,1,lifter,0.7918,195,1067,466,1512,-4.237,0.1919,10.5208,0.4465,0.9569,0.2071
674,28.09,2,lifter,0.7415,220,683,350,926,-7.0789,0.3604,17.4525,0.7477,1.6053,0.332
674,28.09,3,lifter,0.1834,775,1171,1049,1512,-4.5024,0.2072,11.1742,0.4774,1.0216,0.2234
674,28.09,4,lifter,0.1404,1340,1154,1665,1503,-5.2765,0.2567,13.0499,0.5554,1.1911,0.2492
675,28.131,1,lifter,0.7917,195,1067,466,1512,-4.2371,0.1919,10.521,0.4465,0.9569,0.2071
675,28.131,2,lifter,0.7377,221,683,350,926,-7.0842,0.3608,17.4655,0.7483,1.6066,0.3323
675,28.131,3,lifter,0.1835,775,1171,1048,1512,-4.5058,0.2074,11.1824,0.4778,1.0224,0.2236
675,28.131,4,lifter,0.1388,1340,1154,1665,1503,-5.2763,0.2567,13.0494,0.5554,1.1911,0.2492
676,28.173,1,lifter,0.7913,195,1067,466,1512,-4.2356,0.1918,10.5173,0.4463,0.9566,0.207
676,28.173,2,lifter,0.7374,221,683,350,926,-7.0842,0.3608,17.4655,0.7483,1.6066,0.3323
676,28.173,3,lifter,0.183,775,1171,1049,1512,-4.5022,0.2072,11.1736,0.4774,1.0215,0.2234
676,28.173,4,lifter,0.1394,1340,1154,1665,1503,-5.2763,0.2567,13.0494,0.5554,1.1911,0.2492
677,28.215,1,lifter,0.7883,195,1066,466,1512,-4.223,0.1911,10.4865,0.4449,0.9536,0.2064
677,28.215,2,lifter,0.7357,218,682,350,925,-7.2542,0.3704,17.8806,0.7663,1.6454,0.3403
677,28.215,3,lifter,0.1659,777,1171,1076,1512,-4.5607,0.2107,11.3162,0.4833,1.0347,0.226
677,28.215,4,lifter,0.1183,1340,1154,1665,1503,-5.2337,0.2542,12.9454,0.5507,1.1813,0.2472
678,28.256,1,lifter,0.7896,195,1066,466,1512,-4.2228,0.1911,10.486,0.4449,0.9535,0.2063
678,28.256,2,lifter,0.7344,218,682,351,925,-7.2015,0.3674,17.752,0.7607,1.6333,0.3378
678,28.256,3,lifter,0.1653,777,1171,1077,1512,-4.5607,0.2107,11.3161,0.4833,1.0347,0.2259
678,28.256,4,lifter,0.1158,1340,1154,1665,1503,-5.2346,0.2542,12.9475,0.5508,1.1815,0.2472
679,28.298,1,lifter,0.7921,195,1066,466,1512,-4.2234,0.1911,10.4875,0.445,0.9537,0.2064
679,28.298,2,lifter,0.7356,218,682,351,925,-7.2007,0.3673,17.75,0.7606,1.6331,0.3377
679,28.298,3,lifter,0.1636,777,1171,1080,1512,-4.5641,0.211,11.3244,0.4836,1.0354,0.226
679,28.298,4,lifter,0.1159,1340,1154,1664,1503,-5.2315,0.2541,12.94,0.5505,1.1808,0.2471
680,28.34,1,lifter,0.7923,195,1066,466,1512,-4.2215,0.191,10.4828,0.4448,0.9532,0.2063
680,28.34,2,lifter,0.7361,217,682,351,925,-7.2158,0.3682,17.7869,0.7622,1.6366,0.3385
680,28.34,3,lifter,0.1616,776,1171,1079,1512,-4.5611,0.2108,11.317,0.4833,1.0347,0.2259
680,28.34,4,lifter,0.1181,1340,1154,1665,1503,-5.2287,0.2539,12.9331,0.5502,1.1801,0.2469
681,28.381,1,lifter,0.7933,195,1066,466,1512,-4.2222,0.191,10.4846,0.4448,0.9534,0.2063
681,28.381,2,lifter,0.737,217,682,350,925,-7.2723,0.3715,17.9249,0.7682,1.6496,0.3412
681,28.381,3,lifter,0.159,777,1171,1079,1512,-4.5637,0.2109,11.3234,0.4836,1.0354,0.226
681,28.381,4,lifter,0.1183,1340,1154,1665,1503,-5.224,0.2536,12.9217,0.5497,1.179,0.2467
682,28.423,1,lifter,0.7939,195,1066,466,1512,-4.2212,0.191,10.4822,0.4447,0.9532,0.2063
682,28.423,2,lifter,0.7349,217,682,350,925,-7.2759,0.3717,17.9336,0.7686,1.6504,0.3414
682,28.423,3,lifter,0.1583,777,1171,1079,1512,-4.5627,0.2109,11.3209,0.4835,1.0351,0.226
682,28.423,4,lifter,0.1176,1340,1154,1665,1503,-5.2303,0.254,12.937,0.5503,1.1805,0.247
683,28.465,1,lifter,0.7937,195,1066,466,1512,-4.2209,0.191,10.4814,0.4447,0.9531,0.2062
683,28.465,2,lifter,0.7352,217,682,350,925,-7.2732,0.3715,17.9269,0.7683,1.6498,0.3412
683,28.465,3,lifter,0.1667,777,1171,1078,1512,-4.5605,0.2107,11.3157,0.4832,1.0346,0.2259
683,28.465,4,lifter,0.1156,1340,1154,1665,1503,-5.2297,0.254,12.9357,0.5503,1.1803,0.247
684,28.506,1,lifter,0.7941,195,1066,466,1512,-4.221,0.191,10.4816,0.4447,0.9531,0.2062
684,28.506,2,lifter,0.7383,217,682,350,925,-7.2811,0.372,17.9464,0.7692,1.6516,0.3416
684,28.506,3,lifter,0.1696,777,1171,1075,1512,-4.5615,0.2108,11.3181,0.4834,1.0349,0.226
684,28.506,4,lifter,0.1106,1340,1154,1665,1503,-5.241,0.2546,12.9632,0.5515,1.1829,0.2475
685,28.548,1,lifter,0.7923,195,1066,466,1512,-4.2235,0.1911,10.4878,0.445,0.9537,0.2064
685,28.548,2,lifter,0.738,217,682,350,925,-7.2753,0.3716,17.9321,0.7686,1.6503,0.3413
685,28.548,3,lifter,0.1757,777,1171,1066,1512,-4.547,0.2099,11.2827,0.4819,1.0316,0.2253
685,28.548,4,lifter,0.1148,1340,1154,1665,1502,-5.2079,0.2527,12.8823,0.5479,1.1753,0.246
686,28.59,1,lifter,0.7938,195,1066,466,1512,-4.22,0.1909,10.4791,0.4446,0.9529,0.2062
686,28.59,2,lifter,0.7354,217,682,351,925,-7.2413,0.3697,17.849,0.7649,1.6424,0.3397
686,28.59,3,lifter,0.1738,778,1171,1069,1512,-4.5366,0.2093,11.2572,0.4807,1.0291,0.2247
686,28.59,4,lifter,0.1189,1340,1153,1665,1502,-5.2078,0.2527,12.8821,0.5479,1.1753,0.2459
687,28.632,1,lifter,0.795,195,1066,466,1512,-4.2228,0.1911,10.486,0.4449,0.9535,0.2063
687,28.632,2,lifter,0.7334,217,682,351,925,-7.2423,0.3697,17.8515,0.765,1.6427,0.3397
687,28.632,3,lifter,0.1655,778,1171,1074,1512,-4.5515,0.2102,11.2936,0.4823,1.0326,0.2254
687,28.632,4,lifter,0.115,1340,1153,1664,1503,-5.231,0.254,12.9387,0.5504,1.1807,0.2471
688,28.673,1,lifter,0.7977,195,1066,466,1512,-4.222,0.191,10.484,0.4448,0.9533,0.2063
688,28.673,2,lifter,0.7289,218,682,351,925,-7.2566,0.3706,17.8865,0.7665,1.646,0.3404
688,28.673,3,lifter,0.1631,778,1171,1078,1512,-4.5596,0.2107,11.3135,0.4831,1.0344,0.2258
688,28.673,4,lifter,0.1118,1340,1154,1664,1502,-5.2198,0.2534,12.9114,0.5492,1.1781,0.2465
689,28.715,1,lifter,0.7964,195,1066,466,1512,-4.2242,0.1912,10.4895,0.4451,0.9539,0.2064
689,28.715,2,lifter,0.7328,217,683,351,925,-7.2292,0.369,17.8196,0.7636,1.6397,0.3391
689,28.715,3,lifter,0.1669,778,1171,1069,1512,-4.5481,0.21,11.2854,0.482,1.0318,0.2253
689,28.715,4,lifter,0.1129,1340,1153,1664,1503,-5.2306,0.254,12.9379,0.5503,1.1806,0.2471
690,28.757,1,lifter,0.7962,195,1066,465,1512,-4.2193,0.1909,10.4775,0.4445,0.9527,0.2061
690,28.757,2,lifter,0.7364,218,682,351,925,-7.2701,0.3713,17.9195,0.768,1.6491,0.3411
690,28.757,3,lifter,0.1604,778,1171,1070,1512,-4.5297,0.2089,11.2405,0.4799,1.0275,0.2243
690,28.757,4,lifter,0.1179,1340,1153,1664,1503,-5.2492,0.2551,12.9833,0.5524,1.1849,0.2479
691,28.798,1,lifter,0.796,195,1066,466,1512,-4.2162,0.1907,10.4699,0.4442,0.952,0.206
691,28.798,2,lifter,0.7288,218,682,351,925,-7.2557,0.3705,17.8842,0.7665,1.6458,0.3404
691,28.798,3,lifter,0.1572,777,1171,1073,1512,-4.5423,0.2097,11.2711,0.4813,1.0304,0.225
691,28.798,4,lifter,0.122,1340,1153,1664,1503,-5.2396,0.2546,12.9598,0.5513,1.1827,0.2475
692,28.84,1,lifter,0.7954,195,1067,466,1512,-4.2209,0.191,10.4813,0.4447,0.9531,0.2062
692,28.84,2,lifter,0.7377,217,682,350,925,-7.3453,0.3757,18.1031,0.776,1.6664,0.3447
692,28.84,3,lifter,0.1537,777,1171,1074,1512,-4.5481,0.21,11.2854,0.4819,1.0317,0.2252
692,28.84,4,lifter,0.1162,1340,1153,1664,1503,-5.2406,0.2546,12.9622,0.5514,1.1829,0.2475
693,28.882,1,lifter,0.7947,195,1067,466,1512,-4.2199,0.1909,10.479,0.4446,0.9529,0.2062
693,28.882,2,lifter,0.7448,217,682,350,925,-7.343,0.3755,18.0976,0.7757,1.6659,0.3446
693,28.882,3,lifter,0.1506,777,1171,1072,1512,-4.5443,0.2098,11.2761,0.4815,1.0309,0.2251
693,28.882,4,lifter,0.1147,1340,1153,1664,1503,-5.2363,0.2544,12.9518,0.551,1.1819,0.2474
694,28.923,1,lifter,0.7941,195,1066,465,1512,-4.2235,0.1911,10.4877,0.4449,0.9536,0.2063
694,28.923,2,lifter,0.7432,217,681,350,925,-7.3921,0.3784,18.2175,0.7809,1.6772,0.3469
694,28.923,3,lifter,0.15,778,1171,1070,1512,-4.5282,0.2088,11.2366,0.4797,1.0271,0.2242
694,28.923,4,lifter,0.1196,1340,1153,1664,1503,-5.2658,0.2561,13.024,0.5542,1.1887,0.2487
695,28.965,1,lifter,0.7959,195,1066,466,1512,-4.2203,0.1909,10.4799,0.4446,0.9529,0.2062
695,28.965,2,lifter,0.7325,218,682,351,925,-7.2796,0.3719,17.9426,0.769,1.6513,0.3415
695,28.965,3,lifter,0.1523,778,1171,1070,1512,-4.5285,0.2088,11.2373,0.4798,1.0272,0.2243
695,28.965,4,lifter,0.1201,1340,1153,1664,1503,-5.2642,0.256,13.0199,0.554,1.1883,0.2486
696,29.007,1,lifter,0.7978,195,1066,466,1512,-4.2181,0.1908,10.4744,0.4444,0.9524,0.2061
696,29.007,2,lifter,0.7288,218,682,351,925,-7.273,0.3715,17.9267,0.7683,1.6497,0.3412
696,29.007,3,lifter,0.1512,778,1171,1073,1512,-4.5399,0.2095,11.2652,0.481,1.0298,0.2248
696,29.007,4,lifter,0.1049,1340,1153,1664,1503,-5.2438,0.2548,12.97,0.5518,1.1836,0.2477
697,29.048,1,lifter,0.7965,195,1067,466,1512,-4.2191,0.1909,10.4769,0.4445,0.9526,0.2061
697,29.048,2,lifter,0.7296,217,682,350,925,-7.3344,0.375,18.0765,0.7748,1.6639,0.3442
697,29.048,3,lifter,0.1495,778,1171,1069,1512,-4.5328,0.2091,11.248,0.4803,1.0282,0.2245
697,29.048,4,lifter,0.1095,1340,1153,1664,1503,-5.2411,0.2546,12.9634,0.5515,1.183,0.2476
698,29.09,1,lifter,0.7969,195,1066,466,1512,-4.2225,0.1911,10.4853,0.4448,0.9534,0.2063
698,29.09,2,lifter,0.7275,218,682,350,925,-7.324,0.3744,18.051,0.7737,1.6614,0.3436
698,29.09,3,lifter,0.1524,778,1171,1065,1512,-4.5167,0.2081,11.2087,0.4785,1.0245,0.2237
698,29.09,4,lifter,0.1053,1340,1153,1664,1503,-5.2675,0.2562,13.028,0.5544,1.189,0.2488
699,29.132,1,lifter,0.7975,195,1066,466,1512,-4.22,0.1909,10.479,0.4446,0.9528,0.2061
699,29.132,2,lifter,0.7293,218,682,350,925,-7.3365,0.3752,18.0816,0.775,1.6643,0.3443
699,29.132,3,lifter,0.1477,778,1171,1063,1512,-4.5115,0.2078,11.1959,0.478,1.0234,0.2235
699,29.132,4,lifter,0.1068,1340,1153,1664,1503,-5.2617,0.2559,13.0139,0.5538,1.1877,0.2485
700,29.173,1,lifter,0.7962,195,1066,466,1512,-4.2187,0.1908,10.4759,0.4444,0.9525,0.2061
700,29.173,2,lifter,0.7301,218,682,350,925,-7.337,0.3752,18.083,0.7751,1.6645,0.3443
700,29.173,3,lifter,0.1431,778,1171,1070,1512,-4.5229,0.2085,11.2236,0.4792,1.0259,0.224
700,29.173,4,lifter,0.1034,1340,1153,1664,1503,-5.258,0.2556,13.0048,0.5534,1.1869,0.2483
701,29.215,1,lifter,0.7968,195,1067,466,1512,-4.2209,0.191,10.4812,0.4447,0.953,0.2062
701,29.215,2,lifter,0.7335,218,682,350,925,-7.3208,0.3743,18.0433,0.7734,1.6607,0.3435
701,29.215,3,lifter,0.1422,778,1171,1068,1512,-4.5242,0.2086,11.2269,0.4793,1.0262,0.224
701,29.215,4,lifter,0.1015,1340,1153,1664,1503,-5.2502,0.2552,12.9858,0.5525,1.1851,0.248
702,29.257,1,lifter,0.7963,195,1066,466,1512,-4.2198,0.1909,10.4787,0.4446,0.9528,0.2062
702,29.257,2,lifter,0.73,218,682,350,925,-7.3373,0.3752,18.0836,0.7751,1.6645,0.3443
702,29.257,3,lifter,0.1429,778,1171,1065,1512,-4.513,0.2079,11.1996,0.4781,1.0236,0.2235
702,29.257,4,lifter,0.106,1340,1153,1664,1503,-5.2601,0.2558,13.0098,0.5536,1.1873,0.2484
703,29.298,1,lifter,0.7967,195,1066,466,1512,-4.2199,0.1909,10.4789,0.4446,0.9528,0.2062
703,29.298,2,lifter,0.7301,218,682,350,925,-7.3421,0.3755,18.0953,0.7756,1.6656,0.3445
703,29.298,3,lifter,0.1441,778,1171,1065,1512,-4.5148,0.208,11.204,0.4783,1.0241,0.2236
703,29.298,4,lifter,0.1088,1340,1153,1664,1503,-5.258,0.2556,13.0047,0.5534,1.1868,0.2483
704,29.34,1,lifter,0.7952,195,1066,466,1512,-4.2193,0.1909,10.4775,0.4445,0.9527,0.2061
704,29.34,2,lifter,0.7305,219,682,350,925,-7.3401,0.3754,18.0905,0.7754,1.6652,0.3444
704,29.34,3,lifter,0.1438,778,1171,1066,1512,-4.5179,0.2082,11.2114,0.4786,1.0247,0.2237
704,29.34,4,lifter,0.1087,1340,1153,1664,1503,-5.2627,0.2559,13.0163,0.5539,1.1879,0.2486
705,29.382,1,lifter,0.7948,195,1066,466,1512,-4.219,0.1909,10.4766,0.4445,0.9526,0.2061
705,29.382,2,lifter,0.7312,219,682,350,925,-7.336,0.3751,18.0804,0.775,1.6642,0.3442
705,29.382,3,lifter,0.1442,778,1171,1065,1512,-4.516,0.2081,11.2069,0.4784,1.0243,0.2237
705,29.382,4,lifter,0.1073,1340,1153,1664,1503,-5.2624,0.2559,13.0154,0.5538,1.1879,0.2486
706,29.423,1,lifter,0.7953,195,1066,466,1512,-4.2189,0.1909,10.4765,0.4445,0.9526,0.2061
706,29.423,2,lifter,0.7293,219,682,350,925,-7.3438,0.3756,18.0995,0.7758,1.666,0.3446
706,29.423,3,lifter,0.1436,778,1171,1067,1512,-4.5217,0.2084,11.2209,0.479,1.0256,0.2239
706,29.423,4,lifter,0.1107,1340,1153,1664,1503,-5.2628,0.2559,13.0166,0.5539,1.188,0.2486
707,29.465,1,lifter,0.7956,195,1066,466,1512,-4.2195,0.1909,10.478,0.4445,0.9527,0.2061
707,29.465,2,lifter,0.731,218,682,350,925,-7.3434,0.3756,18.0985,0.7758,1.6659,0.3446
707,29.465,3,lifter,0.1435,778,1171,1067,1512,-4.5218,0.2084,11.221,0.479,1.0256,0.2239
707,29.465,4,lifter,0.1111,1340,1153,1664,1503,-5.2622,0.2559,13.0152,0.5538,1.1878,0.2485
708,29.507,1,lifter,0.7951,195,1066,466,1512,-4.2191,0.1909,10.477,0.4445,0.9527,0.2061
708,29.507,2,lifter,0.732,218,682,351,925,-7.2929,0.3726,17.9751,0.7704,1.6543,0.3422
708,29.507,3,lifter,0.1435,778,1171,1068,1512,-4.5208,0.2084,11.2187,0.4789,1.0254,0.2239
708,29.507,4,lifter,0.1101,1340,1153,1664,1503,-5.2626,0.2559,13.0161,0.5539,1.1879,0.2486
709,29.548,1,lifter,0.7949,195,1066,466,1512,-4.2193,0.1909,10.4775,0.4445,0.9527,0.2061
709,29.548,2,lifter,0.7348,218,682,350,925,-7.3391,0.3753,18.0882,0.7753,1.6649,0.3444
709,29.548,3,lifter,0.1437,778,1171,1068,1512,-4.521,0.2084,11.2192,0.479,1.0255,0.2239
709,29.548,4,lifter,0.1106,1340,1153,1664,1503,-5.2579,0.2556,13.0045,0.5534,1.1868,0.2483
710,29.59,1,lifter,0.7949,195,1066,466,1512,-4.2192,0.1909,10.4772,0.4445,0.9527,0.2061
710,29.59,2,lifter,0.7329,218,682,351,925,-7.2997,0.373,17.9917,0.7711,1.6559,0.3425
710,29.59,3,lifter,0.1421,778,1171,1070,1512,-4.5197,0.2083,11.2159,0.4788,1.0251,0.2238
710,29.59,4,lifter,0.1101,1340,1153,1664,1503,-5.2601,0.2558,13.01,0.5536,1.1873,0.2484
711,29.632,1,lifter,0.7951,195,1066,466,1512,-4.2199,0.1909,10.4789,0.4446,0.9528,0.2061
711,29.632,2,lifter,0.732,218,682,351,925,-7.3043,0.3733,18.003,0.7716,1.6569,0.3427
711,29.632,3,lifter,0.1408,778,1171,1071,1512,-4.5197,0.2083,11.216,0.4788,1.0251,0.2238
711,29.632,4,lifter,0.1104,1340,1153,1664,1503,-5.2534,0.2554,12.9934,0.5529,1.1858,0.2481
712,29.673,1,lifter,0.7949,195,1066,466,1512,-4.2202,0.1909,10.4797,0.4446,0.9529,0.2061
712,29.673,2,lifter,0.7315,218,682,351,925,-7.2953,0.3728,17.9811,0.7706,1.6549,0.3423
712,29.673,3,lifter,0.1398,778,1171,1072,1512,-4.5255,0.2087,11.2301,0.4794,1.0264,0.2241
712,29.673,4,lifter,0.1089,1340,1153,1664,1503,-5.2592,0.2557,13.0078,0.5535,1.1871,0.2484
713,29.715,1,lifter,0.7951,195,1066,466,1512,-4.2219,0.191,10.4837,0.4448,0.9533,0.2062
713,29.715,2,lifter,0.7313,217,682,351,925,-7.3041,0.3733,18.0026,0.7716,1.6569,0.3427
713,29.715,3,lifter,0.1421,778,1171,1071,1512,-4.5205,0.2084,11.2179,0.4789,1.0253,0.2238
713,29.715,4,lifter,0.1106,1340,1153,1664,1503,-5.2586,0.2557,13.0063,0.5534,1.187,0.2484
714,29.757,1,lifter,0.7957,195,1066,465,1512,-4.2192,0.1909,10.4771,0.4445,0.9526,0.2061
714,29.757,2,lifter,0.732,217,682,350,925,-7.3774,0.3775,18.1816,0.7794,1.6738,0.3462
714,29.757,3,lifter,0.1404,778,1171,1071,1512,-4.5187,0.2083,11.2134,0.4787,1.0249,0.2237
714,29.757,4,lifter,0.1106,1340,1153,1664,1503,-5.2594,0.2557,13.0082,0.5535,1.1872,0.2484
715,29.798,1,lifter,0.7963,195,1066,466,1512,-4.2207,0.191,10.4808,0.4446,0.953,0.2062
715,29.798,2,lifter,0.7353,217,682,350,925,-7.3621,0.3766,18.1443,0.7778,1.6702,0.3455
715,29.798,3,lifter,0.1351,778,1171,1071,1512,-4.5189,0.2083,11.2139,0.4787,1.0249,0.2237
715,29.798,4,lifter,0.1095,1340,1153,1664,1503,-5.2589,0.2557,13.0071,0.5535,1.1871,0.2484
716,29.84,1,lifter,0.7951,195,1066,466,1512,-4.2202,0.1909,10.4796,0.4446,0.9529,0.2061
716,29.84,2,lifter,0.7366,217,682,350,925,-7.366,0.3769,18.1537,0.7782,1.6711,0.3457
716,29.84,3,lifter,0.1323,778,1171,1072,1512,-4.5248,0.2086,11.2283,0.4793,1.0263,0.224
716,29.84,4,lifter,0.109,1340,1153,1664,1503,-5.2559,0.2555,12.9998,0.5532,1.1864,0.2482
717,29.882,1,lifter,0.7957,195,1066,466,1512,-4.2215,0.191,10.4829,0.4447,0.9532,0.2062
717,29.882,2,lifter,0.7369,216,682,350,925,-7.4096,0.3794,18.2602,0.7828,1.6812,0.3478
717,29.882,3,lifter,0.1307,778,1171,1074,1512,-4.529,0.2089,11.2385,0.4798,1.0272,0.2242
717,29.882,4,lifter,0.1074,1340,1153,1664,1503,-5.256,0.2555,12.9999,0.5532,1.1864,0.2482
718,29.923,1,lifter,0.7966,195,1066,466,1512,-4.2211,0.191,10.4817,0.4447,0.9531,0.2062
718,29.923,2,lifter,0.734,217,682,350,925,-7.3924,0.3784,18.2183,0.781,1.6772,0.347
718,29.923,3,lifter,0.1327,778,1171,1072,1512,-4.5245,0.2086,11.2275,0.4793,1.0262,0.224
718,29.923,4,lifter,0.1071,1340,1153,1664,1503,-5.2599,0.2557,13.0095,0.5536,1.1873,0.2484
719,29.965,1,lifter,0.7952,195,1066,466,1512,-4.2213,0.191,10.4822,0.4447,0.9531,0.2062
719,29.965,2,lifter,0.7355,217,682,350,925,-7.4027,0.379,18.2433,0.7821,1.6796,0.3474
719,29.965,3,lifter,0.1301,778,1171,1071,1512,-4.5181,0.2082,11.2118,0.4786,1.0247,0.2237
719,29.965,4,lifter,0.1063,1340,1153,1664,1503,-5.2574,0.2556,13.0033,0.5533,1.1867,0.2483
720,30.007,1,lifter,0.7941,195,1066,466,1512,-4.2193,0.1909,10.4774,0.4445,0.9527,0.2061
720,30.007,2,lifter,0.7353,217,682,350,925,-7.3975,0.3787,18.2307,0.7815,1.6784,0.3472
720,30.007,3,lifter,0.1287,778,1171,1071,1512,-4.5187,0.2083,11.2134,0.4787,1.0248,0.2237
720,30.007,4,lifter,0.1049,1340,1152,1664,1503,-5.2495,0.2551,12.984,0.5524,1.1849,0.2479
721,30.049,1,lifter,0.7927,195,1066,466,1512,-4.2193,0.1909,10.4775,0.4445,0.9527,0.2061
721,30.049,2,lifter,0.736,217,682,350,925,-7.3864,0.378,18.2037,0.7803,1.6758,0.3467
721,30.049,3,lifter,0.1282,778,1171,1070,1512,-4.5206,0.2084,11.218,0.4789,1.0253,0.2238
721,30.049,4,lifter,0.1067,1340,1152,1664,1503,-5.2474,0.255,12.979,0.5522,1.1844,0.2478
722,30.09,1,lifter,0.7927,195,1066,466,1512,-4.2191,0.1909,10.4768,0.4445,0.9526,0.2061
722,30.09,2,lifter,0.7341,218,682,350,925,-7.3662,0.3769,18.1543,0.7782,1.6712,0.3457
722,30.09,3,lifter,0.1276,778,1171,1070,1512,-4.5198,0.2083,11.2162,0.4788,1.0251,0.2238
722,30.09,4,lifter,0.105,1340,1152,1664,1503,-5.2497,0.2551,12.9845,0.5525,1.1849,0.2479
723,30.132,1,lifter,0.794,195,1066,466,1512,-4.2205,0.191,10.4804,0.4446,0.9529,0.2061
723,30.132,2,lifter,0.7335,218,683,350,925,-7.3386,0.3753,18.0867,0.7753,1.6648,0.3443
723,30.132,3,lifter,0.1232,778,1171,1073,1512,-4.5265,0.2087,11.2326,0.4795,1.0267,0.2241
723,30.132,4,lifter,0.1009,1340,1153,1664,1503,-5.2617,0.2559,13.0139,0.5538,1.1877,0.2485
724,30.174,1,lifter,0.7935,195,1066,466,1512,-4.2201,0.1909,10.4794,0.4446,0.9528,0.2061
724,30.174,2,lifter,0.7375,217,682,350,925,-7.3803,0.3777,18.1888,0.7797,1.6744,0.3464
724,30.174,3,lifter,0.1218,778,1171,1074,1512,-4.5247,0.2086,11.2281,0.4793,1.0262,0.224
724,30.174,4,lifter,0.1034,1340,1153,1664,1503,-5.262,0.2559,13.0145,0.5538,1.1877,0.2485
725,30.215,1,lifter,0.7932,195,1066,466,1512,-4.2212,0.191,10.482,0.4447,0.9531,0.2062
725,30.215,2,lifter,0.7368,217,682,350,925,-7.3609,0.3766,18.1412,0.7776,1.67,0.3454
725,30.215,3,lifter,0.12,778,1171,1076,1512,-4.5266,0.2087,11.2328,0.4795,1.0266,0.2241
725,30.215,4,lifter,0.1028,1340,1153,1664,1503,-5.2561,0.2555,13.0003,0.5532,1.1864,0.2482
726,30.257,1,lifter,0.7925,195,1066,466,1512,-4.2198,0.1909,10.4786,0.4445,0.9528,0.2061
726,30.257,2,lifter,0.7348,217,683,350,925,-7.3039,0.3733,18.0021,0.7716,1.6569,0.3427
726,30.257,3,lifter,0.12,778,1171,1074,1512,-4.5237,0.2086,11.2256,0.4792,1.026,0.2239
726,30.257,4,lifter,0.1027,1340,1153,1664,1503,-5.2666,0.2561,13.0257,0.5543,1.1888,0.2487
727,30.299,1,lifter,0.7928,195,1066,466,1512,-4.2222,0.1911,10.4845,0.4448,0.9533,0.2062
727,30.299,2,lifter,0.7355,217,683,350,925,-7.2899,0.3725,17.9678,0.7701,1.6536,0.342
727,30.299,3,lifter,0.1216,778,1171,1075,1512,-4.5247,0.2086,11.228,0.4793,1.0262,0.224
727,30.299,4,lifter,0.1033,1340,1153,1664,1503,-5.2654,0.2561,13.023,0.5542,1.1885,0.2487
728,30.34,1,lifter,0.7936,195,1066,466,1512,-4.2198,0.1909,10.4787,0.4445,0.9528,0.2061
728,30.34,2,lifter,0.7335,217,683,350,925,-7.2949,0.3728,17.98,0.7706,1.6548,0.3423
728,30.34,3,lifter,0.1759,2077,844,2146,945,-4.9103,0.2317,12.1712,0.5221,1.117,0.2437
728,30.34,4,lifter,0.1218,778,1171,1074,1512,-4.5216,0.2085,11.2205,0.479,1.0255,0.2238
728,30.34,5,lifter,0.104,1340,1153,1664,1503,-5.265,0.256,13.0218,0.5542,1.1884,0.2486
729,30.382,1,lifter,0.7942,195,1066,466,1512,-4.2194,0.1909,10.4776,0.4445,0.9527,0.2061
729,30.382,2,lifter,0.7342,217,683,350,925,-7.2838,0.3721,17.953,0.7695,1.6523,0.3417
729,30.382,3,lifter,0.2269,2079,837,2141,943,-4.9235,0.2325,12.2037,0.5237,1.1202,0.2445
729,30.382,4,lifter,0.1232,778,1171,1079,1512,-4.5234,0.2086,11.2248,0.4791,1.0258,0.2239
729,30.382,5,lifter,0.1027,1340,1153,1664,1503,-5.2604,0.2558,13.0106,0.5537,1.1874,0.2484
730,30.424,1,lifter,0.7937,195,1066,466,1512,-4.2178,0.1908,10.4737,0.4443,0.9523,0.206
730,30.424,2,lifter,0.735,217,683,350,925,-7.2811,0.372,17.9463,0.7692,1.6516,0.3416
730,30.424,3,lifter,0.2767,2081,828,2154,947,-4.9159,0.232,12.1852,0.5228,1.1185,0.2442
730,30.424,4,lifter,0.1254,778,1171,1079,1512,-4.5228,0.2085,11.2234,0.479,1.0257,0.2238
730,30.424,5,lifter,0.1069,1340,1153,1664,1503,-5.262,0.2559,13.0146,0.5538,1.1877,0.2485
731,30.465,1,lifter,0.7931,195,1066,466,1512,-4.2223,0.1911,10.4846,0.4448,0.9533,0.2062
731,30.465,2,lifter,0.7359,217,683,350,925,-7.2571,0.3706,17.8876,0.7666,1.6461,0.3405
731,30.465,3,lifter,0.3265,2085,839,2155,949,-4.9169,0.2321,12.1875,0.5229,1.1186,0.2441
731,30.465,4,lifter,0.1331,778,1171,1073,1512,-4.5223,0.2085,11.2221,0.479,1.0257,0.2239
731,30.465,5,lifter,0.1079,1340,1153,1664,1503,-5.2627,0.2559,13.0164,0.5539,1.1879,0.2485
732,30.507,1,lifter,0.7926,195,1066,466,1512,-4.222,0.1911,10.484,0.4448,0.9533,0.2062
732,30.507,2,lifter,0.7361,217,683,350,925,-7.2486,0.3701,17.8669,0.7657,1.6441,0.34
732,30.507,3,lifter,0.2722,2089,836,2155,948,-4.9229,0.2324,12.2023,0.5236,1.1201,0.2445
732,30.507,4,lifter,0.1296,778,1171,1074,1512,-4.5193,0.2083,11.215,0.4787,1.0249,0.2237
732,30.507,5,lifter,0.1036,1340,1153,1664,1503,-5.2644,0.256,13.0204,0.5541,1.1883,0.2486
733,30.549,1,lifter,0.7933,195,1066,466,1512,-4.2225,0.1911,10.4851,0.4448,0.9534,0.2062
733,30.549,2,lifter,0.7348,217,683,350,925,-7.2453,0.3699,17.8589,0.7654,1.6434,0.3399
733,30.549,3,lifter,0.2256,2092,817,2170,956,-4.8993,0.231,12.1446,0.521,1.1146,0.2434
733,30.549,4,lifter,0.1292,778,1171,1076,1512,-4.5216,0.2085,11.2205,0.4789,1.0255,0.2238
733,30.549,5,lifter,0.1038,1340,1153,1664,1503,-5.2598,0.2557,13.0092,0.5536,1.1872,0.2484
734,30.59,1,lifter,0.7938,195,1066,466,1512,-4.2208,0.191,10.4811,0.4446,0.953,0.2061
734,30.59,2,lifter,0.7342,217,683,350,925,-7.2432,0.3698,17.8538,0.7652,1.6429,0.3398
734,30.59,3,lifter,0.2102,2095,773,2173,955,-4.8482,0.2279,12.0202,0.5155,1.1028,0.2409
734,30.59,4,lifter,0.1275,778,1171,1071,1512,-4.5132,0.2079,11.1999,0.478,1.0235,0.2234
734,30.59,5,lifter,0.1053,1340,1153,1664,1503,-5.2644,0.256,13.0205,0.5541,1.1883,0.2486
735,30.632,1,lifter,0.7938,195,1066,466,1512,-4.2203,0.1909,10.4798,0.4446,0.9529,0.2061
735,30.632,2,lifter,0.7345,217,683,350,925,-7.2422,0.3697,17.8513,0.765,1.6427,0.3397
735,30.632,3,lifter,0.1996,2100,801,2173,952,-4.8864,0.2301,12.1133,0.5197,1.1117,0.2428
735,30.632,4,lifter,0.1263,778,1171,1072,1512,-4.5194,0.2083,11.2152,0.4787,1.025,0.2237
735,30.632,5,lifter,0.1063,1340,1153,1664,1503,-5.2619,0.2559,13.0144,0.5538,1.1877,0.2485
736,30.674,1,lifter,0.7942,195,1066,466,1512,-4.2198,0.1909,10.4787,0.4445,0.9528,0.2061
736,30.674,2,lifter,0.733,217,683,350,925,-7.2454,0.3699,17.8591,0.7654,1.6434,0.3399
736,30.674,3,lifter,0.1441,2102,766,2175,952,-4.8614,0.2286,12.0526,0.517,1.106,0.2417
736,30.674,4,lifter,0.1255,778,1171,1072,1512,-4.5187,0.2083,11.2134,0.4786,1.0248,0.2237
736,30.674,5,lifter,0.1064,1340,1153,1664,1503,-5.2623,0.2559,13.0154,0.5539,1.1878,0.2485
737,30.715,1,lifter,0.7942,195,1066,466,1512,-4.2205,0.191,10.4802,0.4446,0.9529,0.2061
737,30.715,2,lifter,0.7338,217,683,350,925,-7.2426,0.3697,17.8522,0.7651,1.6428,0.3398
737,30.715,3,lifter,0.2926,2107,772,2175,953,-4.8384,0.2273,11.9963,0.5144,1.1006,0.2405
737,30.715,4,lifter,0.1254,778,1171,1073,1512,-4.5252,0.2087,11.2294,0.4794,1.0264,0.224
737,30.715,5,lifter,0.1066,1340,1153,1664,1503,-5.259,0.2557,13.0073,0.5535,1.187,0.2483
738,30.757,1,lifter,0.7941,195,1066,466,1512,-4.2208,0.191,10.481,0.4446,0.953,0.2062
738,30.757,2,lifter,0.7343,217,683,350,925,-7.2418,0.3697,17.8504,0.765,1.6426,0.3397
738,30.757,3,lifter,0.1254,778,1171,1073,1512,-4.5241,0.2086,11.2266,0.4792,1.0261,0.224
738,30.757,4,lifter,0.1061,1340,1153,1664,1503,-5.2584,0.2556,13.0059,0.5535,1.1869,0.2483
738,30.757,5,lifter,0.1033,2175,741,2338,1031,-4.2339,0.1917,10.5183,0.4477,0.958,0.2086
739,30.799,1,lifter,0.7942,195,1066,466,1512,-4.2206,0.191,10.4807,0.4446,0.953,0.2061
739,30.799,2,lifter,0.7343,217,683,350,925,-7.231,0.3691,17.8239,0.7639,1.6401,0.3392
739,30.799,3,lifter,0.2597,2118,750,2201,974,-4.8995,0.2308,12.1456,0.5212,1.115,0.2438
739,30.799,4,lifter,0.1283,778,1171,1074,1512,-4.5229,0.2085,11.2237,0.4791,1.0258,0.2239
739,30.799,5,lifter,0.1089,1340,1153,1664,1503,-5.2578,0.2556,13.0043,0.5534,1.1867,0.2483
739,30.799,6,lifter,0.1072,2159,737,2349,1031,-4.4069,0.2016,10.9403,0.4668,0.9988,0.2182
740,30.84,1,lifter,0.7945,195,1066,466,1512,-4.2199,0.1909,10.4789,0.4445,0.9528,0.2061
740,30.84,2,lifter,0.7342,217,683,350,925,-7.2349,0.3693,17.8334,0.7643,1.641,0.3394
740,30.84,3,lifter,0.3966,2120,763,2198,977,-4.892,0.2304,12.1274,0.5204,1.1132,0.2433
740,30.84,4,lifter,0.1302,778,1171,1076,1512,-4.5225,0.2085,11.2227,0.479,1.0257,0.2239
740,30.84,5,lifter,0.1038,1340,1153,1664,1503,-5.2576,0.2556,13.0038,0.5534,1.1867,0.2483
741,30.882,1,lifter,0.7943,195,1066,466,1512,-4.2193,0.1909,10.4773,0.4445,0.9526,0.2061
741,30.882,2,lifter,0.7349,217,683,350,925,-7.2309,0.3691,17.8236,0.7638,1.6401,0.3392
741,30.882,3,lifter,0.5496,2126,776,2199,964,-4.8839,0.23,12.1075,0.5195,1.1113,0.2429
741,30.882,4,lifter,0.1314,777,1171,1076,1512,-4.5249,0.2086,11.2285,0.4793,1.0262,0.224
741,30.882,5,lifter,0.1061,1340,1153,1664,1503,-5.2575,0.2556,13.0035,0.5533,1.1867,0.2483
742,30.924,1,lifter,0.7939,195,1066,466,1512,-4.2195,0.1909,10.4778,0.4445,0.9527,0.2061
742,30.924,2,lifter,0.7353,217,683,350,925,-7.2329,0.3692,17.8285,0.7641,1.6405,0.3393
742,30.924,3,lifter,0.3756,2130,768,2232,974,-4.8628,0.2287,12.0559,0.5171,1.1063,0.2418
742,30.924,4,lifter,0.1304,778,1171,1078,1512,-4.5233,0.2086,11.2247,0.4791,1.0258,0.2239
742,30.924,5,lifter,0.1053,1340,1153,1664,1503,-5.2574,0.2556,13.0033,0.5533,1.1867,0.2483
743,30.965,1,lifter,0.7937,195,1066,466,1512,-4.2202,0.1909,10.4796,0.4446,0.9529,0.2061
743,30.965,2,lifter,0.7367,217,683,350,925,-7.2327,0.3692,17.828,0.764,1.6405,0.3393
743,30.965,3,lifter,0.339,2133,773,2231,980,-4.871,0.2292,12.0759,0.5181,1.1082,0.2422
743,30.965,4,lifter,0.1289,778,1171,1079,1512,-4.5239,0.2086,11.2262,0.4791,1.0259,0.2239
743,30.965,5,lifter,0.1047,1340,1153,1664,1503,-5.2592,0.2557,13.0077,0.5535,1.1871,0.2483
744,31.007,1,lifter,0.7933,195,1066,466,1512,-4.22,0.1909,10.4791,0.4445,0.9528,0.2061
744,31.007,2,lifter,0.7365,217,683,350,925,-7.2314,0.3691,17.8249,0.7639,1.6402,0.3392
744,31.007,3,lifter,0.3846,2135,767,2244,1007,-4.8589,0.2285,12.0462,0.5167,1.1054,0.2416
744,31.007,4,lifter,0.1273,778,1171,1082,1512,-4.5247,0.2087,11.2282,0.4792,1.0261,0.2239
744,31.007,5,lifter,0.1062,1340,1153,1664,1503,-5.2619,0.2559,13.0144,0.5538,1.1877,0.2485
745,31.049,1,lifter,0.7936,195,1066,466,1512,-4.2197,0.1909,10.4785,0.4445,0.9528,0.2061
745,31.049,2,lifter,0.7368,217,683,350,925,-7.2302,0.369,17.822,0.7638,1.6399,0.3392
745,31.049,3,lifter,0.3568,2138,770,2233,989,-4.893,0.2305,12.1296,0.5205,1.1134,0.2434
745,31.049,4,lifter,0.1264,778,1171,1084,1512,-4.534,0.2092,11.2509,0.4802,1.0282,0.2243
745,31.049,5,lifter,0.1054,1340,1153,1664,1503,-5.2617,0.2558,13.0139,0.5538,1.1877,0.2485
746,31.09,1,lifter,0.7942,195,1066,466,1512,-4.2204,0.191,10.48,0.4446,0.9529,0.2061
746,31.09,2,lifter,0.7352,217,683,350,925,-7.2259,0.3688,17.8113,0.7633,1.6389,0.339
746,31.09,3,lifter,0.4541,2150,762,2248,1008,-4.8512,0.228,12.0275,0.5159,1.1036,0.2412
746,31.09,4,lifter,0.1247,778,1171,1084,1512,-4.5327,0.2092,11.2477,0.4801,1.0279,0.2242
746,31.09,5,lifter,0.1064,1340,1153,1664,1503,-5.2603,0.2558,13.0106,0.5537,1.1873,0.2484
747,31.132,1,lifter,0.7949,195,1066,466,1512,-4.2203,0.191,10.4797,0.4446,0.9529,0.2061
747,31.132,2,lifter,0.7359,217,683,350,925,-7.2259,0.3688,17.8115,0.7633,1.6389,0.339
747,31.132,3,lifter,0.466,2151,763,2229,984,-4.9151,0.2318,12.1838,0.523,1.1187,0.2446
747,31.132,4,lifter,0.127,778,1171,1083,1512,-4.5299,0.209,11.2407,0.4798,1.0273,0.2241
747,31.132,5,lifter,0.1077,1340,1153,1664,1503,-5.2599,0.2557,13.0096,0.5536,1.1872,0.2484
748,31.174,1,lifter,0.7956,195,1066,466,1512,-4.2201,0.1909,10.4794,0.4446,0.9528,0.2061
748,31.174,2,lifter,0.7345,217,683,350,925,-7.2364,0.3694,17.8371,0.7644,1.6413,0.3395
748,31.174,3,lifter,0.3335,2155,762,2247,979,-4.8836,0.2299,12.1069,0.5195,1.1113,0.2429
748,31.174,4,lifter,0.127,778,1171,1081,1512,-4.5251,0.2087,11.2292,0.4793,1.0262,0.2239
748,31.174,5,lifter,0.1089,1340,1153,1664,1503,-5.259,0.2557,13.0072,0.5535,1.187,0.2483
749,31.215,1,lifter,0.795,195,1066,466,1512,-4.2173,0.1908,10.4724,0.4442,0.9522,0.206
749,31.215,2,lifter,0.7343,217,683,350,925,-7.2357,0.3693,17.8352,0.7644,1.6412,0.3394
749,31.215,3,lifter,0.5365,2158,764,2250,975,-4.916,0.2318,12.1859,0.5231,1.1189,0.2447
749,31.215,4,lifter,0.1243,778,1171,1084,1512,-4.5326,0.2092,11.2474,0.4801,1.0279,0.2242
749,31.215,5,lifter,0.1084,1340,1153,1664,1503,-5.2576,0.2556,13.0039,0.5534,1.1867,0.2483
750,31.257,1,lifter,0.7949,195,1066,466,1512,-4.2197,0.1909,10.4783,0.4445,0.9527,0.2061
750,31.257,2,lifter,0.7296,218,683,350,925,-7.2152,0.3682,17.7853,0.7622,1.6365,0.3384
750,31.257,3,lifter,0.5578,2161,771,2266,981,-4.8701,0.2291,12.0736,0.518,1.108,0.2422
750,31.257,4,lifter,0.1261,778,1171,1084,1512,-4.532,0.2091,11.246,0.48,1.0278,0.2242
750,31.257,5,lifter,0.1083,1340,1153,1664,1503,-5.2578,0.2556,13.0044,0.5534,1.1868,0.2483
751,31.299,1,lifter,0.7949,195,1066,466,1512,-4.2223,0.1911,10.4847,0.4448,0.9533,0.2062
751,31.299,2,lifter,0.7299,218,683,350,925,-7.2223,0.3686,17.8025,0.7629,1.6381,0.3388
751,31.299,3,lifter,0.721,2168,777,2274,998,-4.8921,0.2304,12.1275,0.5204,1.1132,0.2433
751,31.299,4,lifter,0.1303,778,1171,1081,1512,-4.5247,0.2087,11.2282,0.4792,1.0261,0.2239
751,31.299,5,lifter,0.1119,1340,1153,1664,1503,-5.2564,0.2555,13.0008,0.5532,1.1864,0.2482
752,31.34,1,lifter,0.7953,195,1066,466,1512,-4.2225,0.1911,10.4851,0.4448,0.9534,0.2062
752,31.34,2,lifter,0.7305,218,683,350,925,-7.2282,0.3689,17.817,0.7636,1.6394,0.3391
752,31.34,3,lifter,0.6367,2174,773,2274,995,-4.8956,0.2306,12.136,0.5208,1.1141,0.2436
752,31.34,4,lifter,0.1298,778,1171,1081,1512,-4.5251,0.2087,11.229,0.4793,1.0262,0.2239
752,31.34,5,lifter,0.114,1340,1153,1664,1503,-5.2553,0.2555,12.9982,0.5531,1.1862,0.2481
753,31.382,1,lifter,0.7943,195,1066,466,1512,-4.2214,0.191,10.4824,0.4447,0.9531,0.2062
753,31.382,2,lifter,0.7298,219,683,350,925,-7.2215,0.3685,17.8006,0.7628,1.6379,0.3387
753,31.382,3,lifter,0.6304,2177,767,2269,989,-4.8779,0.2296,12.0929,0.5189,1.1099,0.2427
753,31.382,4,lifter,0.1307,778,1171,1082,1512,-4.5251,0.2087,11.2291,0.4792,1.0262,0.2239
753,31.382,5,lifter,0.1146,1340,1153,1664,1503,-5.2593,0.2557,13.0079,0.5535,1.1871,0.2483
754,31.424,1,lifter,0.795,195,1066,466,1512,-4.2206,0.191,10.4806,0.4446,0.9529,0.2061
754,31.424,2,lifter,0.7301,219,683,350,925,-7.2221,0.3686,17.8022,0.7629,1.638,0.3388
754,31.424,3,lifter,0.6475,2179,774,2274,992,-4.8299,0.2267,11.9754,0.5136,1.0986,0.2401
754,31.424,4,lifter,0.1312,778,1171,1082,1512,-4.5239,0.2086,11.2261,0.4791,1.0259,0.2238
754,31.424,5,lifter,0.1145,1340,1153,1664,1503,-5.2588,0.2557,13.0068,0.5535,1.187,0.2483
755,31.465,1,lifter,0.7945,195,1066,466,1512,-4.2193,0.1909,10.4774,0.4445,0.9526,0.2061
755,31.465,2,lifter,0.73,218,683,350,925,-7.2169,0.3683,17.7895,0.7624,1.6368,0.3385
755,31.465,3,lifter,0.65,2181,774,2277,992,-4.8315,0.2268,11.9795,0.5138,1.099,0.2402
755,31.465,4,lifter,0.1301,778,1171,1081,1512,-4.5248,0.2087,11.2283,0.4792,1.0261,0.2239
755,31.465,5,lifter,0.1133,1340,1153,1664,1503,-5.2564,0.2555,13.0009,0.5532,1.1864,0.2482
756,31.507,1,lifter,0.7951,195,1066,466,1512,-4.221,0.191,10.4815,0.4447,0.953,0.2062
756,31.507,2,lifter,0.7295,218,683,351,925,-7.1685,0.3655,17.6712,0.7572,1.6257,0.3362
756,31.507,3,lifter,0.5248,2191,761,2277,997,-4.8273,0.2266,11.9693,0.5133,1.098,0.24
756,31.507,4,lifter,0.127,778,1171,1078,1512,-4.5222,0.2085,11.2219,0.479,1.0255,0.2238
756,31.507,5,lifter,0.115,1340,1153,1664,1503,-5.2537,0.2554,12.9943,0.5529,1.1858,0.2481
757,31.549,1,lifter,0.7952,195,1066,466,1512,-4.2211,0.191,10.4818,0.4447,0.9531,0.2062
757,31.549,2,lifter,0.7325,217,683,350,925,-7.234,0.3692,17.8311,0.7642,1.6408,0.3393
757,31.549,3,lifter,0.5845,2195,766,2291,1000,-4.7775,0.2236,11.8473,0.5078,1.0862,0.2374
757,31.549,4,lifter,0.1286,778,1171,1078,1512,-4.5233,0.2086,11.2246,0.4791,1.0258,0.2239
757,31.549,5,lifter,0.1132,1340,1153,1664,1503,-5.255,0.2554,12.9974,0.5531,1.1861,0.2481
758,31.591,1,lifter,0.7943,195,1066,466,1512,-4.221,0.191,10.4816,0.4447,0.953,0.2061
758,31.591,2,lifter,0.7324,217,683,350,925,-7.2388,0.3695,17.8428,0.7647,1.6419,0.3396
758,31.591,3,lifter,0.2826,2199,766,2318,1003,-4.7149,0.22,11.6943,0.5009,1.0715,0.2341
758,31.591,4,lifter,0.1196,778,1171,1079,1512,-4.5237,0.2086,11.2256,0.4791,1.0259,0.2239
758,31.591,5,lifter,0.1102,1340,1153,1664,1503,-5.257,0.2556,13.0024,0.5533,1.1866,0.2482
759,31.632,1,lifter,0.7937,195,1066,466,1512,-4.2198,0.1909,10.4785,0.4445,0.9527,0.2061
759,31.632,2,lifter,0.7334,217,683,350,925,-7.239,0.3695,17.8434,0.7647,1.6419,0.3396
759,31.632,3,lifter,0.2324,2206,770,2327,1009,-4.5957,0.2129,11.4029,0.4877,1.0433,0.2278
759,31.632,4,lifter,0.1179,778,1171,1079,1512,-4.5234,0.2086,11.2248,0.4791,1.0258,0.2238
759,31.632,5,lifter,0.1124,1340,1153,1664,1503,-5.2565,0.2555,13.0011,0.5532,1.1865,0.2482
760,31.674,1,lifter,0.7937,195,1066,466,1512,-4.2209,0.191,10.4812,0.4446,0.953,0.2061
760,31.674,2,lifter,0.7319,217,683,350,925,-7.2376,0.3695,17.84,0.7646,1.6416,0.3395
760,31.674,3,lifter,0.3701,2214,767,2329,1007,-4.5976,0.2131,11.4076,0.4879,1.0438,0.2279
760,31.674,4,lifter,0.1179,778,1171,1080,1512,-4.5261,0.2087,11.2316,0.4794,1.0264,0.224
760,31.674,5,lifter,0.1118,1340,1153,1664,1503,-5.256,0.2555,12.9999,0.5532,1.1863,0.2482
761,31.716,1,lifter,0.7936,195,1066,466,1512,-4.2211,0.191,10.4818,0.4447,0.9531,0.2062
761,31.716,2,lifter,0.7332,217,683,350,925,-7.2324,0.3692,17.8272,0.764,1.6404,0.3393
761,31.716,3,lifter,0.4202,2217,771,2311,1001,-4.598,0.213,11.4083,0.488,1.0439,0.228
761,31.716,4,lifter,0.1181,778,1171,1080,1512,-4.5269,0.2088,11.2335,0.4795,1.0266,0.224
761,31.716,5,lifter,0.1141,1340,1153,1664,1503,-5.2484,0.2551,12.9814,0.5524,1.1846,0.2478
762,31.757,1,lifter,0.7925,195,1066,466,1512,-4.2206,0.191,10.4804,0.4446,0.9529,0.2061
762,31.757,2,lifter,0.7329,217,683,350,925,-7.2526,0.3703,17.8766,0.7662,1.6451,0.3402
762,31.757,3,lifter,0.5199,2220,771,2312,992,-4.5861,0.2123,11.3791,0.4867,1.0411,0.2273
762,31.757,4,lifter,0.1219,777,1171,1080,1512,-4.5285,0.2089,11.2374,0.4796,1.027,0.2241
762,31.757,5,lifter,0.1072,1340,1153,1664,1503,-5.2521,0.2553,12.9905,0.5528,1.1855,0.248
763,31.799,1,lifter,0.7906,195,1066,466,1512,-4.2205,0.191,10.4803,0.4446,0.9529,0.2061
763,31.799,2,lifter,0.7338,217,683,350,925,-7.2549,0.3705,17.8823,0.7664,1.6456,0.3404
763,31.799,3,lifter,0.458,2222,773,2317,999,-4.621,0.2144,11.4645,0.4906,1.0494,0.2292
763,31.799,4,lifter,0.1238,777,1171,1078,1512,-4.523,0.2085,11.2238,0.479,1.0257,0.2238
763,31.799,5,lifter,0.1136,1340,1153,1664,1503,-5.2542,0.2554,12.9954,0.553,1.1859,0.2481
764,31.841,1,lifter,0.7908,195,1066,466,1512,-4.2198,0.1909,10.4786,0.4445,0.9528,0.2061
764,31.841,2,lifter,0.7345,217,683,350,925,-7.2449,0.3699,17.8579,0.7653,1.6433,0.3399
764,31.841,3,lifter,0.338,2228,772,2323,1000,-4.5835,0.2122,11.373,0.4864,1.0405,0.2272
764,31.841,4,lifter,0.1218,777,1171,1076,1512,-4.5238,0.2086,11.226,0.4792,1.026,0.2239
764,31.841,5,lifter,0.1196,1340,1154,1664,1503,-5.25,0.2551,12.9854,0.5526,1.1849,0.2479
765,31.882,1,lifter,0.7908,195,1066,466,1512,-4.2206,0.191,10.4807,0.4446,0.9529,0.2061
765,31.882,2,lifter,0.7363,217,683,350,925,-7.2505,0.3702,17.8716,0.7659,1.6446,0.3401
765,31.882,3,lifter,0.3984,2238,777,2332,998,-4.4877,0.2066,11.1385,0.4758,1.0178,0.222
765,31.882,4,lifter,0.1192,777,1171,1073,1512,-4.5219,0.2085,11.2213,0.479,1.0256,0.2239
765,31.882,5,lifter,0.1132,1340,1153,1664,1503,-5.2506,0.2552,12.9868,0.5526,1.1851,0.2479
766,31.924,1,lifter,0.7904,195,1066,466,1512,-4.2208,0.191,10.481,0.4446,0.953,0.2061
766,31.924,2,lifter,0.734,218,683,350,925,-7.2445,0.3699,17.8567,0.7653,1.6432,0.3398
766,31.924,3,lifter,0.1529,2245,767,2351,1002,-4.4729,0.2057,11.1024,0.4742,1.0144,0.2213
766,31.924,4,lifter,0.1178,777,1171,1072,1512,-4.5187,0.2083,11.2135,0.4787,1.0248,0.2237
766,31.924,5,lifter,0.1073,1340,1153,1664,1503,-5.2526,0.2553,12.9916,0.5528,1.1856,0.248
767,31.966,1,lifter,0.79,195,1066,466,1512,-4.221,0.191,10.4816,0.4446,0.953,0.2061
767,31.966,2,lifter,0.7342,218,683,350,925,-7.2407,0.3696,17.8476,0.7649,1.6423,0.3397
767,31.966,3,lifter,0.6179,2249,779,2350,1006,-4.51,0.2079,11.1932,0.4783,1.0231,0.2232
767,31.966,4,lifter,0.1208,777,1171,1074,1512,-4.5217,0.2085,11.2208,0.479,1.0255,0.2238
767,31.966,5,lifter,0.106,1340,1153,1664,1503,-5.2524,0.2553,12.9912,0.5528,1.1855,0.248
768,32.007,1,lifter,0.7903,195,1066,466,1512,-4.2207,0.191,10.4808,0.4446,0.953,0.2061
768,32.007,2,lifter,0.7313,218,683,350,925,-7.2439,0.3698,17.8555,0.7652,1.6431,0.3398
768,32.007,3,lifter,0.5329,2258,776,2356,1004,-4.4538,0.2046,11.0557,0.472,1.0098,0.2202
768,32.007,4,lifter,0.1224,778,1171,1075,1512,-4.5217,0.2085,11.2208,0.479,1.0255,0.2238
768,32.007,5,lifter,0.1049,1340,1153,1664,1503,-5.2527,0.2553,12.9918,0.5528,1.1856,0.248
769,32.049,1,lifter,0.7906,195,1066,466,1512,-4.2209,0.191,10.4812,0.4446,0.953,0.2061
769,32.049,2,lifter,0.7304,218,683,350,925,-7.2441,0.3698,17.8559,0.7653,1.6431,0.3398
769,32.049,3,lifter,0.5639,2263,781,2359,1006,-4.5062,0.2077,11.1839,0.4778,1.0222,0.2229
769,32.049,4,lifter,0.123,778,1171,1075,1512,-4.522,0.2085,11.2214,0.479,1.0256,0.2239
769,32.049,5,lifter,0.1053,1340,1153,1664,1503,-5.2522,0.2553,12.9907,0.5528,1.1855,0.248
770,32.091,1,lifter,0.7866,194,1066,466,1512,-4.2075,0.1902,10.4486,0.4432,0.9498,0.2054
770,32.091,2,lifter,0.7296,218,683,350,925,-7.2453,0.3699,17.8587,0.7654,1.6434,0.3399
770,32.091,3,lifter,0.5606,2267,788,2368,1005,-4.445,0.2041,11.034,0.471,1.0078,0.2198
770,32.091,4,lifter,0.1225,778,1171,1076,1512,-4.5216,0.2085,11.2206,0.4789,1.0255,0.2238
770,32.091,5,lifter,0.1062,1340,1153,1664,1503,-5.2485,0.2551,12.9815,0.5524,1.1846,0.2478
771,32.132,1,lifter,0.7864,194,1066,466,1512,-4.2098,0.1903,10.4542,0.4434,0.9504,0.2055
771,32.132,2,lifter,0.7317,218,682,350,925,-7.2683,0.3712,17.9149,0.7678,1.6486,0.341
771,32.132,3,lifter,0.7306,2275,797,2379,1009,-4.5097,0.2079,11.1921,0.4781,1.023,0.2231
771,32.132,4,lifter,0.1271,778,1171,1077,1512,-4.5223,0.2085,11.2224,0.479,1.0256,0.2238
771,32.132,5,lifter,0.1078,1340,1153,1664,1503,-5.2517,0.2553,12.9895,0.5527,1.1854,0.248
772,32.174,1,lifter,0.7835,194,1066,465,1512,-4.21,0.1904,10.4546,0.4434,0.9504,0.2055
772,32.174,2,lifter,0.7331,218,682,350,925,-7.2684,0.3712,17.9153,0.7678,1.6487,0.341
772,32.174,3,lifter,0.6183,2281,798,2383,1010,-4.4886,0.2067,11.1406,0.4758,1.018,0.222
772,32.174,4,lifter,0.1323,777,1170,1077,1512,-4.5319,0.2091,11.2458,0.4801,1.0279,0.2243
772,32.174,5,lifter,0.1064,1340,1153,1664,1503,-5.2517,0.2553,12.9895,0.5527,1.1854,0.248
773,32.216,1,lifter,0.7764,194,1067,465,1512,-4.215,0.1906,10.467,0.4441,0.9517,0.206
773,32.216,2,lifter,0.7032,221,682,350,925,-7.2395,0.3697,17.8447,0.7648,1.6422,0.3397
773,32.216,3,lifter,0.6594,2286,802,2389,1009,-4.4755,0.2059,11.1083,0.4743,1.0148,0.2212
773,32.216,4,lifter,0.1298,776,1171,1079,1512,-4.5532,0.2103,11.2979,0.4824,1.0329,0.2255
774,32.257,1,lifter,0.7758,194,1067,465,1512,-4.2144,0.1906,10.4654,0.444,0.9516,0.206
774,32.257,2,lifter,0.703,221,682,350,925,-7.237,0.3695,17.8387,0.7645,1.6416,0.3396
774,32.257,3,lifter,0.6648,2291,806,2393,1010,-4.4512,0.2045,11.0487,0.4717,1.0091,0.2199
774,32.257,4,lifter,0.1324,776,1171,1081,1512,-4.5564,0.2105,11.3056,0.4828,1.0336,0.2256
775,32.299,1,lifter,0.817,2302,811,2397,1010,-4.4582,0.2049,11.0658,0.4724,1.0106,0.2202
775,32.299,2,lifter,0.7753,194,1067,465,1512,-4.2147,0.1906,10.4661,0.444,0.9517,0.206
775,32.299,3,lifter,0.704,221,682,350,925,-7.237,0.3695,17.8387,0.7645,1.6416,0.3396
775,32.299,4,lifter,0.1331,777,1171,1080,1512,-4.555,0.2104,11.3022,0.4826,1.0333,0.2256
776,32.341,1,lifter,0.7752,194,1067,465,1512,-4.2143,0.1906,10.4653,0.444,0.9516,0.206
776,32.341,2,lifter,0.7687,2309,806,2406,1010,-4.4757,0.2059,11.1088,0.4744,1.0148,0.2212
776,32.341,3,lifter,0.7046,220,682,350,925,-7.2277,0.369,17.8158,0.7635,1.6394,0.3391
776,32.341,4,lifter,0.1341,776,1171,1081,1512,-4.556,0.2105,11.3047,0.4827,1.0335,0.2256
777,32.382,1,lifter,0.8083,2312,809,2418,1010,-4.5758,0.2119,11.3535,0.4854,1.0384,0.2265
777,32.382,2,lifter,0.7754,194,1067,465,1512,-4.2152,0.1906,10.4674,0.4441,0.9518,0.206
777,32.382,3,lifter,0.7056,220,682,350,925,-7.2277,0.369,17.8159,0.7635,1.6394,0.3391
777,32.382,4,lifter,0.132,776,1171,1081,1512,-4.5567,0.2105,11.3062,0.4828,1.0337,0.2256
778,32.424,1,lifter,0.775,194,1067,465,1512,-4.2148,0.1906,10.4665,0.444,0.9517,0.206
778,32.424,2,lifter,0.742,2319,810,2428,1012,-4.6366,0.2155,11.5025,0.4921,1.0528,0.2296
778,32.424,3,lifter,0.706,220,682,351,925,-7.1846,0.3665,17.7106,0.759,1.6295,0.3371
778,32.424,4,lifter,0.133,777,1171,1082,1512,-4.5525,0.2103,11.296,0.4823,1.0327,0.2254
779,32.466,1,lifter,0.7749,194,1067,465,1512,-4.2161,0.1907,10.4697,0.4442,0.952,0.2061
779,32.466,2,lifter,0.7038,220,682,351,925,-7.1846,0.3665,17.7107,0.759,1.6295,0.3371
779,32.466,3,lifter,0.669,2329,808,2435,1015,-4.5709,0.2117,11.3416,0.4848,1.0372,0.226
779,32.466,4,lifter,0.1352,776,1171,1082,1512,-4.5537,0.2104,11.299,0.4824,1.033,0.2255
780,32.507,1,lifter,0.7747,194,1067,465,1512,-4.2163,0.1907,10.4701,0.4442,0.952,0.2061
780,32.507,2,lifter,0.7243,2336,813,2444,1014,-4.6178,0.2144,11.4562,0.49,1.0483,0.2285
780,32.507,3,lifter,0.7053,220,682,351,925,-7.1872,0.3666,17.7169,0.7592,1.6301,0.3372
780,32.507,4,lifter,0.1333,777,1171,1081,1512,-4.5522,0.2103,11.2954,0.4823,1.0326,0.2254
781,32.549,1,lifter,0.7754,194,1067,465,1512,-4.2172,0.1907,10.4724,0.4443,0.9523,0.2061
781,32.549,2,lifter,0.7427,2348,806,2452,1014,-4.415,0.2025,10.9603,0.4675,1.0004,0.2178
781,32.549,3,lifter,0.7041,220,682,351,925,-7.1884,0.3667,17.72,0.7594,1.6304,0.3372
781,32.549,4,lifter,0.1319,777,1171,1080,1512,-4.555,0.2104,11.3022,0.4826,1.0333,0.2256
782,32.591,1,lifter,0.776,194,1067,465,1512,-4.2153,0.1906,10.4677,0.4441,0.9518,0.206
782,32.591,2,lifter,0.7218,2355,810,2455,1019,-4.5437,0.2101,11.2753,0.4818,1.0308,0.2246
782,32.591,3,lifter,0.7007,220,682,351,925,-7.1988,0.3673,17.7453,0.7605,1.6328,0.3377
782,32.591,4,lifter,0.1333,777,1171,1083,1512,-4.5527,0.2103,11.2966,0.4823,1.0327,0.2254
783,32.632,1,lifter,0.7758,194,1067,465,1512,-4.2153,0.1906,10.4678,0.4441,0.9518,0.206
783,32.632,2,lifter,0.7014,220,682,351,925,-7.1985,0.3673,17.7446,0.7604,1.6327,0.3377
783,32.632,3,lifter,0.681,2363,807,2477,1024,-4.4204,0.2028,10.9737,0.4682,1.0017,0.2181
783,32.632,4,lifter,0.1339,777,1171,1083,1512,-4.5547,0.2104,11.3014,0.4825,1.0332,0.2255
784,32.674,1,lifter,0.7758,194,1067,465,1512,-4.2159,0.1907,10.469,0.4441,0.9519,0.206
784,32.674,2,lifter,0.6994,2373,813,2480,1025,-4.4575,0.205,11.0644,0.4723,1.0105,0.2201
784,32.674,3,lifter,0.6988,220,682,351,924,-7.2058,0.3677,17.7626,0.7612,1.6344,0.3381
784,32.674,4,lifter,0.1304,777,1171,1084,1512,-4.5595,0.2107,11.3133,0.4831,1.0343,0.2257
785,32.716,1,lifter,0.7763,194,1067,465,1512,-4.2182,0.1908,10.4747,0.4444,0.9525,0.2061
785,32.716,2,lifter,0.6938,220,682,351,925,-7.1829,0.3664,17.7065,0.7588,1.6291,0.337
785,32.716,3,lifter,0.6413,2381,809,2486,1025,-4.4757,0.206,11.1088,0.4743,1.0148,0.2211
785,32.716,4,lifter,0.131,777,1171,1083,1512,-4.5547,0.2104,11.3014,0.4825,1.0332,0.2255
786,32.757,1,lifter,0.7763,194,1067,465,1512,-4.217,0.1907,10.4719,0.4443,0.9522,0.2061
786,32.757,2,lifter,0.6932,220,682,351,925,-7.1976,0.3672,17.7423,0.7603,1.6325,0.3377
786,32.757,3,lifter,0.6161,2390,804,2495,1026,-4.5409,0.2098,11.2685,0.4815,1.0302,0.2246
786,32.757,4,lifter,0.1295,777,1171,1084,1512,-4.5591,0.2107,11.3123,0.483,1.0342,0.2257
787,32.799,1,lifter,0.7772,194,1067,465,1512,-4.2162,0.1907,10.4699,0.4442,0.952,0.206
787,32.799,2,lifter,0.6953,220,682,351,925,-7.1959,0.3672,17.7384,0.7602,1.6321,0.3376
787,32.799,3,lifter,0.6907,2399,811,2502,1026,-4.5136,0.2082,11.2017,0.4785,1.0238,0.2232
787,32.799,4,lifter,0.1274,777,1171,1086,1512,-4.5558,0.2105,11.304,0.4826,1.0334,0.2255
788,32.841,1,lifter,0.7777,194,1067,465,1512,-4.2154,0.1906,10.4678,0.4441,0.9518,0.206
788,32.841,2,lifter,0.6963,220,682,351,925,-7.1888,0.3667,17.7208,0.7594,1.6305,0.3373
788,32.841,3,lifter,0.6681,2406,809,2522,1031,-4.5752,0.2119,11.3525,0.4853,1.0383,0.2264
788,32.841,4,lifter,0.1281,777,1171,1085,1512,-4.5559,0.2105,11.3043,0.4826,1.0334,0.2255
789,32.882,1,lifter,0.7772,194,1067,465,1512,-4.2176,0.1908,10.4732,0.4443,0.9523,0.2061
789,32.882,2,lifter,0.7593,2415,810,2528,1032,-4.5567,0.2108,11.3072,0.4833,1.034,0.2255
789,32.882,3,lifter,0.6951,220,682,351,925,-7.1832,0.3664,17.7073,0.7588,1.6292,0.337
789,32.882,4,lifter,0.1266,776,1171,1084,1512,-4.5541,0.2104,11.2999,0.4825,1.033,0.2254
790,32.924,1,lifter,0.7773,194,1067,465,1512,-4.2159,0.1907,10.469,0.4441,0.9519,0.206
790,32.924,2,lifter,0.7576,2425,812,2534,1036,-4.4887,0.2068,11.1409,0.4758,1.018,0.2219
790,32.924,3,lifter,0.7016,220,683,351,925,-7.176,0.366,17.6896,0.7581,1.6276,0.3366
790,32.924,4,lifter,0.1276,777,1171,1083,1512,-4.5466,0.21,11.2817,0.4816,1.0312,0.225
791,32.966,1,lifter,0.7779,194,1067,465,1512,-4.2159,0.1907,10.4692,0.4442,0.952,0.206
791,32.966,2,lifter,0.7028,220,683,351,925,-7.1698,0.3657,17.6744,0.7574,1.6261,0.3363
791,32.966,3,lifter,0.7012,2435,813,2540,1037,-4.494,0.2071,11.1539,0.4764,1.0192,0.2222
791,32.966,4,lifter,0.1287,777,1171,1082,1512,-4.5509,0.2102,11.2921,0.4821,1.0323,0.2253
792,33.008,1,lifter,0.7856,2444,815,2560,1038,-4.5581,0.2109,11.3107,0.4835,1.0343,0.2255
792,33.008,2,lifter,0.7769,194,1067,465,1512,-4.214,0.1905,10.4645,0.4439,0.9515,0.2059
792,33.008,3,lifter,0.7043,220,683,351,925,-7.1663,0.3654,17.666,0.757,1.6253,0.3362
792,33.008,4,lifter,0.1278,778,1171,1080,1512,-4.5533,0.2103,11.298,0.4824,1.0329,0.2254
793,33.049,1,lifter,0.7764,194,1067,465,1512,-4.2165,0.1907,10.4707,0.4442,0.9521,0.2061
793,33.049,2,lifter,0.7333,2451,813,2569,1042,-4.6092,0.2138,11.4356,0.4891,1.0464,0.2283
793,33.049,3,lifter,0.7001,220,682,351,925,-7.1823,0.3664,17.705,0.7587,1.629,0.3369
793,33.049,4,lifter,0.1288,778,1171,1082,1512,-4.5507,0.2102,11.2917,0.4821,1.0322,0.2253
794,33.091,1,lifter,0.7757,194,1067,465,1512,-4.2171,0.1907,10.4722,0.4443,0.9522,0.2061
794,33.091,2,lifter,0.7061,2467,810,2580,1044,-4.5526,0.2105,11.2974,0.4829,1.0331,0.2253
794,33.091,3,lifter,0.7018,220,682,351,925,-7.1956,0.3671,17.7376,0.7601,1.632,0.3376
794,33.091,4,lifter,0.1312,778,1171,1079,1512,-4.5498,0.2101,11.2894,0.482,1.0321,0.2253
795,33.133,1,lifter,0.7757,194,1067,465,1512,-4.2161,0.1907,10.4697,0.4442,0.952,0.206
795,33.133,2,lifter,0.7018,220,682,351,925,-7.1996,0.3674,17.7474,0.7605,1.633,0.3378
795,33.133,3,lifter,0.5752,2476,808,2588,1046,-4.5793,0.212,11.3625,0.4859,1.0394,0.2268
795,33.133,4,lifter,0.1333,778,1171,1080,1512,-4.5529,0.2103,11.297,0.4824,1.0328,0.2254
796,33.174,1,lifter,0.7759,194,1067,465,1512,-4.214,0.1905,10.4646,0.4439,0.9515,0.2059
796,33.174,2,lifter,0.7009,220,682,351,925,-7.2022,0.3675,17.7538,0.7608,1.6336,0.3379
796,33.174,3,lifter,0.523,2487,808,2607,1048,-4.4616,0.205,11.0747,0.4729,1.0116,0.2206
796,33.174,4,lifter,0.1339,778,1171,1082,1512,-4.5517,0.2102,11.294,0.4822,1.0324,0.2253
797,33.216,1,lifter,0.7766,194,1067,465,1512,-4.2146,0.1906,10.4659,0.444,0.9516,0.206
797,33.216,2,lifter,0.6991,220,682,351,924,-7.2115,0.368,17.7764,0.7618,1.6357,0.3383
797,33.216,3,lifter,0.5632,2495,813,2616,1050,-4.4875,0.2066,11.1379,0.4757,1.0177,0.2219
797,33.216,4,lifter,0.1374,778,1171,1081,1512,-4.553,0.2103,11.2972,0.4824,1.0328,0.2254
798,33.258,1,lifter,0.7772,194,1067,465,1512,-4.2162,0.1907,10.4698,0.4442,0.952,0.206
798,33.258,2,lifter,0.6961,220,682,351,924,-7.2101,0.3679,17.773,0.7616,1.6353,0.3383
798,33.258,3,lifter,0.5955,2509,817,2627,1053,-4.3877,0.2007,10.894,0.4648,0.9942,0.2167
798,33.258,4,lifter,0.1362,778,1171,1082,1512,-4.5479,0.21,11.2849,0.4818,1.0316,0.2251
799,33.299,1,lifter,0.7774,194,1067,465,1512,-4.2168,0.1907,10.4714,0.4443,0.9522,0.2061
799,33.299,2,lifter,0.6978,220,682,351,924,-7.2089,0.3679,17.77,0.7615,1.6351,0.3382
799,33.299,3,lifter,0.3585,2517,817,2636,1053,-4.4023,0.2016,10.9298,0.4664,0.9976,0.2175
799,33.299,4,lifter,0.1331,778,1171,1083,1512,-4.5529,0.2103,11.297,0.4823,1.0327,0.2254
800,33.341,1,lifter,0.7777,194,1067,465,1512,-4.2158,0.1907,10.469,0.4441,0.9519,0.206
800,33.341,2,lifter,0.6966,220,682,351,924,-7.2088,0.3679,17.7697,0.7615,1.635,0.3382
800,33.341,3,lifter,0.5074,2532,825,2652,1052,-4.3784,0.2002,10.8713,0.4637,0.992,0.2161
800,33.341,4,lifter,0.1333,778,1171,1080,1512,-4.5499,0.2101,11.2898,0.482,1.0321,0.2253
801,33.383,1,lifter,0.779,195,1067,465,1512,-4.2176,0.1908,10.4732,0.4443,0.9523,0.2061
801,33.383,2,lifter,0.6963,220,682,351,924,-7.2086,0.3679,17.7693,0.7615,1.635,0.3382
801,33.383,3,lifter,0.579,2541,819,2665,1055,-4.3107,0.1962,10.7058,0.4562,0.976,0.2126
801,33.383,4,lifter,0.1359,777,1171,1084,1512,-4.5553,0.2105,11.303,0.4826,1.0333,0.2255
802,33.424,1,lifter,0.7779,194,1067,465,1512,-4.2162,0.1907,10.4699,0.4442,0.952,0.2061
802,33.424,2,lifter,0.7088,2555,834,2677,1057,-4.5996,0.2133,11.4123,0.488,1.0441,0.2278
802,33.424,3,lifter,0.6991,220,682,351,925,-7.194,0.367,17.7337,0.7599,1.6317,0.3375
802,33.424,4,lifter,0.1364,777,1171,1087,1512,-4.549,0.2101,11.2874,0.4819,1.0318,0.2251
803,33.466,1,lifter,0.7782,194,1067,465,1512,-4.2163,0.1907,10.4701,0.4442,0.952,0.2061
803,33.466,2,lifter,0.6993,220,682,351,925,-7.1915,0.3669,17.7275,0.7597,1.6311,0.3374
803,33.466,3,lifter,0.6253,2579,822,2685,1055,-4.3487,0.1985,10.7988,0.4604,0.985,0.2146
803,33.466,4,lifter,0.1432,778,1171,1089,1512,-4.5401,0.2096,11.2656,0.4808,1.0296,0.2246
804,33.508,1,lifter,0.7778,194,1067,465,1512,-4.2161,0.1907,10.4696,0.4442,0.952,0.206
804,33.508,2,lifter,0.6994,220,682,351,925,-7.1925,0.3669,17.7299,0.7598,1.6313,0.3374
804,33.508,3,lifter,0.6142,2579,822,2685,1055,-4.3522,0.1987,10.8074,0.4608,0.9859,0.2148
804,33.508,4,lifter,0.1427,778,1171,1089,1512,-4.5399,0.2096,11.2652,0.4808,1.0296,0.2246
805,33.549,1,lifter,0.7774,194,1067,465,1512,-4.2159,0.1907,10.4691,0.4442,0.952,0.206
805,33.549,2,lifter,0.6953,221,683,351,925,-7.1772,0.3661,17.6926,0.7582,1.6279,0.3367
805,33.549,3,lifter,0.6638,2585,833,2685,1059,-4.6545,0.2165,11.5467,0.4942,1.0572,0.2307
805,33.549,4,lifter,0.1431,778,1171,1089,1512,-4.5402,0.2096,11.266,0.4809,1.0296,0.2246
806,33.591,1,lifter,0.7787,194,1067,465,1512,-4.216,0.1907,10.4694,0.4442,0.952,0.206
806,33.591,2,lifter,0.6946,221,683,351,925,-7.1871,0.3667,17.7168,0.7592,1.6302,0.3372
806,33.591,3,lifter,0.6718,2599,821,2686,1061,-4.3039,0.1958,10.6894,0.4555,0.9745,0.2123
806,33.591,4,lifter,0.1432,778,1171,1091,1512,-4.5292,0.209,11.239,0.4796,1.027,0.224
807,33.633,1,lifter,0.7792,194,1067,465,1512,-4.216,0.1907,10.4695,0.4442,0.952,0.206
807,33.633,2,lifter,0.6941,220,683,351,925,-7.1774,0.3661,17.6932,0.7582,1.6279,0.3367
807,33.633,3,lifter,0.6176,2611,827,2688,1063,-4.444,0.2041,11.032,0.471,1.0076,0.2196
807,33.633,4,lifter,0.1416,777,1171,1092,1512,-4.5255,0.2087,11.2299,0.4792,1.0261,0.2238
808,33.674,1,lifter,0.7779,194,1067,465,1512,-4.2162,0.1907,10.47,0.4442,0.952,0.206
808,33.674,2,lifter,0.696,221,682,351,925,-7.2089,0.3679,17.77,0.7615,1.6352,0.3383
808,33.674,3,lifter,0.6794,2626,811,2688,1065,-4.1775,0.1884,10.3802,0.4416,0.9447,0.2055
808,33.674,4,lifter,0.1388,777,1171,1093,1512,-4.5176,0.2083,11.2106,0.4784,1.0243,0.2234
809,33.716,1,lifter,0.777,194,1067,465,1512,-4.217,0.1907,10.4719,0.4443,0.9522,0.2061
809,33.716,2,lifter,0.6943,221,682,351,925,-7.2082,0.3679,17.7684,0.7615,1.635,0.3382
809,33.716,3,lifter,0.6597,2634,795,2688,1068,-4.4793,0.2061,11.1183,0.4748,1.0159,0.2215
809,33.716,4,lifter,0.1378,777,1171,1093,1512,-4.5181,0.2083,11.2119,0.4784,1.0244,0.2235
810,33.758,1,lifter,0.7786,194,1067,465,1512,-4.2164,0.1907,10.4703,0.4442,0.9521,0.2061
810,33.758,2,lifter,0.7003,220,682,351,925,-7.2068,0.3678,17.765,0.7613,1.6346,0.3381
810,33.758,3,lifter,0.452,2650,788,2688,1071,-4.5449,0.21,11.2787,0.4821,1.0314,0.225
810,33.758,4,lifter,0.1373,777,1171,1092,1512,-4.5255,0.2088,11.2299,0.4792,1.0261,0.2238
811,33.799,1,lifter,0.779,194,1067,465,1512,-4.2162,0.1907,10.47,0.4442,0.952,0.206
811,33.799,2,lifter,0.6996,220,682,351,925,-7.2066,0.3678,17.7645,0.7613,1.6346,0.3381
811,33.799,3,lifter,0.1389,776,1171,1094,1512,-4.5165,0.2082,11.2078,0.4782,1.024,0.2234
811,33.799,4,lifter,0.1299,2667,792,2687,1068,-4.5869,0.2124,11.3815,0.4868,1.0414,0.2274
812,33.841,1,lifter,0.7774,194,1067,465,1512,-4.2164,0.1907,10.4703,0.4442,0.9521,0.2061
812,33.841,2,lifter,0.6984,220,682,351,925,-7.2071,0.3678,17.7657,0.7613,1.6347,0.3381
812,33.841,3,lifter,0.1376,776,1171,1095,1512,-4.5164,0.2082,11.2077,0.4782,1.024,0.2234
813,33.883,1,lifter,0.7774,194,1067,465,1512,-4.216,0.1907,10.4693,0.4442,0.952,0.206
813,33.883,2,lifter,0.6962,220,682,351,925,-7.2071,0.3678,17.7657,0.7613,1.6347,0.3381
813,33.883,3,lifter,0.1384,776,1171,1096,1512,-4.5114,0.2079,11.1954,0.4777,1.0228,0.2231
814,33.924,1,lifter,0.778,194,1067,465,1512,-4.2157,0.1907,10.4688,0.4441,0.9519,0.206
814,33.924,2,lifter,0.6991,220,682,351,925,-7.2189,0.3685,17.7946,0.7626,1.6374,0.3387
814,33.924,3,lifter,0.1369,776,1171,1096,1512,-4.5107,0.2079,11.1936,0.4776,1.0227,0.2231
815,33.966,1,lifter,0.7783,194,1067,465,1512,-4.2159,0.1907,10.4692,0.4442,0.9519,0.206
815,33.966,2,lifter,0.6992,220,682,351,925,-7.224,0.3688,17.8069,0.7631,1.6386,0.3389
815,33.966,3,lifter,0.1368,776,1171,1097,1512,-4.5059,0.2076,11.182,0.4771,1.0215,0.2228
816,34.008,1,lifter,0.7771,194,1067,465,1512,-4.2162,0.1907,10.4698,0.4442,0.952,0.206
816,34.008,2,lifter,0.696,220,682,351,925,-7.2354,0.3694,17.8347,0.7643,1.6412,0.3395
816,34.008,3,lifter,0.1372,776,1171,1097,1512,-4.505,0.2075,11.1796,0.477,1.0213,0.2228
817,34.049,1,lifter,0.7765,194,1067,465,1512,-4.2167,0.1907,10.4712,0.4442,0.9521,0.2061
817,34.049,2,lifter,0.6951,220,682,351,925,-7.2363,0.3695,17.8369,0.7644,1.6414,0.3395
817,34.049,3,lifter,0.1372,776,1171,1098,1512,-4.5019,0.2073,11.1722,0.4767,1.0206,0.2226
818,34.091,1,lifter,0.7773,194,1067,465,1512,-4.2165,0.1907,10.4707,0.4442,0.9521,0.2061
818,34.091,2,lifter,0.6948,220,682,351,925,-7.2394,0.3697,17.8445,0.7648,1.6421,0.3397
818,34.091,3,lifter,0.1395,776,1171,1097,1512,-4.5053,0.2075,11.1804,0.477,1.0214,0.2228
819,34.133,1,lifter,0.7777,194,1067,465,1512,-4.218,0.1908,10.4742,0.4444,0.9524,0.2061
819,34.133,2,lifter,0.6935,220,682,351,925,-7.2394,0.3697,17.8445,0.7648,1.6421,0.3397
819,34.133,3,lifter,0.139,776,1171,1097,1512,-4.5054,0.2076,11.1806,0.477,1.0214,0.2228
820,34.174,1,lifter,0.7769,194,1067,465,1512,-4.2165,0.1907,10.4705,0.4442,0.9521,0.206
820,34.174,2,lifter,0.6934,221,682,351,925,-7.2513,0.3704,17.8737,0.7661,1.6449,0.3403
820,34.174,3,lifter,0.1402,776,1171,1097,1512,-4.5048,0.2075,11.1793,0.477,1.0213,0.2228
821,34.216,1,lifter,0.7768,194,1067,465,1512,-4.2171,0.1907,10.4722,0.4443,0.9522,0.2061
821,34.216,2,lifter,0.689,221,682,351,925,-7.2499,0.3703,17.8702,0.7659,1.6446,0.3402
821,34.216,3,lifter,0.137,776,1171,1099,1512,-4.493,0.2068,11.1503,0.4757,1.0185,0.2222
822,34.258,1,lifter,0.7777,194,1067,465,1512,-4.216,0.1907,10.4694,0.4442,0.952,0.206
822,34.258,2,lifter,0.6929,221,682,351,925,-7.2657,0.3712,17.9088,0.7676,1.6482,0.341
822,34.258,3,lifter,0.137,776,1171,1098,1512,-4.4984,0.2071,11.1636,0.4763,1.0198,0.2224
823,34.299,1,lifter,0.7774,194,1067,465,1512,-4.217,0.1907,10.4718,0.4443,0.9522,0.2061
823,34.299,2,lifter,0.6906,221,682,351,925,-7.2673,0.3713,17.9128,0.7678,1.6486,0.3411
823,34.299,3,lifter,0.1349,776,1171,1097,1512,-4.5041,0.2075,11.1774,0.4769,1.0211,0.2227
824,34.341,1,lifter,0.7779,194,1067,465,1512,-4.2168,0.1907,10.4713,0.4442,0.9521,0.2061
824,34.341,2,lifter,0.6938,220,682,351,925,-7.2621,0.371,17.9001,0.7672,1.6474,0.3408
824,34.341,3,lifter,0.134,776,1171,1097,1512,-4.5029,0.2074,11.1745,0.4767,1.0208,0.2227
824,34.341,4,lifter,0.1008,1340,1153,1665,1503,-5.2321,0.2541,12.9415,0.5505,1.1809,0.2471
825,34.383,1,lifter,0.778,194,1067,465,1512,-4.2175,0.1908,10.4731,0.4443,0.9523,0.2061
825,34.383,2,lifter,0.6923,221,682,351,925,-7.283,0.3722,17.951,0.7694,1.6522,0.3418
825,34.383,3,lifter,0.1336,776,1171,1097,1512,-4.5045,0.2075,11.1784,0.4769,1.0212,0.2228
825,34.383,4,lifter,0.103,1340,1154,1665,1503,-5.2291,0.2539,12.9341,0.5502,1.1802,0.2469
826,34.425,1,lifter,0.78,194,1067,466,1512,-4.2144,0.1906,10.4656,0.444,0.9516,0.2059
826,34.425,2,lifter,0.6977,220,682,351,925,-7.2866,0.3724,17.9598,0.7698,1.653,0.3419
826,34.425,3,lifter,0.1278,776,1171,1097,1512,-4.4991,0.2072,11.1654,0.4763,1.0199,0.2224
826,34.425,4,lifter,0.108,1340,1154,1665,1503,-5.2367,0.2544,12.9528,0.5511,1.1819,0.2473
827,34.466,1,lifter,0.779,194,1067,465,1512,-4.214,0.1906,10.4645,0.4439,0.9515,0.2059
827,34.466,2,lifter,0.6977,220,682,351,925,-7.3151,0.374,18.0295,0.7728,1.6595,0.3433
827,34.466,3,lifter,0.1314,776,1171,1099,1512,-4.486,0.2064,11.1333,0.4749,1.0169,0.2218
827,34.466,4,lifter,0.1101,1340,1154,1665,1503,-5.2291,0.2539,12.9341,0.5502,1.1801,0.2469
828,34.508,1,lifter,0.7788,194,1067,465,1512,-4.2139,0.1906,10.4644,0.4439,0.9515,0.2059
828,34.508,2,lifter,0.6995,220,682,351,925,-7.3249,0.3746,18.0534,0.7739,1.6618,0.3438
828,34.508,3,lifter,0.1303,776,1171,1100,1512,-4.4806,0.2061,11.1199,0.4743,1.0156,0.2215
828,34.508,4,lifter,0.1153,1340,1153,1665,1503,-5.2343,0.2542,12.9468,0.5508,1.1814,0.2472
829,34.55,1,lifter,0.7791,194,1067,465,1512,-4.215,0.1906,10.4669,0.444,0.9517,0.206
829,34.55,2,lifter,0.6933,220,682,351,925,-7.3186,0.3742,18.0381,0.7732,1.6604,0.3435
829,34.55,3,lifter,0.1342,776,1171,1100,1512,-4.4859,0.2064,11.1328,0.4749,1.0168,0.2218
829,34.55,4,lifter,0.1135,1340,1154,1665,1503,-5.23,0.254,12.9364,0.5503,1.1804,0.247
830,34.591,1,lifter,0.7783,194,1067,465,1512,-4.2124,0.1905,10.4605,0.4438,0.9511,0.2058
830,34.591,2,lifter,0.6952,220,682,351,925,-7.3274,0.3748,18.0596,0.7741,1.6624,0.3439
830,34.591,3,lifter,0.1339,776,1171,1098,1512,-4.4942,0.2069,11.1533,0.4758,1.0188,0.2222
830,34.591,4,lifter,0.1164,1340,1154,1665,1503,-5.2293,0.2539,12.9348,0.5503,1.1802,0.2469
831,34.633,1,lifter,0.7793,194,1067,465,1512,-4.215,0.1906,10.467,0.444,0.9517,0.206
831,34.633,2,lifter,0.6923,220,682,351,925,-7.3295,0.3749,18.0646,0.7744,1.6629,0.344
831,34.633,3,lifter,0.134,776,1171,1099,1512,-4.4862,0.2064,11.1337,0.4749,1.0169,0.2218
831,34.633,4,lifter,0.1159,1340,1154,1666,1503,-5.2256,0.2537,12.9256,0.5499,1.1793,0.2467
832,34.675,1,lifter,0.7772,194,1067,465,1512,-4.2139,0.1906,10.4643,0.4439,0.9515,0.2059
832,34.675,2,lifter,0.695,220,682,351,925,-7.3342,0.3751,18.0761,0.7749,1.6639,0.3442
832,34.675,3,lifter,0.1307,776,1171,1099,1512,-4.4839,0.2063,11.128,0.4747,1.0164,0.2217
832,34.675,4,lifter,0.1137,1340,1154,1665,1504,-5.2808,0.257,13.0606,0.5559,1.192,0.2493
833,34.716,1,lifter,0.7764,194,1067,465,1512,-4.2141,0.1906,10.4649,0.444,0.9515,0.2059
833,34.716,2,lifter,0.6889,221,682,351,925,-7.339,0.3755,18.0878,0.7754,1.6651,0.3445
833,34.716,3,lifter,0.1329,776,1171,1100,1512,-4.4847,0.2063,11.1299,0.4747,1.0165,0.2217
833,34.716,4,lifter,0.1137,1340,1153,1665,1504,-5.2738,0.2566,13.0435,0.5551,1.1905,0.2491
834,34.758,1,lifter,0.7771,194,1067,465,1512,-4.2119,0.1904,10.4595,0.4437,0.951,0.2058
834,34.758,2,lifter,0.6908,220,681,351,925,-7.362,0.3767,18.144,0.7778,1.6703,0.3456
834,34.758,3,lifter,0.1296,776,1171,1101,1512,-4.4881,0.2065,11.1382,0.4751,1.0173,0.2219
834,34.758,4,lifter,0.1124,1340,1153,1665,1503,-5.2335,0.2542,12.9449,0.5507,1.1812,0.2471
835,34.8,1,lifter,0.7772,194,1067,465,1512,-4.2124,0.1905,10.4607,0.4438,0.9511,0.2058
835,34.8,2,lifter,0.6902,220,682,351,925,-7.3355,0.3752,18.0794,0.775,1.6642,0.3443
835,34.8,3,lifter,0.1287,776,1171,1101,1512,-4.4888,0.2066,11.1401,0.4752,1.0175,0.2219
835,34.8,4,lifter,0.1133,1340,1154,1665,1503,-5.2316,0.2541,12.9403,0.5505,1.1807,0.247
836,34.841,1,lifter,0.7772,194,1067,465,1512,-4.2123,0.1905,10.4603,0.4437,0.9511,0.2058
836,34.841,2,lifter,0.6909,220,682,351,925,-7.3389,0.3754,18.0875,0.7753,1.665,0.3445
836,34.841,3,lifter,0.13,776,1171,1099,1512,-4.483,0.2062,11.1258,0.4746,1.0161,0.2216
836,34.841,4,lifter,0.1144,1340,1154,1665,1503,-5.234,0.2542,12.9462,0.5508,1.1813,0.2471
837,34.883,1,lifter,0.7769,194,1067,465,1512,-4.2166,0.1907,10.4707,0.4442,0.9521,0.206
837,34.883,2,lifter,0.6897,220,682,351,925,-7.3325,0.3751,18.072,0.7747,1.6636,0.3442
837,34.883,3,lifter,0.1301,776,1171,1099,1512,-4.4843,0.2063,11.129,0.4747,1.0165,0.2217
837,34.883,4,lifter,0.1145,1340,1154,1665,1503,-5.2265,0.2537,12.9277,0.55,1.1795,0.2468
838,34.925,1,lifter,0.7777,194,1067,465,1512,-4.2152,0.1906,10.4675,0.4441,0.9518,0.206
838,34.925,2,lifter,0.6963,220,681,351,925,-7.3728,0.3774,18.1705,0.7789,1.6728,0.3461
838,34.925,3,lifter,0.1293,776,1171,1100,1512,-4.4822,0.2062,11.1239,0.4745,1.016,0.2216
838,34.925,4,lifter,0.1157,1340,1153,1665,1503,-5.2336,0.2542,12.9452,0.5507,1.1812,0.2471
839,34.966,1,lifter,0.7774,194,1067,465,1512,-4.2143,0.1906,10.4653,0.444,0.9516,0.2059
839,34.966,2,lifter,0.6974,220,681,351,925,-7.3757,0.3775,18.1774,0.7792,1.6735,0.3462
839,34.966,3,lifter,0.128,776,1171,1101,1512,-4.4888,0.2066,11.14,0.4752,1.0175,0.2219
839,34.966,4,lifter,0.114,1340,1153,1665,1503,-5.2316,0.2541,12.9403,0.5505,1.1807,0.247
840,35.008,1,lifter,0.7773,194,1067,465,1512,-4.2142,0.1906,10.4649,0.4439,0.9515,0.2059
840,35.008,2,lifter,0.6962,220,681,351,925,-7.3585,0.3765,18.1354,0.7774,1.6695,0.3454
840,35.008,3,lifter,0.1276,776,1171,1100,1512,-4.4842,0.2063,11.1288,0.4747,1.0164,0.2217
840,35.008,4,lifter,0.1132,1340,1153,1665,1503,-5.232,0.2541,12.9412,0.5505,1.1808,0.2471
841,35.05,1,lifter,0.7774,194,1067,465,1512,-4.215,0.1906,10.467,0.444,0.9517,0.206
841,35.05,2,lifter,0.6976,220,681,351,925,-7.3555,0.3764,18.1282,0.7771,1.6688,0.3453
841,35.05,3,lifter,0.1311,776,1171,1099,1512,-4.4849,0.2063,11.1306,0.4748,1.0166,0.2217
841,35.05,4,lifter,0.1125,1340,1153,1665,1503,-5.2269,0.2538,12.9289,0.55,1.1797,0.2468
842,35.091,1,lifter,0.7785,194,1067,465,1512,-4.2138,0.1905,10.4641,0.4439,0.9514,0.2059
842,35.091,2,lifter,0.7002,220,682,351,925,-7.3373,0.3753,18.0837,0.7752,1.6646,0.3444
842,35.091,3,lifter,0.1337,776,1171,1099,1512,-4.4872,0.2065,11.136,0.475,1.0171,0.2219
842,35.091,4,lifter,0.1112,1340,1153,1665,1503,-5.229,0.2539,12.934,0.5502,1.1802,0.2469
843,35.133,1,lifter,0.7788,194,1067,465,1512,-4.2137,0.1905,10.4637,0.4439,0.9514,0.2059
843,35.133,2,lifter,0.6997,220,682,351,925,-7.3397,0.3755,18.0897,0.7754,1.6652,0.3445
843,35.133,3,lifter,0.1353,776,1171,1099,1512,-4.4894,0.2066,11.1416,0.4753,1.0177,0.222
843,35.133,4,lifter,0.107,1340,1153,1665,1503,-5.2283,0.2539,12.9323,0.5501,1.18,0.2469
844,35.175,1,lifter,0.7812,194,1067,465,1512,-4.2134,0.1905,10.4631,0.4439,0.9513,0.2059
844,35.175,2,lifter,0.6987,220,682,351,925,-7.3371,0.3753,18.0833,0.7752,1.6646,0.3444
844,35.175,3,lifter,0.1339,776,1171,1099,1512,-4.4885,0.2065,11.1392,0.4752,1.0174,0.2219
844,35.175,4,lifter,0.1077,1340,1153,1665,1503,-5.2281,0.2538,12.9316,0.5501,1.1799,0.2469
845,35.216,1,lifter,0.7792,194,1067,465,1512,-4.2135,0.1905,10.4633,0.4439,0.9514,0.2059
845,35.216,2,lifter,0.6954,220,682,351,925,-7.3318,0.375,18.0702,0.7746,1.6634,0.3441
845,35.216,3,lifter,0.135,776,1171,1099,1512,-4.4896,0.2066,11.1421,0.4753,1.0177,0.222
845,35.216,4,lifter,0.1065,1340,1154,1665,1504,-5.2746,0.2566,13.0455,0.5552,1.1906,0.249
846,35.258,1,lifter,0.7803,194,1067,465,1512,-4.2141,0.1906,10.4648,0.4439,0.9515,0.2059
846,35.258,2,lifter,0.6976,220,682,351,925,-7.3353,0.3752,18.0789,0.775,1.6642,0.3443
846,35.258,3,lifter,0.1367,776,1171,1099,1512,-4.4901,0.2066,11.1431,0.4753,1.0178,0.222
846,35.258,4,lifter,0.1051,1340,1154,1665,1503,-5.2297,0.2539,12.9357,0.5503,1.1803,0.2469
847,35.3,1,lifter,0.782,194,1067,465,1512,-4.2143,0.1906,10.4652,0.444,0.9515,0.2059
847,35.3,2,lifter,0.6993,220,682,351,925,-7.3495,0.376,18.1135,0.7765,1.6675,0.345
847,35.3,3,lifter,0.1366,776,1171,1099,1512,-4.4908,0.2067,11.145,0.4754,1.018,0.2221
847,35.3,4,lifter,0.1042,1340,1154,1665,1503,-5.2287,0.2539,12.9332,0.5502,1.18,0.2469
848,35.341,1,lifter,0.7818,194,1067,465,1512,-4.2148,0.1906,10.4664,0.444,0.9517,0.206
848,35.341,2,lifter,0.6998,220,682,351,925,-7.3502,0.3761,18.1152,0.7765,1.6676,0.345
848,35.341,3,lifter,0.1368,776,1171,1099,1512,-4.4907,0.2067,11.1446,0.4754,1.018,0.222
848,35.341,4,lifter,0.1044,1340,1153,1665,1503,-5.2245,0.2536,12.9229,0.5497,1.1791,0.2467
849,35.383,1,lifter,0.7813,194,1067,465,1512,-4.2151,0.1906,10.4671,0.444,0.9517,0.206
849,35.383,2,lifter,0.6963,220,682,351,925,-7.3379,0.3754,18.0851,0.7752,1.6648,0.3444
849,35.383,3,lifter,0.1368,777,1171,1099,1512,-4.4908,0.2067,11.1448,0.4754,1.018,0.222
849,35.383,4,lifter,0.1033,1340,1153,1665,1503,-5.2259,0.2537,12.9264,0.5499,1.1794,0.2468
850,35.425,1,lifter,0.7807,194,1067,465,1512,-4.2149,0.1906,10.4667,0.444,0.9517,0.206
850,35.425,2,lifter,0.6985,220,682,351,925,-7.343,0.3757,18.0976,0.7758,1.666,0.3447
850,35.425,3,lifter,0.1359,776,1171,1098,1512,-4.4981,0.2071,11.1628,0.4762,1.0197,0.2224
850,35.425,4,lifter,0.1021,1340,1153,1665,1503,-5.2294,0.2539,12.9348,0.5503,1.1802,0.2469
851,35.466,1,lifter,0.7806,194,1067,465,1512,-4.2152,0.1906,10.4675,0.4441,0.9518,0.206
851,35.466,2,lifter,0.7002,220,682,351,925,-7.3395,0.3754,18.089,0.7754,1.6652,0.3445
851,35.466,3,lifter,0.14,777,1171,1098,1512,-4.4931,0.2068,11.1506,0.4757,1.0185,0.2222
851,35.466,4,lifter,0.1022,1340,1153,1666,1503,-5.2279,0.2538,12.9311,0.5501,1.1799,0.2468
852,35.508,1,lifter,0.7804,194,1067,465,1512,-4.2153,0.1906,10.4677,0.4441,0.9518,0.206
852,35.508,2,lifter,0.6993,220,682,351,925,-7.3495,0.376,18.1134,0.7765,1.6675,0.345
852,35.508,3,lifter,0.1408,777,1171,1098,1512,-4.4931,0.2068,11.1506,0.4757,1.0185,0.2222
852,35.508,4,lifter,0.1024,1340,1153,1665,1503,-5.2303,0.254,12.937,0.5504,1.1804,0.247
853,35.55,1,lifter,0.7799,194,1067,465,1512,-4.2154,0.1906,10.468,0.4441,0.9518,0.206
853,35.55,2,lifter,0.6987,220,682,351,925,-7.3449,0.3758,18.1024,0.776,1.6664,0.3448
853,35.55,3,lifter,0.1437,777,1171,1098,1512,-4.4936,0.2068,11.1518,0.4757,1.0186,0.2222
853,35.55,4,lifter,0.1021,1340,1153,1665,1503,-5.2274,0.2538,12.93,0.55,1.1798,0.2468
854,35.591,1,lifter,0.7785,194,1067,465,1512,-4.2153,0.1906,10.4676,0.4441,0.9518,0.206
854,35.591,2,lifter,0.7016,220,682,351,925,-7.3431,0.3757,18.0979,0.7758,1.666,0.3447
854,35.591,3,lifter,0.1461,777,1171,1096,1512,-4.5039,0.2075,11.177,0.4769,1.0211,0.2227
854,35.591,4,lifter,0.103,1340,1153,1665,1503,-5.2279,0.2538,12.9311,0.5501,1.1799,0.2469
855,35.633,1,lifter,0.7785,194,1067,465,1512,-4.2148,0.1906,10.4665,0.444,0.9517,0.206
855,35.633,2,lifter,0.6996,220,682,351,925,-7.343,0.3757,18.0976,0.7758,1.666,0.3447
855,35.633,3,lifter,0.1502,777,1171,1096,1512,-4.504,0.2075,11.1773,0.4769,1.0211,0.2227
855,35.633,4,lifter,0.1059,1340,1153,1665,1503,-5.2267,0.2538,12.9283,0.55,1.1796,0.2468
856,35.675,1,lifter,0.7786,194,1067,465,1512,-4.2146,0.1906,10.4659,0.444,0.9516,0.206
856,35.675,2,lifter,0.6967,220,682,351,925,-7.3427,0.3756,18.0969,0.7758,1.6659,0.3447
856,35.675,3,lifter,0.1524,777,1171,1096,1512,-4.5037,0.2075,11.1764,0.4768,1.021,0.2227
856,35.675,4,lifter,0.105,1340,1154,1665,1503,-5.2273,0.2538,12.9296,0.5501,1.1797,0.2468
857,35.716,1,lifter,0.7789,194,1067,465,1512,-4.2146,0.1906,10.4661,0.444,0.9516,0.206
857,35.716,2,lifter,0.6932,220,682,351,925,-7.3434,0.3757,18.0987,0.7758,1.6661,0.3447
857,35.716,3,lifter,0.1537,777,1171,1096,1512,-4.504,0.2075,11.1774,0.4769,1.0211,0.2227
857,35.716,4,lifter,0.1055,1340,1154,1666,1503,-5.2238,0.2536,12.9212,0.5497,1.1789,0.2466
858,35.758,1,lifter,0.7789,194,1067,465,1512,-4.2141,0.1906,10.4647,0.4439,0.9515,0.2059
858,35.758,2,lifter,0.6953,220,682,351,925,-7.346,0.3758,18.105,0.7761,1.6667,0.3448
858,35.758,3,lifter,0.157,777,1171,1095,1512,-4.5112,0.2079,11.1949,0.4777,1.0228,0.2231
858,35.758,4,lifter,0.1064,1340,1153,1665,1503,-5.2282,0.2538,12.9318,0.5501,1.18,0.2469
859,35.8,1,lifter,0.7787,194,1067,465,1512,-4.2136,0.1905,10.4636,0.4439,0.9514,0.2059
859,35.8,2,lifter,0.6954,220,682,351,925,-7.344,0.3757,18.1001,0.7759,1.6662,0.3447
859,35.8,3,lifter,0.1572,777,1171,1095,1512,-4.5111,0.2079,11.1947,0.4777,1.0228,0.2231
859,35.8,4,lifter,0.1065,1340,1153,1665,1503,-5.226,0.2537,12.9265,0.5499,1.1795,0.2468
860,35.841,1,lifter,0.7789,194,1067,465,1512,-4.2133,0.1905,10.4628,0.4439,0.9513,0.2059
860,35.841,2,lifter,0.6919,220,683,351,925,-7.3154,0.3741,18.0302,0.7729,1.6596,0.3433
860,35.841,3,lifter,0.1587,777,1171,1098,1512,-4.4934,0.2068,11.1513,0.4757,1.0186,0.2222
860,35.841,4,lifter,0.1054,1340,1153,1666,1503,-5.2244,0.2536,12.9227,0.5497,1.1791,0.2467
861,35.883,1,lifter,0.7791,194,1067,465,1512,-4.2129,0.1905,10.4619,0.4438,0.9512,0.2059
861,35.883,2,lifter,0.6903,220,682,351,925,-7.3451,0.3758,18.1028,0.776,1.6665,0.3448
861,35.883,3,lifter,0.1597,777,1171,1098,1512,-4.4935,0.2068,11.1516,0.4757,1.0186,0.2222
861,35.883,4,lifter,0.1055,1340,1153,1666,1503,-5.2237,0.2536,12.921,0.5496,1.1789,0.2467
862,35.925,1,lifter,0.7782,194,1067,465,1512,-4.2132,0.1905,10.4625,0.4439,0.9513,0.2059
862,35.925,2,lifter,0.6911,221,683,351,925,-7.3255,0.3747,18.0549,0.774,1.662,0.3439
862,35.925,3,lifter,0.1577,777,1171,1102,1512,-4.4955,0.2069,11.1563,0.4759,1.0191,0.2223
862,35.925,4,lifter,0.1087,1340,1153,1666,1503,-5.223,0.2535,12.9192,0.5496,1.1788,0.2466
863,35.967,1,lifter,0.7783,194,1067,465,1512,-4.213,0.1905,10.4622,0.4438,0.9513,0.2059
863,35.967,2,lifter,0.6819,222,683,351,925,-7.3628,0.3769,18.146,0.7779,1.6706,0.3457
863,35.967,3,lifter,0.1579,777,1171,1102,1512,-4.4953,0.2069,11.1559,0.4759,1.0191,0.2223
864,36.008,1,lifter,0.7783,194,1067,465,1512,-4.2131,0.1905,10.4622,0.4438,0.9513,0.2059
864,36.008,2,lifter,0.6792,222,683,351,925,-7.3631,0.3769,18.1469,0.778,1.6707,0.3457
864,36.008,3,lifter,0.1579,777,1171,1102,1512,-4.4955,0.2069,11.1562,0.4759,1.0191,0.2223
865,36.05,1,lifter,0.7782,194,1067,465,1512,-4.213,0.1905,10.462,0.4438,0.9513,0.2059
865,36.05,2,lifter,0.6781,222,683,351,925,-7.363,0.3769,18.1467,0.778,1.6707,0.3457
865,36.05,3,lifter,0.1598,777,1171,1101,1512,-4.4952,0.2069,11.1556,0.4759,1.019,0.2223
866,36.092,1,lifter,0.7785,194,1067,465,1512,-4.2116,0.1904,10.4587,0.4437,0.9509,0.2058
866,36.092,2,lifter,0.6802,222,683,351,925,-7.3618,0.3769,18.1437,0.7778,1.6704,0.3457
866,36.092,3,lifter,0.1593,777,1171,1101,1512,-4.4944,0.2069,11.1536,0.4758,1.0188,0.2222
866,36.092,4,lifter,0.1008,1340,1154,1665,1503,-5.2272,0.2538,12.9294,0.55,1.1797,0.2468
867,36.133,1,lifter,0.7782,194,1067,465,1512,-4.2121,0.1904,10.4599,0.4437,0.9511,0.2058
867,36.133,2,lifter,0.6822,222,683,351,925,-7.361,0.3768,18.1417,0.7778,1.6702,0.3456
867,36.133,3,lifter,0.159,777,1171,1101,1512,-4.4943,0.2069,11.1534,0.4758,1.0188,0.2222
868,36.175,1,lifter,0.7785,194,1067,465,1512,-4.212,0.1904,10.4596,0.4437,0.951,0.2058
868,36.175,2,lifter,0.6782,222,683,351,926,-7.3399,0.3756,18.0901,0.7755,1.6654,0.3446
868,36.175,3,lifter,0.1594,777,1171,1101,1512,-4.494,0.2068,11.1527,0.4758,1.0188,0.2222
869,36.217,1,lifter,0.7781,194,1067,465,1512,-4.2124,0.1905,10.4607,0.4438,0.9511,0.2059
869,36.217,2,lifter,0.665,223,683,351,926,-7.4093,0.3797,18.2597,0.783,1.6815,0.348
869,36.217,3,lifter,0.1603,777,1171,1101,1512,-4.4943,0.2069,11.1535,0.4758,1.0188,0.2222
870,36.258,1,lifter,0.7772,194,1067,465,1512,-4.2077,0.1902,10.4491,0.4432,0.95,0.2056
870,36.258,2,lifter,0.666,223,683,351,926,-7.4125,0.3799,18.2675,0.7833,1.6823,0.3482
870,36.258,3,lifter,0.1625,777,1171,1100,1512,-4.4935,0.2068,11.1516,0.4757,1.0186,0.2222
871,36.3,1,lifter,0.7776,194,1067,465,1512,-4.2086,0.1902,10.4513,0.4433,0.9502,0.2056
871,36.3,2,lifter,0.6656,223,683,351,926,-7.4096,0.3798,18.2604,0.783,1.6816,0.3481
871,36.3,3,lifter,0.163,777,1171,1101,1512,-4.4945,0.2069,11.1539,0.4758,1.0189,0.2223
872,36.342,1,lifter,0.778,195,1068,467,1512,-4.1945,0.1894,10.4168,0.4418,0.947,0.205
872,36.342,2,lifter,0.713,218,680,350,924,-7.5511,0.3876,18.606,0.7979,1.7138,0.3546
872,36.342,3,lifter,0.1563,1341,1152,1665,1502,-5.182,0.2511,12.819,0.5451,1.1694,0.2447
872,36.342,4,lifter,0.1505,775,1170,1099,1512,-4.5206,0.2084,11.2178,0.4788,1.0251,0.2238
873,36.383,1,lifter,0.778,195,1068,467,1512,-4.1982,0.1896,10.426,0.4423,0.9479,0.2052
873,36.383,2,lifter,0.7123,218,680,350,924,-7.5511,0.3876,18.606,0.7979,1.7138,0.3546
873,36.383,3,lifter,0.154,1341,1151,1664,1502,-5.1707,0.2504,12.7914,0.5438,1.1669,0.2442
873,36.383,4,lifter,0.1503,775,1170,1100,1512,-4.5156,0.2081,11.2056,0.4783,1.0239,0.2235
874,36.425,1,lifter,0.7787,195,1068,467,1512,-4.1982,0.1896,10.4259,0.4422,0.9479,0.2052
874,36.425,2,lifter,0.7113,218,680,350,924,-7.5512,0.3876,18.6063,0.7979,1.7138,0.3546
874,36.425,3,lifter,0.1577,1340,1153,1665,1502,-5.1963,0.252,12.8538,0.5466,1.1728,0.2455
874,36.425,4,lifter,0.1486,775,1170,1099,1512,-4.5208,0.2084,11.2183,0.4788,1.0251,0.2238
875,36.467,1,lifter,0.7785,195,1068,467,1512,-4.1989,0.1896,10.4276,0.4423,0.948,0.2052
875,36.467,2,lifter,0.7111,218,680,350,924,-7.5502,0.3875,18.6039,0.7978,1.7136,0.3546
875,36.467,3,lifter,0.1649,1341,1152,1664,1503,-5.207,0.2526,12.8801,0.5478,1.1752,0.246
875,36.467,4,lifter,0.1475,775,1170,1100,1512,-4.5163,0.2081,11.2073,0.4783,1.0241,0.2235
876,36.508,1,lifter,0.7783,195,1068,467,1512,-4.199,0.1896,10.4278,0.4423,0.948,0.2052
876,36.508,2,lifter,0.7104,218,680,350,924,-7.5499,0.3875,18.603,0.7977,1.7135,0.3545
876,36.508,3,lifter,0.1679,1341,1153,1665,1502,-5.1956,0.2519,12.8521,0.5465,1.1726,0.2454
876,36.508,4,lifter,0.1465,775,1170,1100,1512,-4.5162,0.2081,11.2071,0.4783,1.0241,0.2235
877,36.55,1,lifter,0.779,195,1068,467,1512,-4.1994,0.1897,10.4289,0.4424,0.9481,0.2052
877,36.55,2,lifter,0.7113,218,680,350,924,-7.5493,0.3875,18.6015,0.7977,1.7133,0.3545
877,36.55,3,lifter,0.1558,1341,1152,1664,1503,-5.2072,0.2526,12.8805,0.5478,1.1752,0.246
877,36.55,4,lifter,0.1457,775,1170,1099,1512,-4.5214,0.2084,11.2197,0.4789,1.0253,0.2238
878,36.592,1,lifter,0.7785,195,1068,467,1512,-4.1996,0.1897,10.4294,0.4424,0.9482,0.2052
878,36.592,2,lifter,0.712,219,680,350,924,-7.5484,0.3874,18.5993,0.7975,1.7131,0.3545
878,36.592,3,lifter,0.151,1341,1152,1664,1502,-5.1797,0.251,12.8134,0.5448,1.1689,0.2447
878,36.592,4,lifter,0.143,775,1171,1099,1512,-4.5135,0.208,11.2005,0.478,1.0234,0.2234
879,36.633,1,lifter,0.7789,195,1068,467,1512,-4.1994,0.1897,10.429,0.4424,0.9481,0.2052
879,36.633,2,lifter,0.7096,219,680,350,924,-7.5509,0.3876,18.6054,0.7978,1.7137,0.3546
879,36.633,3,lifter,0.1432,1341,1151,1664,1502,-5.1682,0.2503,12.7852,0.5436,1.1663,0.2441
879,36.633,4,lifter,0.1408,775,1171,1099,1512,-4.5136,0.208,11.2008,0.478,1.0235,0.2234
880,36.675,1,lifter,0.7786,195,1068,467,1512,-4.1991,0.1896,10.4282,0.4423,0.9481,0.2052
880,36.675,2,lifter,0.7112,219,680,350,924,-7.548,0.3874,18.5983,0.7975,1.713,0.3544
880,36.675,3,lifter,0.1455,1340,1152,1664,1502,-5.1739,0.2506,12.7992,0.5442,1.1676,0.2444
880,36.675,4,lifter,0.142,775,1171,1099,1512,-4.5135,0.208,11.2006,0.478,1.0234,0.2234
881,36.717,1,lifter,0.7791,195,1068,467,1512,-4.1993,0.1897,10.4287,0.4424,0.9481,0.2052
881,36.717,2,lifter,0.7099,219,680,350,924,-7.5473,0.3874,18.5967,0.7974,1.7129,0.3544
881,36.717,3,lifter,0.1445,1341,1151,1664,1503,-5.1899,0.2516,12.8382,0.5459,1.1713,0.2451
881,36.717,4,lifter,0.1408,775,1171,1099,1512,-4.5138,0.208,11.2012,0.4781,1.0235,0.2234
882,36.758,1,lifter,0.779,195,1068,467,1512,-4.1988,0.1896,10.4273,0.4423,0.948,0.2052
882,36.758,2,lifter,0.7089,219,680,350,924,-7.5553,0.3878,18.6162,0.7983,1.7147,0.3548
882,36.758,3,lifter,0.1432,1340,1152,1664,1502,-5.1747,0.2507,12.8011,0.5443,1.1678,0.2445
882,36.758,4,lifter,0.1429,775,1171,1099,1512,-4.5141,0.208,11.2019,0.4781,1.0236,0.2234
883,36.8,1,lifter,0.7791,195,1068,467,1512,-4.1988,0.1896,10.4273,0.4423,0.948,0.2052
883,36.8,2,lifter,0.7082,219,680,350,924,-7.558,0.388,18.6228,0.7985,1.7153,0.3549
883,36.8,3,lifter,0.1458,775,1170,1099,1512,-4.5217,0.2084,11.2205,0.4789,1.0254,0.2238
883,36.8,4,lifter,0.1323,1340,1152,1664,1502,-5.1749,0.2507,12.8016,0.5443,1.1679,0.2445
884,36.842,1,lifter,0.7784,194,1067,467,1512,-4.1979,0.1896,10.4253,0.4422,0.9478,0.2052
884,36.842,2,lifter,0.7078,220,680,350,924,-7.5526,0.3877,18.6095,0.798,1.7141,0.3547
884,36.842,3,lifter,0.1505,775,1170,1098,1512,-4.5277,0.2088,11.2351,0.4796,1.0268,0.2241
884,36.842,4,lifter,0.1353,1340,1153,1664,1503,-5.2204,0.2534,12.9128,0.5492,1.1783,0.2466
885,36.883,1,lifter,0.7771,194,1067,467,1512,-4.1979,0.1896,10.4253,0.4422,0.9478,0.2052
885,36.883,2,lifter,0.7085,220,681,350,924,-7.4964,0.3844,18.4724,0.792,1.7012,0.352
885,36.883,3,lifter,0.1499,775,1170,1098,1512,-4.5277,0.2088,11.2353,0.4796,1.0268,0.2241
885,36.883,4,lifter,0.1405,1340,1153,1664,1503,-5.2138,0.253,12.8965,0.5485,1.1768,0.2463
886,36.925,1,lifter,0.7838,194,1067,467,1512,-4.1954,0.1894,10.4191,0.4419,0.9472,0.205
886,36.925,2,lifter,0.6957,220,680,351,923,-7.5631,0.3883,18.6352,0.7991,1.7165,0.3552
886,36.925,3,lifter,0.1406,774,1171,1096,1512,-4.5316,0.209,11.245,0.48,1.0277,0.2243
886,36.925,4,lifter,0.1294,1341,1152,1663,1502,-5.1687,0.2503,12.7863,0.5436,1.1664,0.2442
887,36.967,1,lifter,0.7838,194,1067,467,1512,-4.1952,0.1894,10.4187,0.4419,0.9472,0.205
887,36.967,2,lifter,0.6961,219,680,351,923,-7.553,0.3877,18.6106,0.798,1.7141,0.3547
887,36.967,3,lifter,0.1399,774,1171,1096,1512,-4.5316,0.209,11.2449,0.48,1.0277,0.2243
887,36.967,4,lifter,0.1284,1341,1152,1663,1502,-5.1686,0.2503,12.7862,0.5436,1.1664,0.2442
888,37.008,1,lifter,0.7842,194,1067,467,1512,-4.1952,0.1894,10.4187,0.4419,0.9472,0.205
888,37.008,2,lifter,0.6962,219,680,351,923,-7.5527,0.3877,18.6099,0.798,1.7141,0.3547
888,37.008,3,lifter,0.1418,774,1171,1096,1512,-4.5316,0.209,11.2449,0.48,1.0277,0.2243
888,37.008,4,lifter,0.1315,1341,1152,1663,1502,-5.1675,0.2503,12.7834,0.5434,1.1661,0.2441
889,37.05,1,lifter,0.7849,194,1067,467,1512,-4.1951,0.1894,10.4185,0.4419,0.9471,0.205
889,37.05,2,lifter,0.6965,219,680,351,923,-7.5526,0.3877,18.6097,0.798,1.7141,0.3547
889,37.05,3,lifter,0.1419,773,1171,1096,1512,-4.5352,0.2093,11.2538,0.4804,1.0285,0.2245
889,37.05,4,lifter,0.1362,1341,1152,1663,1503,-5.1961,0.252,12.8533,0.5466,1.1727,0.2454
890,37.092,1,lifter,0.7849,194,1067,467,1512,-4.1965,0.1895,10.4217,0.4421,0.9475,0.2051
890,37.092,2,lifter,0.6962,219,680,351,923,-7.5521,0.3876,18.6083,0.7979,1.7139,0.3546
890,37.092,3,lifter,0.1424,773,1171,1095,1512,-4.5429,0.2097,11.2725,0.4812,1.0303,0.2249
890,37.092,4,lifter,0.1391,1341,1151,1663,1502,-5.1587,0.2497,12.762,0.5425,1.1641,0.2437
891,37.133,1,lifter,0.7844,194,1067,467,1512,-4.1964,0.1895,10.4215,0.4421,0.9474,0.2051
891,37.133,2,lifter,0.6961,219,680,351,923,-7.5534,0.3877,18.6116,0.798,1.7142,0.3547
891,37.133,3,lifter,0.1451,773,1171,1095,1512,-4.5429,0.2097,11.2725,0.4812,1.0303,0.2249
891,37.133,4,lifter,0.1421,1341,1151,1663,1502,-5.1631,0.25,12.7727,0.543,1.1651,0.2439
892,37.175,1,lifter,0.784,194,1067,467,1512,-4.1965,0.1895,10.4219,0.4421,0.9475,0.2051
892,37.175,2,lifter,0.6961,219,680,350,923,-7.6037,0.3906,18.7345,0.8034,1.7258,0.3571
892,37.175,3,lifter,0.144,773,1171,1095,1512,-4.5429,0.2097,11.2724,0.4812,1.0303,0.2249
892,37.175,4,lifter,0.1423,1341,1151,1663,1503,-5.1864,0.2514,12.8297,0.5455,1.1705,0.245
893,37.217,1,lifter,0.7844,194,1067,467,1512,-4.1963,0.1895,10.4214,0.4421,0.9474,0.2051
893,37.217,2,lifter,0.696,219,680,351,923,-7.5534,0.3877,18.6116,0.798,1.7142,0.3547
893,37.217,3,lifter,0.1452,773,1171,1095,1512,-4.5429,0.2097,11.2726,0.4813,1.0304,0.2249
893,37.217,4,lifter,0.1441,1341,1150,1663,1502,-5.1719,0.2505,12.7942,0.5439,1.1672,0.2444
894,37.258,1,lifter,0.7847,194,1067,467,1512,-4.1964,0.1895,10.4215,0.4421,0.9474,0.2051
894,37.258,2,lifter,0.6956,219,680,351,923,-7.5521,0.3876,18.6083,0.7979,1.7139,0.3546
894,37.258,3,lifter,0.1429,1341,1150,1663,1502,-5.1732,0.2506,12.7974,0.5441,1.1675,0.2444
894,37.258,4,lifter,0.1426,773,1171,1094,1512,-4.5429,0.2097,11.2726,0.4812,1.0303,0.2249
895,37.3,1,lifter,0.7844,194,1067,467,1512,-4.1962,0.1895,10.421,0.442,0.9474,0.2051
895,37.3,2,lifter,0.6959,219,680,351,923,-7.5572,0.3879,18.6208,0.7984,1.7151,0.3549
895,37.3,3,lifter,0.1436,1341,1151,1663,1502,-5.1702,0.2504,12.7901,0.5437,1.1668,0.2442
895,37.3,4,lifter,0.1427,773,1171,1094,1512,-4.5436,0.2098,11.2743,0.4813,1.0305,0.2249
896,37.342,1,lifter,0.7844,194,1067,467,1512,-4.1963,0.1895,10.4212,0.442,0.9474,0.2051
896,37.342,2,lifter,0.6957,219,680,351,923,-7.558,0.388,18.6229,0.7985,1.7153,0.3549
896,37.342,3,lifter,0.144,1340,1150,1663,1502,-5.1675,0.2502,12.7835,0.5435,1.1662,0.2442
896,37.342,4,lifter,0.1397,773,1171,1095,1512,-4.5435,0.2098,11.274,0.4813,1.0305,0.2249
897,37.384,1,lifter,0.7847,194,1067,467,1512,-4.1964,0.1895,10.4215,0.4421,0.9474,0.2051
897,37.384,2,lifter,0.6951,219,680,351,923,-7.5604,0.3881,18.6286,0.7988,1.7159,0.355
897,37.384,3,lifter,0.1432,1341,1152,1663,1502,-5.1689,0.2503,12.787,0.5436,1.1665,0.2442
897,37.384,4,lifter,0.1405,773,1171,1095,1512,-4.5436,0.2098,11.2741,0.4813,1.0305,0.2249
898,37.425,1,lifter,0.7853,194,1067,467,1512,-4.1964,0.1895,10.4215,0.4421,0.9474,0.2051
898,37.425,2,lifter,0.6946,219,680,351,923,-7.5588,0.388,18.6249,0.7986,1.7155,0.355
898,37.425,3,lifter,0.1416,773,1171,1095,1512,-4.5435,0.2098,11.274,0.4813,1.0305,0.2249
898,37.425,4,lifter,0.1392,1341,1153,1664,1502,-5.1913,0.2517,12.8417,0.546,1.1716,0.2452
899,37.467,1,lifter,0.7857,194,1067,467,1512,-4.197,0.1895,10.4231,0.4421,0.9476,0.2051
899,37.467,2,lifter,0.6959,219,680,351,923,-7.5641,0.3883,18.6377,0.7992,1.7167,0.3552
899,37.467,3,lifter,0.1459,773,1171,1095,1512,-4.5435,0.2098,11.2741,0.4813,1.0305,0.2249
899,37.467,4,lifter,0.1351,1341,1153,1664,1502,-5.1916,0.2517,12.8425,0.5461,1.1717,0.2452
900,37.509,1,lifter,0.7858,194,1067,467,1512,-4.1965,0.1895,10.4217,0.4421,0.9475,0.2051
900,37.509,2,lifter,0.696,219,680,350,923,-7.6134,0.3912,18.7583,0.8044,1.728,0.3576
900,37.509,3,lifter,0.1481,773,1171,1095,1512,-4.5436,0.2098,11.2742,0.4813,1.0305,0.2249
900,37.509,4,lifter,0.1296,1341,1152,1664,1502,-5.179,0.251,12.8115,0.5447,1.1687,0.2446
901,37.55,1,lifter,0.786,194,1067,467,1512,-4.1966,0.1895,10.4221,0.4421,0.9475,0.2051
901,37.55,2,lifter,0.6965,219,680,351,923,-7.5696,0.3887,18.6512,0.7998,1.718,0.3555
901,37.55,3,lifter,0.1494,773,1171,1095,1512,-4.5437,0.2098,11.2745,0.4813,1.0305,0.2249
901,37.55,4,lifter,0.1283,1341,1152,1664,1502,-5.1803,0.251,12.8149,0.5448,1.169,0.2446
902,37.592,1,lifter,0.7864,194,1067,467,1512,-4.1965,0.1895,10.4217,0.4421,0.9475,0.2051
902,37.592,2,lifter,0.6961,219,679,351,923,-7.6295,0.3921,18.7976,0.8062,1.7318,0.3584
902,37.592,3,lifter,0.1512,773,1171,1094,1512,-4.5432,0.2097,11.2733,0.4813,1.0304,0.2249
902,37.592,4,lifter,0.1284,1341,1149,1663,1502,-5.1894,0.2515,12.837,0.5458,1.1713,0.2453
903,37.634,1,lifter,0.7857,194,1067,467,1512,-4.1948,0.1894,10.4177,0.4419,0.9471,0.205
903,37.634,2,lifter,0.6952,219,679,351,923,-7.636,0.3925,18.8135,0.8069,1.7333,0.3587
903,37.634,3,lifter,0.1506,774,1171,1095,1512,-4.5348,0.2092,11.2528,0.4803,1.0284,0.2244
903,37.634,4,lifter,0.1198,1341,1150,1663,1501,-5.1722,0.2505,12.7949,0.5439,1.1673,0.2445
904,37.675,1,lifter,0.7866,194,1067,467,1512,-4.1979,0.1896,10.4252,0.4422,0.9478,0.2051
904,37.675,2,lifter,0.6935,219,679,351,923,-7.6357,0.3925,18.8125,0.8068,1.7332,0.3587
904,37.675,3,lifter,0.1498,774,1171,1097,1512,-4.5288,0.2089,11.2379,0.4797,1.027,0.2242
904,37.675,4,lifter,0.1222,1341,1149,1663,1502,-5.1917,0.2517,12.8426,0.5461,1.1718,0.2454
905,37.717,1,lifter,0.7862,194,1067,467,1512,-4.196,0.1895,10.4207,0.442,0.9473,0.205
905,37.717,2,lifter,0.6923,220,679,351,923,-7.656,0.3937,18.8622,0.809,1.7378,0.3596
905,37.717,3,lifter,0.1481,774,1171,1096,1512,-4.5296,0.2089,11.2401,0.4798,1.0272,0.2242
905,37.717,4,lifter,0.1348,1341,1149,1663,1502,-5.1979,0.2521,12.8577,0.5467,1.1733,0.2456
906,37.759,1,lifter,0.7853,194,1067,467,1512,-4.1959,0.1895,10.4204,0.442,0.9473,0.2051
906,37.759,2,lifter,0.6917,220,679,351,923,-7.6531,0.3935,18.8551,0.8087,1.7372,0.3595
906,37.759,3,lifter,0.1458,774,1171,1096,1512,-4.5313,0.209,11.2441,0.48,1.0276,0.2243
906,37.759,4,lifter,0.1347,1341,1149,1663,1502,-5.1919,0.2517,12.8431,0.5461,1.1719,0.2454
907,37.8,1,lifter,0.7854,194,1067,467,1512,-4.1958,0.1895,10.4202,0.442,0.9473,0.2051
907,37.8,2,lifter,0.691,220,679,351,923,-7.6589,0.3938,18.8692,0.8093,1.7385,0.3598
907,37.8,3,lifter,0.146,774,1171,1096,1512,-4.5309,0.209,11.2432,0.4799,1.0275,0.2243
907,37.8,4,lifter,0.1398,1341,1149,1663,1502,-5.1948,0.2519,12.8502,0.5464,1.1726,0.2455
908,37.842,1,lifter,0.7862,194,1067,467,1512,-4.1957,0.1894,10.42,0.442,0.9473,0.2051
908,37.842,2,lifter,0.6936,220,679,351,923,-7.6605,0.3939,18.8733,0.8094,1.7389,0.3599
908,37.842,3,lifter,0.1459,774,1171,1096,1512,-4.5311,0.209,11.2437,0.4799,1.0276,0.2243
908,37.842,4,lifter,0.1397,1341,1149,1663,1501,-5.1801,0.2509,12.8144,0.5448,1.1692,0.2449
909,37.884,1,lifter,0.7863,194,1067,467,1512,-4.1957,0.1894,10.4199,0.442,0.9473,0.2051
909,37.884,2,lifter,0.6924,220,679,351,923,-7.6607,0.3939,18.8736,0.8095,1.7389,0.3599
909,37.884,3,lifter,0.1459,774,1171,1097,1512,-4.5299,0.2089,11.2408,0.4798,1.0273,0.2242
909,37.884,4,lifter,0.1354,1341,1149,1663,1501,-5.1811,0.251,12.8167,0.5449,1.1694,0.245
910,37.925,1,lifter,0.7865,194,1067,467,1512,-4.1959,0.1895,10.4204,0.442,0.9473,0.2051
910,37.925,2,lifter,0.6915,220,679,351,923,-7.6589,0.3938,18.8693,0.8093,1.7385,0.3598
910,37.925,3,lifter,0.1454,774,1171,1097,1512,-4.5301,0.209,11.2413,0.4798,1.0273,0.2242
910,37.925,4,lifter,0.1356,1341,1149,1663,1502,-5.1951,0.2519,12.8508,0.5464,1.1726,0.2456
911,37.967,1,lifter,0.786,194,1067,467,1512,-4.1959,0.1895,10.4204,0.442,0.9473,0.2051
911,37.967,2,lifter,0.6919,220,679,351,923,-7.6606,0.3939,18.8734,0.8095,1.7389,0.3599
911,37.967,3,lifter,0.1427,773,1171,1097,1512,-4.5318,0.2091,11.2453,0.48,1.0277,0.2243
911,37.967,4,lifter,0.1427,1341,1150,1663,1502,-5.1762,0.2508,12.8049,0.5444,1.1682,0.2445
912,38.009,1,lifter,0.7862,194,1067,467,1512,-4.1956,0.1894,10.4195,0.442,0.9472,0.205
912,38.009,2,lifter,0.6906,220,679,351,923,-7.66,0.3939,18.8719,0.8094,1.7387,0.3598
912,38.009,3,lifter,0.1422,773,1171,1097,1512,-4.532,0.2091,11.2459,0.4801,1.0278,0.2243
912,38.009,4,lifter,0.1391,1341,1149,1663,1502,-5.1935,0.2518,12.8471,0.5463,1.1723,0.2455
913,38.05,1,lifter,0.7863,194,1067,467,1512,-4.1958,0.1894,10.42,0.442,0.9473,0.2051
913,38.05,2,lifter,0.6884,220,679,351,923,-7.6594,0.3939,18.8706,0.8093,1.7386,0.3598
913,38.05,3,lifter,0.1427,773,1171,1097,1512,-4.5319,0.2091,11.2456,0.48,1.0278,0.2243
913,38.05,4,lifter,0.1386,1341,1149,1663,1502,-5.1944,0.2518,12.8492,0.5464,1.1725,0.2455
914,38.092,1,lifter,0.7858,194,1067,467,1512,-4.1956,0.1894,10.4196,0.442,0.9472,0.205
914,38.092,2,lifter,0.6903,220,679,351,923,-7.6593,0.3938,18.8704,0.8093,1.7386,0.3598
914,38.092,3,lifter,0.1414,773,1171,1096,1512,-4.5352,0.2093,11.2537,0.4804,1.0285,0.2245
914,38.092,4,lifter,0.1381,1341,1149,1663,1502,-5.1937,0.2518,12.8475,0.5463,1.1723,0.2455
915,38.134,1,lifter,0.7858,194,1067,467,1512,-4.196,0.1895,10.4205,0.442,0.9473,0.2051
915,38.134,2,lifter,0.6899,220,679,351,923,-7.6594,0.3939,18.8706,0.8093,1.7386,0.3598
915,38.134,3,lifter,0.1418,773,1171,1096,1512,-4.5351,0.2093,11.2535,0.4804,1.0285,0.2245
915,38.134,4,lifter,0.1334,1341,1148,1663,1502,-5.1973,0.252,12.8563,0.5467,1.1732,0.2457
916,38.175,1,lifter,0.786,194,1067,467,1512,-4.1957,0.1894,10.4198,0.442,0.9473,0.205
916,38.175,2,lifter,0.6915,220,679,351,923,-7.6593,0.3938,18.8703,0.8093,1.7386,0.3598
916,38.175,3,lifter,0.1414,773,1171,1096,1512,-4.5352,0.2093,11.2537,0.4804,1.0285,0.2245
916,38.175,4,lifter,0.1346,1341,1149,1663,1502,-5.1921,0.2517,12.8437,0.5461,1.172,0.2454
917,38.217,1,lifter,0.7866,194,1067,467,1512,-4.1959,0.1895,10.4203,0.442,0.9473,0.2051
917,38.217,2,lifter,0.6908,220,679,351,923,-7.6592,0.3938,18.8701,0.8093,1.7386,0.3598
917,38.217,3,lifter,0.1422,773,1171,1096,1512,-4.5351,0.2093,11.2535,0.4804,1.0285,0.2245
917,38.217,4,lifter,0.1364,1341,1150,1663,1502,-5.1696,0.2504,12.7887,0.5437,1.1667,0.2442
918,38.259,1,lifter,0.785,194,1067,467,1512,-4.1953,0.1894,10.4189,0.4419,0.9472,0.205
918,38.259,2,lifter,0.6905,220,679,351,923,-7.667,0.3943,18.889,0.8101,1.7404,0.3602
918,38.259,3,lifter,0.1427,773,1171,1096,1512,-4.5347,0.2092,11.2525,0.4803,1.0284,0.2245
918,38.259,4,lifter,0.135,1341,1150,1663,1502,-5.1706,0.2504,12.791,0.5438,1.1669,0.2443
919,38.3,1,lifter,0.7848,194,1067,467,1512,-4.195,0.1894,10.418,0.4419,0.9471,0.205
919,38.3,2,lifter,0.6896,220,679,351,923,-7.6712,0.3945,18.8993,0.8106,1.7413,0.3604
919,38.3,3,lifter,0.1417,773,1171,1096,1512,-4.5342,0.2092,11.2512,0.4803,1.0283,0.2244
919,38.3,4,lifter,0.1395,1341,1150,1663,1502,-5.1701,0.2504,12.7898,0.5437,1.1668,0.2443
920,38.342,1,lifter,0.7854,194,1067,467,1512,-4.1954,0.1894,10.4191,0.4419,0.9472,0.205
920,38.342,2,lifter,0.6909,220,679,351,923,-7.6729,0.3946,18.9036,0.8108,1.7417,0.3605
920,38.342,3,lifter,0.15,1341,1150,1664,1502,-5.1793,0.251,12.8122,0.5447,1.1688,0.2446
920,38.342,4,lifter,0.1439,773,1171,1096,1512,-4.5351,0.2093,11.2534,0.4804,1.0285,0.2245
921,38.384,1,lifter,0.7856,194,1067,467,1512,-4.1951,0.1894,10.4183,0.4419,0.9471,0.205
921,38.384,2,lifter,0.6901,219,679,351,923,-7.6608,0.3939,18.874,0.8095,1.739,0.3599
921,38.384,3,lifter,0.1603,1341,1151,1664,1502,-5.1763,0.2508,12.8051,0.5444,1.1681,0.2445
921,38.384,4,lifter,0.1452,773,1171,1096,1512,-4.5349,0.2092,11.253,0.4804,1.0285,0.2245
922,38.425,1,lifter,0.7869,194,1067,467,1512,-4.1953,0.1894,10.4188,0.4419,0.9472,0.205
922,38.425,2,lifter,0.6877,219,679,351,923,-7.6598,0.3939,18.8715,0.8094,1.7387,0.3598
922,38.425,3,lifter,0.1715,1341,1151,1664,1502,-5.1769,0.2508,12.8064,0.5445,1.1683,0.2445
922,38.425,4,lifter,0.1477,774,1171,1096,1512,-4.5315,0.209,11.2446,0.48,1.0276,0.2243
923,38.467,1,lifter,0.7859,194,1067,467,1512,-4.1961,0.1895,10.4207,0.442,0.9473,0.205
923,38.467,2,lifter,0.6872,220,679,351,923,-7.6778,0.3949,18.9155,0.8113,1.7428,0.3607
923,38.467,3,lifter,0.1841,1341,1151,1664,1502,-5.1791,0.251,12.8119,0.5447,1.1688,0.2446
923,38.467,4,lifter,0.1498,773,1171,1095,1512,-4.5397,0.2095,11.2647,0.4809,1.0296,0.2247
924,38.509,1,lifter,0.785,194,1067,467,1512,-4.1938,0.1893,10.4153,0.4418,0.9468,0.205
924,38.509,2,lifter,0.689,219,679,351,923,-7.6678,0.3943,18.8912,0.8102,1.7406,0.3602
924,38.509,3,lifter,0.1889,1341,1152,1664,1501,-5.1684,0.2503,12.7857,0.5435,1.1663,0.2441
924,38.509,4,lifter,0.1474,773,1171,1097,1512,-4.5299,0.2089,11.2406,0.4798,1.0273,0.2242
925,38.55,1,lifter,0.7846,194,1067,467,1512,-4.1937,0.1893,10.4151,0.4418,0.9468,0.2049
925,38.55,2,lifter,0.6918,219,679,351,923,-7.667,0.3943,18.8892,0.8102,1.7404,0.3602
925,38.55,3,lifter,0.2122,1341,1153,1664,1501,-5.179,0.251,12.8116,0.5447,1.1687,0.2446
925,38.55,4,lifter,0.1407,773,1171,1099,1512,-4.5225,0.2085,11.2226,0.479,1.0255,0.2238
926,38.592,1,lifter,0.7854,194,1067,467,1512,-4.1957,0.1894,10.4199,0.442,0.9473,0.205
926,38.592,2,lifter,0.6882,219,679,351,923,-7.6537,0.3935,18.8565,0.8087,1.7373,0.3595
926,38.592,3,lifter,0.2045,1341,1152,1664,1501,-5.1654,0.2501,12.7783,0.5432,1.1656,0.2439
926,38.592,4,lifter,0.1442,773,1171,1098,1512,-4.5306,0.209,11.2423,0.4799,1.0274,0.2243
927,38.634,1,lifter,0.7846,194,1067,467,1512,-4.1944,0.1894,10.4166,0.4418,0.9469,0.205
927,38.634,2,lifter,0.6906,219,679,351,923,-7.6659,0.3942,18.8863,0.81,1.7401,0.3601
927,38.634,3,lifter,0.2048,1341,1153,1664,1502,-5.1956,0.2519,12.8522,0.5465,1.1725,0.2453
927,38.634,4,lifter,0.1417,773,1171,1099,1512,-4.5223,0.2085,11.2222,0.479,1.0255,0.2238
928,38.675,1,lifter,0.7842,194,1067,467,1512,-4.1941,0.1894,10.4159,0.4418,0.9469,0.205
928,38.675,2,lifter,0.6913,219,679,351,923,-7.6675,0.3943,18.8904,0.8102,1.7405,0.3602
928,38.675,3,lifter,0.1955,1341,1153,1664,1502,-5.1953,0.2519,12.8514,0.5464,1.1724,0.2453
928,38.675,4,lifter,0.1429,773,1171,1099,1512,-4.5222,0.2085,11.2217,0.479,1.0255,0.2238
929,38.717,1,lifter,0.785,194,1067,467,1512,-4.1943,0.1894,10.4165,0.4418,0.9469,0.205
929,38.717,2,lifter,0.6931,219,679,351,923,-7.6686,0.3944,18.893,0.8103,1.7408,0.3602
929,38.717,3,lifter,0.1829,1341,1153,1664,1502,-5.1985,0.2521,12.8592,0.5468,1.1732,0.2455
929,38.717,4,lifter,0.1473,773,1171,1100,1512,-4.5159,0.2081,11.2064,0.4783,1.024,0.2235
930,38.759,1,lifter,0.7854,194,1067,467,1512,-4.1949,0.1894,10.4178,0.4419,0.9471,0.205
930,38.759,2,lifter,0.6944,219,679,351,923,-7.6612,0.394,18.8749,0.8095,1.7391,0.3599
930,38.759,3,lifter,0.1948,1341,1153,1664,1502,-5.1955,0.2519,12.852,0.5465,1.1725,0.2453
930,38.759,4,lifter,0.1546,773,1172,1100,1512,-4.5098,0.2078,11.1913,0.4776,1.0225,0.2231
931,38.801,1,lifter,0.7849,194,1067,467,1512,-4.195,0.1894,10.4181,0.4419,0.9471,0.205
931,38.801,2,lifter,0.6942,219,679,351,923,-7.6614,0.394,18.8755,0.8096,1.7391,0.3599
931,38.801,3,lifter,0.187,1341,1153,1664,1502,-5.1937,0.2518,12.8474,0.5463,1.1721,0.2452
931,38.801,4,lifter,0.1514,773,1171,1100,1512,-4.5158,0.2081,11.2062,0.4782,1.0239,0.2234
932,38.842,1,lifter,0.7845,194,1067,467,1512,-4.1948,0.1894,10.4177,0.4419,0.9471,0.205
932,38.842,2,lifter,0.6945,219,679,351,923,-7.6671,0.3943,18.8894,0.8102,1.7404,0.3602
932,38.842,3,lifter,0.172,1341,1152,1663,1502,-5.1767,0.2508,12.8061,0.5444,1.1682,0.2445
932,38.842,4,lifter,0.1471,773,1171,1100,1512,-4.5138,0.208,11.2012,0.478,1.0235,0.2233
933,38.884,1,lifter,0.784,194,1067,467,1512,-4.1951,0.1894,10.4183,0.4419,0.9471,0.205
933,38.884,2,lifter,0.6981,218,679,351,923,-7.6703,0.3945,18.8973,0.8105,1.7412,0.3603
933,38.884,3,lifter,0.1676,1341,1150,1663,1502,-5.1784,0.2509,12.8101,0.5446,1.1687,0.2446
933,38.884,4,lifter,0.1304,773,1171,1098,1512,-4.5257,0.2087,11.2303,0.4793,1.0262,0.2239
934,38.926,1,lifter,0.7846,194,1067,467,1512,-4.195,0.1894,10.418,0.4419,0.9471,0.205
934,38.926,2,lifter,0.6988,218,679,351,923,-7.6883,0.3955,18.9412,0.8124,1.7453,0.3612
934,38.926,3,lifter,0.1583,1341,1150,1662,1502,-5.1747,0.2507,12.8012,0.5442,1.1678,0.2444
934,38.926,4,lifter,0.1363,773,1171,1097,1512,-4.53,0.209,11.2409,0.4798,1.0272,0.2241
935,38.967,1,lifter,0.7843,194,1067,467,1512,-4.1939,0.1893,10.4154,0.4418,0.9468,0.2049
935,38.967,2,lifter,0.6958,219,679,351,923,-7.697,0.396,18.9623,0.8134,1.7473,0.3616
935,38.967,3,lifter,0.1577,1341,1151,1663,1502,-5.177,0.2509,12.8068,0.5444,1.1683,0.2445
935,38.967,4,lifter,0.1437,773,1171,1095,1512,-4.5421,0.2097,11.2705,0.4811,1.0301,0.2247
936,39.009,1,lifter,0.7855,194,1067,467,1512,-4.1949,0.1894,10.4178,0.4419,0.9471,0.205
936,39.009,2,lifter,0.6922,219,680,351,923,-7.6437,0.393,18.8323,0.8077,1.735,0.359
936,39.009,3,lifter,0.1453,772,1171,1093,1512,-4.5527,0.2103,11.2965,0.4823,1.0326,0.2253
936,39.009,4,lifter,0.1261,1340,1151,1664,1501,-5.1791,0.251,12.812,0.5446,1.1688,0.2446
937,39.051,1,lifter,0.7847,194,1067,467,1512,-4.1952,0.1894,10.4186,0.4419,0.9471,0.205
937,39.051,2,lifter,0.6911,219,680,351,923,-7.6429,0.3929,18.8301,0.8076,1.7348,0.359
937,39.051,3,lifter,0.1448,1341,1152,1663,1502,-5.1868,0.2515,12.8306,0.5455,1.1705,0.2449
937,39.051,4,lifter,0.1406,773,1171,1092,1512,-4.5526,0.2103,11.2962,0.4822,1.0326,0.2253
938,39.092,1,lifter,0.7866,194,1067,467,1512,-4.1977,0.1896,10.4248,0.4422,0.9477,0.2051
938,39.092,2,lifter,0.6903,218,680,351,923,-7.6369,0.3926,18.8157,0.807,1.7335,0.3587
938,39.092,3,lifter,0.1455,1341,1152,1663,1502,-5.184,0.2513,12.8239,0.5452,1.1699,0.2448
938,39.092,4,lifter,0.1424,773,1171,1093,1512,-4.5539,0.2104,11.2993,0.4824,1.0329,0.2253
939,39.134,1,lifter,0.7885,194,1067,467,1512,-4.1958,0.1895,10.4201,0.442,0.9473,0.205
939,39.134,2,lifter,0.6888,219,680,351,923,-7.6331,0.3923,18.8062,0.8065,1.7326,0.3585
939,39.134,3,lifter,0.1474,1341,1153,1664,1502,-5.2086,0.2528,12.8841,0.5479,1.1755,0.2459
939,39.134,4,lifter,0.1439,773,1171,1095,1512,-4.5567,0.2106,11.3061,0.4827,1.0335,0.2255
940,39.176,1,lifter,0.7896,194,1067,467,1512,-4.1959,0.1895,10.4203,0.442,0.9473,0.205
940,39.176,2,lifter,0.6868,220,680,351,923,-7.6426,0.3929,18.8294,0.8075,1.7348,0.359
940,39.176,3,lifter,0.1609,1341,1152,1663,1502,-5.1899,0.2517,12.8382,0.5458,1.1712,0.2451
940,39.176,4,lifter,0.1458,774,1171,1093,1512,-4.5658,0.2111,11.3285,0.4837,1.0356,0.226
941,39.217,1,lifter,0.7894,194,1067,467,1512,-4.2003,0.1897,10.4312,0.4425,0.9483,0.2053
941,39.217,2,lifter,0.6816,220,680,351,923,-7.6497,0.3933,18.8468,0.8083,1.7364,0.3593
941,39.217,3,lifter,0.169,1341,1151,1662,1502,-5.1777,0.251,12.8085,0.5445,1.1684,0.2445
941,39.217,4,lifter,0.1348,774,1172,1089,1512,-4.5856,0.2123,11.3769,0.4859,1.0403,0.227
942,39.259,1,lifter,0.7872,194,1067,467,1512,-4.2113,0.1904,10.4579,0.4437,0.9509,0.2058
942,39.259,2,lifter,0.6591,220,680,351,922,-7.6609,0.3939,18.8743,0.8095,1.739,0.3599
942,39.259,3,lifter,0.1494,1340,1151,1662,1503,-5.198,0.2522,12.8581,0.5467,1.1731,0.2455
942,39.259,4,lifter,0.1397,774,1172,1090,1512,-4.5788,0.2119,11.3603,0.4851,1.0387,0.2266
943,39.301,1,lifter,0.7874,194,1067,466,1512,-4.2294,0.1914,10.5022,0.4457,0.9552,0.2068
943,39.301,2,lifter,0.6617,220,680,351,922,-7.6746,0.3947,18.9078,0.8109,1.7421,0.3605
943,39.301,3,lifter,0.1462,1340,1152,1662,1503,-5.2111,0.2529,12.8902,0.5481,1.1761,0.2461
943,39.301,4,lifter,0.1371,774,1172,1087,1512,-4.6098,0.2137,11.436,0.4886,1.046,0.2283
944,39.342,1,lifter,0.7842,194,1068,466,1512,-4.2448,0.1923,10.5398,0.4474,0.9588,0.2077
944,39.342,2,lifter,0.6624,220,680,351,922,-7.6789,0.395,18.9181,0.8114,1.7431,0.3607
944,39.342,3,lifter,0.1469,1340,1153,1662,1503,-5.214,0.2531,12.8971,0.5484,1.1768,0.2462
944,39.342,4,lifter,0.1297,774,1172,1077,1512,-4.6232,0.2144,11.4687,0.4902,1.0494,0.2292
945,39.384,1,lifter,0.7825,194,1068,466,1512,-4.2562,0.193,10.5677,0.4486,0.9615,0.2082
945,39.384,2,lifter,0.6621,219,680,350,922,-7.7359,0.3982,19.0573,0.8175,1.7562,0.3634
945,39.384,3,lifter,0.1473,1340,1153,1662,1503,-5.2156,0.2532,12.9012,0.5486,1.1771,0.2463
945,39.384,4,lifter,0.1384,775,1172,1076,1512,-4.6194,0.2142,11.4596,0.4898,1.0485,0.229
946,39.426,1,lifter,0.7803,194,1068,466,1512,-4.274,0.1941,10.6112,0.4506,0.9657,0.2091
946,39.426,2,lifter,0.6675,218,680,350,922,-7.7407,0.3985,19.0691,0.818,1.7573,0.3637
946,39.426,3,lifter,0.1498,1340,1153,1662,1503,-5.2225,0.2536,12.9179,0.5493,1.1787,0.2466
946,39.426,4,lifter,0.1317,776,1172,1072,1512,-4.6091,0.2136,11.4342,0.4887,1.0461,0.2285
947,39.467,1,lifter,0.778,194,1068,466,1512,-4.2804,0.1944,10.6271,0.4513,0.9672,0.2095
947,39.467,2,lifter,0.6739,219,680,350,922,-7.7617,0.3997,19.1204,0.8202,1.7621,0.3647
947,39.467,3,lifter,0.1548,1340,1153,1662,1503,-5.2291,0.254,12.9341,0.5501,1.1803,0.2469
947,39.467,4,lifter,0.1305,775,1172,1074,1512,-4.6182,0.2141,11.4565,0.4896,1.0482,0.2289
948,39.509,1,lifter,0.7794,195,1068,466,1512,-4.2907,0.195,10.6521,0.4524,0.9696,0.21
948,39.509,2,lifter,0.6733,219,680,351,922,-7.709,0.3967,18.9916,0.8146,1.75,0.3622
948,39.509,3,lifter,0.1543,1340,1153,1662,1504,-5.2733,0.2566,13.0421,0.5549,1.1904,0.249
948,39.509,4,lifter,0.1337,774,1173,1072,1512,-4.6104,0.2137,11.4373,0.4888,1.0464,0.2285
949,39.551,1,lifter,0.7779,194,1068,466,1512,-4.3019,0.1957,10.6797,0.4537,0.9723,0.2106
949,39.551,2,lifter,0.6773,219,680,351,922,-7.7113,0.3968,18.9974,0.8149,1.7505,0.3623
949,39.551,3,lifter,0.1479,1340,1152,1662,1504,-5.2605,0.2558,13.011,0.5535,1.1875,0.2484
949,39.551,4,lifter,0.1358,774,1173,1066,1512,-4.6009,0.2131,11.4142,0.4878,1.0443,0.2281
950,39.592,1,lifter,0.7779,194,1068,466,1512,-4.344,0.1982,10.7826,0.4583,0.9822,0.2129
950,39.592,2,lifter,0.6741,219,680,351,922,-7.7101,0.3968,18.9945,0.8147,1.7503,0.3622
950,39.592,3,lifter,0.1469,1340,1152,1662,1505,-5.3105,0.2588,13.1332,0.559,1.199,0.2508
950,39.592,4,lifter,0.1335,774,1173,1059,1512,-4.5867,0.2122,11.3797,0.4865,1.0412,0.2276
951,39.634,1,lifter,0.7789,194,1068,466,1512,-4.3646,0.1994,10.8329,0.4605,0.9871,0.214
951,39.634,2,lifter,0.6763,218,680,351,922,-7.7181,0.3972,19.0139,0.8156,1.7521,0.3626
951,39.634,3,lifter,0.1436,1340,1152,1662,1504,-5.2648,0.2561,13.0215,0.554,1.1885,0.2486
951,39.634,4,lifter,0.1312,773,1173,1059,1512,-4.585,0.2121,11.3757,0.4863,1.0408,0.2274
952,39.676,1,lifter,0.781,195,1068,465,1512,-4.3838,0.2005,10.8799,0.4627,0.9916,0.215
952,39.676,2,lifter,0.6706,219,680,351,922,-7.7151,0.3971,19.0066,0.8153,1.7514,0.3625
952,39.676,3,lifter,0.1449,1340,1152,1662,1505,-5.315,0.2591,13.1441,0.5595,1.2001,0.251
952,39.676,4,lifter,0.1131,773,1173,1063,1512,-4.5995,0.213,11.4109,0.4877,1.044,0.2281
953,39.717,1,lifter,0.784,195,1068,465,1512,-4.3998,0.2015,10.9191,0.4644,0.9954,0.2158
953,39.717,2,lifter,0.671,218,680,351,922,-7.723,0.3975,19.0259,0.8161,1.7533,0.3628
953,39.717,3,lifter,0.1471,1340,1152,1663,1505,-5.3263,0.2597,13.1718,0.5607,1.2027,0.2516
953,39.717,4,lifter,0.1062,771,1170,1069,1512,-4.6306,0.2149,11.4868,0.491,1.0512,0.2295
954,39.759,1,lifter,0.7791,194,1068,465,1512,-4.4122,0.2022,10.9493,0.4658,0.9983,0.2165
954,39.759,2,lifter,0.6692,218,680,351,922,-7.7224,0.3975,19.0245,0.816,1.7531,0.3628
954,39.759,3,lifter,0.1446,1340,1152,1662,1504,-5.266,0.2562,13.0243,0.5541,1.1888,0.2488
954,39.759,4,lifter,0.1095,771,1169,1070,1512,-4.638,0.2153,11.5049,0.4919,1.0529,0.2299
955,39.801,1,lifter,0.7783,195,1068,465,1512,-4.4233,0.2028,10.9765,0.467,1.0009,0.2171
955,39.801,2,lifter,0.6656,219,680,350,922,-7.7845,0.401,19.1762,0.8226,1.7674,0.3658
955,39.801,3,lifter,0.1452,1340,1151,1662,1505,-5.304,0.2584,13.1173,0.5582,1.1976,0.2506
956,39.842,1,lifter,0.7765,195,1068,465,1512,-4.4173,0.2025,10.9619,0.4663,0.9995,0.2167
956,39.842,2,lifter,0.6696,218,680,350,922,-7.7894,0.4013,19.188,0.8232,1.7685,0.366
956,39.842,3,lifter,0.1421,1340,1151,1663,1505,-5.3085,0.2587,13.1283,0.5587,1.1986,0.2508
957,39.884,1,lifter,0.7722,195,1068,465,1512,-4.4178,0.2025,10.9629,0.4664,0.9996,0.2168
957,39.884,2,lifter,0.6695,218,680,350,922,-7.7913,0.4015,19.1927,0.8234,1.769,0.3661
957,39.884,3,lifter,0.1398,1340,1151,1663,1505,-5.3108,0.2588,13.134,0.5589,1.1992,0.251
958,39.926,1,lifter,0.7736,195,1068,465,1512,-4.4178,0.2025,10.9629,0.4664,0.9996,0.2168
958,39.926,2,lifter,0.6726,218,680,350,922,-7.7913,0.4015,19.1926,0.8234,1.7689,0.3661
958,39.926,3,lifter,0.1408,1340,1151,1663,1504,-5.2648,0.2561,13.0215,0.5539,1.1887,0.2488
959,39.967,1,lifter,0.7724,195,1067,466,1512,-4.4248,0.2029,10.9802,0.4671,1.0013,0.2171
959,39.967,2,lifter,0.6789,217,680,349,922,-7.864,0.4057,19.3702,0.8312,1.7858,0.3696
959,39.967,3,lifter,0.1421,1340,1151,1663,1505,-5.3236,0.2596,13.1651,0.5603,1.2022,0.2516
960,40.009,1,lifter,0.7742,195,1067,466,1512,-4.4061,0.2019,10.9343,0.4651,0.9968,0.2161
960,40.009,2,lifter,0.6731,217,680,350,922,-7.8132,0.4027,19.2461,0.8257,1.7741,0.3672
960,40.009,3,lifter,0.1532,1340,1151,1663,1505,-5.3325,0.2601,13.1868,0.5613,1.2043,0.2521
961,40.051,1,lifter,0.7785,195,1067,465,1512,-4.3936,0.2011,10.904,0.4637,0.9939,0.2155
961,40.051,2,lifter,0.6761,218,680,350,922,-7.8029,0.4021,19.2209,0.8246,1.7716,0.3667
961,40.051,3,lifter,0.1548,1340,1152,1663,1505,-5.3454,0.2609,13.2184,0.5627,1.2073,0.2527
962,40.092,1,lifter,0.7748,195,1067,466,1512,-4.382,0.2004,10.8754,0.4624,0.9912,0.2148
962,40.092,2,lifter,0.678,217,680,350,922,-7.8143,0.4028,19.2488,0.8259,1.7743,0.3672
962,40.092,3,lifter,0.1467,1340,1152,1663,1505,-5.3439,0.2608,13.2148,0.5625,1.2069,0.2526
963,40.134,1,lifter,0.7772,195,1067,465,1512,-4.3784,0.2002,10.8667,0.462,0.9903,0.2147
963,40.134,2,lifter,0.6793,217,680,350,922,-7.8143,0.4028,19.2489,0.8259,1.7743,0.3672
963,40.134,3,lifter,0.1447,1340,1152,1663,1505,-5.3322,0.2601,13.1861,0.5612,1.2042,0.252
964,40.176,1,lifter,0.7676,195,1067,465,1512,-4.365,0.1994,10.8339,0.4605,0.9871,0.2139
964,40.176,2,lifter,0.6666,216,680,350,922,-7.8568,0.4053,19.3526,0.8304,1.7842,0.3693
964,40.176,3,lifter,0.1384,1340,1152,1663,1505,-5.3275,0.2598,13.1745,0.5607,1.2031,0.2518
965,40.217,1,lifter,0.7638,195,1067,465,1512,-4.368,0.1996,10.8412,0.4609,0.9878,0.2141
965,40.217,2,lifter,0.6666,216,680,350,922,-7.857,0.4053,19.3531,0.8304,1.7842,0.3693
965,40.217,3,lifter,0.14,1340,1152,1664,1505,-5.3394,0.2606,13.2039,0.562,1.2059,0.2524
966,40.259,1,lifter,0.7622,195,1067,465,1512,-4.3571,0.199,10.8145,0.4597,0.9852,0.2135
966,40.259,2,lifter,0.6689,215,680,350,922,-7.898,0.4077,19.4532,0.8349,1.7938,0.3713
966,40.259,3,lifter,0.1401,1340,1152,1664,1505,-5.3336,0.2602,13.1895,0.5614,1.2045,0.2521
967,40.301,1,lifter,0.7659,195,1067,465,1512,-4.3514,0.1986,10.8005,0.459,0.9839,0.2132
967,40.301,2,lifter,0.6715,215,680,350,922,-7.8979,0.4077,19.453,0.8349,1.7937,0.3713
967,40.301,3,lifter,0.142,1339,1152,1663,1505,-5.3204,0.2594,13.1572,0.5599,1.2015,0.2515
968,40.343,1,lifter,0.7734,195,1067,466,1512,-4.1844,0.1889,10.3917,0.4404,0.9441,0.2039
968,40.343,2,lifter,0.6717,220,683,350,923,-7.9745,0.4118,19.6398,0.8427,1.811,0.3748
968,40.343,3,lifter,0.1454,1338,1150,1664,1505,-5.3466,0.261,13.2216,0.5629,1.2074,0.2526
969,40.384,1,lifter,0.7747,196,1067,466,1512,-4.1875,0.1891,10.3992,0.4408,0.9448,0.204
969,40.384,2,lifter,0.6725,220,683,350,923,-7.9748,0.4118,19.6405,0.8427,1.811,0.3748
969,40.384,3,lifter,0.1435,1338,1150,1665,1504,-5.3079,0.2587,13.1271,0.5586,1.1985,0.2508
970,40.426,1,lifter,0.7803,196,1067,465,1512,-4.1857,0.189,10.3948,0.4406,0.9444,0.2039
970,40.426,2,lifter,0.6734,220,684,350,923,-7.931,0.4094,19.5336,0.8382,1.801,0.3727
970,40.426,3,lifter,0.141,1338,1150,1664,1504,-5.2914,0.2577,13.0867,0.5568,1.1947,0.25
971,40.468,1,lifter,0.7756,196,1067,465,1512,-4.1796,0.1886,10.3799,0.4399,0.943,0.2036
971,40.468,2,lifter,0.6758,220,683,350,923,-7.9517,0.4105,19.5842,0.8403,1.8058,0.3737
971,40.468,3,lifter,0.1462,1338,1150,1664,1505,-5.3378,0.2605,13.2001,0.5619,1.2053,0.2522
972,40.509,1,lifter,0.7787,196,1067,466,1512,-4.1637,0.1877,10.3409,0.4381,0.9392,0.2027
972,40.509,2,lifter,0.6699,221,683,350,923,-7.9651,0.4113,19.617,0.8418,1.8089,0.3744
972,40.509,3,lifter,0.1493,1338,1150,1664,1505,-5.3444,0.2609,13.2164,0.5626,1.2069,0.2525
973,40.551,1,lifter,0.7804,196,1067,466,1512,-4.1572,0.1873,10.325,0.4374,0.9376,0.2024
973,40.551,2,lifter,0.6723,220,684,350,923,-7.9288,0.4093,19.5284,0.8379,1.8005,0.3726
973,40.551,3,lifter,0.1482,1339,1150,1664,1504,-5.2991,0.2582,13.1055,0.5577,1.1964,0.2503
974,40.593,1,lifter,0.7767,196,1067,466,1512,-4.1575,0.1873,10.3255,0.4375,0.9377,0.2024
974,40.593,2,lifter,0.6756,220,683,350,923,-7.9491,0.4104,19.5779,0.84,1.8052,0.3736
974,40.593,3,lifter,0.1508,1340,1151,1665,1504,-5.3173,0.2592,13.15,0.5597,1.2006,0.2512
975,40.634,1,lifter,0.7735,196,1067,466,1512,-4.1553,0.1872,10.3203,0.4372,0.9372,0.2023
975,40.634,2,lifter,0.6844,219,683,350,923,-7.9516,0.4105,19.5839,0.8403,1.8057,0.3737
975,40.634,3,lifter,0.1544,1339,1150,1665,1505,-5.3541,0.2614,13.2401,0.5637,1.2091,0.2529
976,40.676,1,lifter,0.775,195,1067,465,1512,-4.1472,0.1867,10.3003,0.4363,0.9352,0.2018
976,40.676,2,lifter,0.6845,218,683,350,923,-7.9408,0.4099,19.5574,0.8392,1.8032,0.3731
976,40.676,3,lifter,0.1499,1340,1150,1665,1505,-5.3548,0.2615,13.2418,0.5638,1.2092,0.2529
977,40.718,1,lifter,0.7737,195,1067,465,1512,-4.1427,0.1865,10.2895,0.4358,0.9342,0.2016
977,40.718,2,lifter,0.6846,218,683,350,923,-7.9579,0.4108,19.5991,0.841,1.8072,0.374
977,40.718,3,lifter,0.1508,1340,1150,1665,1504,-5.3147,0.2591,13.1437,0.5594,1.2,0.251
978,40.759,1,lifter,0.7721,195,1067,465,1512,-4.1437,0.1865,10.2918,0.4359,0.9344,0.2017
978,40.759,2,lifter,0.6829,218,683,350,923,-7.9707,0.4116,19.6304,0.8423,1.8101,0.3746
978,40.759,3,lifter,0.1524,1340,1150,1665,1504,-5.3153,0.2591,13.1451,0.5595,1.2001,0.2511
979,40.801,1,lifter,0.7779,195,1067,465,1512,-4.1464,0.1867,10.2986,0.4362,0.9351,0.2018
979,40.801,2,lifter,0.6823,218,683,350,923,-7.9716,0.4116,19.6326,0.8424,1.8103,0.3746
979,40.801,3,lifter,0.1558,1339,1150,1665,1504,-5.3168,0.2592,13.1489,0.5596,1.2005,0.2512
980,40.843,1,lifter,0.7844,195,1067,465,1512,-4.1428,0.1865,10.2898,0.4359,0.9342,0.2016
980,40.843,2,lifter,0.6748,220,683,350,923,-7.946,0.4102,19.5703,0.8397,1.8044,0.3734
980,40.843,3,lifter,0.158,1339,1151,1665,1505,-5.375,0.2627,13.291,0.566,1.2139,0.2539
981,40.884,1,lifter,0.7795,195,1067,466,1512,-4.1395,0.1863,10.2816,0.4355,0.9334,0.2014
981,40.884,2,lifter,0.6749,220,683,350,923,-7.9765,0.4119,19.6447,0.8429,1.8114,0.3748
981,40.884,3,lifter,0.1601,1339,1150,1665,1504,-5.3177,0.2593,13.1511,0.5597,1.2007,0.2512
982,40.926,1,lifter,0.7878,195,1067,467,1512,-4.1355,0.186,10.2719,0.435,0.9325,0.2012
982,40.926,2,lifter,0.6838,218,683,350,923,-7.9713,0.4116,19.6319,0.8424,1.8102,0.3746
982,40.926,3,lifter,0.1572,1339,1150,1665,1505,-5.3616,0.2619,13.2582,0.5645,1.2108,0.2533
983,40.968,1,lifter,0.7931,195,1067,467,1512,-4.1375,0.1862,10.2768,0.4353,0.933,0.2013
983,40.968,2,lifter,0.6814,220,683,350,923,-7.9797,0.4121,19.6526,0.8432,1.8122,0.375
983,40.968,3,lifter,0.1571,1339,1150,1664,1505,-5.3624,0.2619,13.2603,0.5646,1.211,0.2533
984,41.009,1,lifter,0.7969,195,1067,468,1512,-4.1383,0.1862,10.2789,0.4354,0.9332,0.2014
984,41.009,2,lifter,0.6846,220,683,350,923,-7.9601,0.4109,19.6047,0.8411,1.8076,0.3741
984,41.009,3,lifter,0.156,1339,1150,1664,1505,-5.3616,0.2619,13.2583,0.5645,1.2108,0.2533
985,41.051,1,lifter,0.7885,195,1067,469,1512,-4.1274,0.1856,10.252,0.4341,0.9305,0.2007
985,41.051,2,lifter,0.6855,220,683,350,923,-7.9744,0.4118,19.6396,0.8427,1.811,0.3748
985,41.051,3,lifter,0.1595,1339,1150,1664,1504,-5.3297,0.26,13.1804,0.5611,1.2035,0.2518
986,41.093,1,lifter,0.7885,195,1067,470,1512,-4.1186,0.1851,10.2305,0.4332,0.9285,0.2003
986,41.093,2,lifter,0.6689,220,683,350,923,-8.0017,0.4133,19.7064,0.8456,1.8172,0.376
986,41.093,3,lifter,0.1551,1339,1150,1664,1504,-5.3067,0.2586,13.1242,0.5585,1.1982,0.2507
987,41.134,1,lifter,0.7951,196,1068,469,1512,-4.1283,0.1856,10.2543,0.4343,0.9308,0.2008
987,41.134,2,lifter,0.6677,220,683,350,923,-8.0279,0.4148,19.7702,0.8483,1.8232,0.3773
987,41.134,3,lifter,0.1491,1339,1150,1663,1504,-5.2997,0.2582,13.107,0.5578,1.1965,0.2504
988,41.176,1,lifter,0.7981,196,1068,469,1512,-4.1471,0.1867,10.3003,0.4363,0.9352,0.2019
988,41.176,2,lifter,0.6791,217,683,350,923,-8.0383,0.4154,19.7955,0.8494,1.8256,0.3778
988,41.176,3,lifter,0.1502,1339,1150,1664,1504,-5.2976,0.2581,13.1019,0.5576,1.1961,0.2503
989,41.218,1,lifter,0.7832,195,1067,470,1512,-4.1543,0.1872,10.318,0.4371,0.9369,0.2022
989,41.218,2,lifter,0.6734,218,683,350,923,-8.0401,0.4155,19.7998,0.8496,1.826,0.3778
989,41.218,3,lifter,0.1618,1340,1150,1664,1503,-5.2915,0.2577,13.087,0.5569,1.1946,0.2499
990,41.259,1,lifter,0.7754,194,1067,470,1512,-4.1714,0.1882,10.3598,0.439,0.941,0.2031
990,41.259,2,lifter,0.6598,219,683,350,923,-8.0213,0.4144,19.7542,0.8476,1.8218,0.3769
990,41.259,3,lifter,0.1642,1340,1150,1664,1503,-5.2916,0.2577,13.0873,0.5569,1.1946,0.2499
991,41.301,1,lifter,0.7867,195,1067,470,1512,-4.1823,0.1888,10.3865,0.4402,0.9435,0.2036
991,41.301,2,lifter,0.668,218,684,350,923,-8.0024,0.4134,19.7078,0.8457,1.8175,0.3761
991,41.301,3,lifter,0.157,1340,1150,1664,1504,-5.3096,0.2588,13.1313,0.5589,1.1988,0.2508
992,41.343,1,lifter,0.7817,194,1067,470,1512,-4.1991,0.1898,10.4275,0.442,0.9475,0.2046
992,41.343,2,lifter,0.6935,217,683,350,923,-8.0507,0.4161,19.8257,0.8507,1.8285,0.3783
992,41.343,3,lifter,0.157,1339,1151,1664,1503,-5.2732,0.2566,13.0422,0.5549,1.1904,0.2491
993,41.384,1,lifter,0.7783,195,1067,469,1512,-4.2066,0.1902,10.4459,0.4429,0.9493,0.205
993,41.384,2,lifter,0.7005,217,684,350,924,-8.0143,0.4141,19.7368,0.847,1.8202,0.3766
993,41.384,3,lifter,0.148,1340,1150,1664,1503,-5.2891,0.2576,13.0811,0.5566,1.194,0.2498
994,41.426,1,lifter,0.7743,195,1067,470,1512,-4.2085,0.1903,10.4505,0.4431,0.9497,0.2051
994,41.426,2,lifter,0.6994,216,684,350,924,-8.0196,0.4144,19.7498,0.8476,1.8215,0.3769
994,41.426,3,lifter,0.154,1339,1150,1663,1503,-5.2727,0.2566,13.0409,0.5548,1.1903,0.2491
995,41.468,1,lifter,0.7753,195,1067,470,1512,-4.2156,0.1908,10.468,0.4438,0.9514,0.2054
995,41.468,2,lifter,0.6983,216,684,350,924,-8.0281,0.4149,19.7704,0.8485,1.8234,0.3773
995,41.468,3,lifter,0.148,1339,1150,1663,1504,-5.2949,0.2579,13.0953,0.5573,1.1955,0.2501
996,41.509,1,lifter,0.7807,195,1067,470,1512,-4.2353,0.1919,10.5163,0.446,0.9561,0.2065
996,41.509,2,lifter,0.7049,214,684,349,924,-8.1478,0.4218,20.0628,0.8612,1.8511,0.3831
996,41.509,3,lifter,0.1529,1339,1150,1663,1503,-5.2534,0.2555,12.9939,0.5527,1.186,0.2482
997,41.551,1,lifter,0.7766,195,1067,470,1512,-4.2545,0.193,10.5633,0.4481,0.9606,0.2075
997,41.551,2,lifter,0.6988,216,684,350,924,-8.0371,0.4154,19.7925,0.8494,1.8255,0.3777
997,41.551,3,lifter,0.1558,1340,1150,1663,1503,-5.15,0.2492,12.7412,0.5414,1.1621,0.2433
998,41.593,1,lifter,0.7765,195,1067,469,1512,-4.275,0.1942,10.6133,0.4504,0.9655,0.2086
998,41.593,2,lifter,0.7023,217,684,350,924,-8.0219,0.4145,19.7553,0.8478,1.8219,0.377
998,41.593,3,lifter,0.1654,1340,1150,1664,1503,-5.0007,0.24,12.3766,0.5252,1.1276,0.2366
999,41.634,1,lifter,0.7727,195,1067,470,1512,-4.287,0.195,10.6427,0.4517,0.9683,0.2092
999,41.634,2,lifter,0.7011,217,684,350,924,-8.0221,0.4145,19.7558,0.8478,1.822,0.377
999,41.634,3,lifter,0.1607,1340,1150,1664,1503,-4.8522,0.2308,12.0138,0.5092,1.0932,0.2298
1000,41.676,1,lifter,0.7724,195,1067,469,1512,-4.3127,0.1964,10.7056,0.4545,0.9744,0.2106
1000,41.676,2,lifter,0.7021,217,684,350,924,-8.0166,0.4142,19.7425,0.8472,1.8207,0.3767
1000,41.676,3,lifter,0.1684,1340,1151,1663,1503,-4.6957,0.2211,11.6328,0.4926,1.0573,0.2229
1001,41.718,1,lifter,0.7775,195,1067,468,1512,-4.3281,0.1973,10.7432,0.4562,0.978,0.2115
1001,41.718,2,lifter,0.7038,215,684,350,924,-8.0602,0.4168,19.8489,0.8519,1.8309,0.3789
1001,41.718,3,lifter,0.1572,1340,1151,1663,1500,-4.3955,0.2024,10.902,0.461,0.989,0.2099
1002,41.76,1,lifter,0.7694,195,1067,466,1512,-4.3347,0.1977,10.7594,0.4569,0.9796,0.2118
1002,41.76,2,lifter,0.6966,217,684,350,924,-8.0154,0.4142,19.7396,0.8471,1.8205,0.3767
1002,41.76,3,lifter,0.1514,1340,1151,1663,1497,-4.2073,0.1906,10.4452,0.4418,0.9473,0.2028
1003,41.801,1,lifter,0.769,195,1067,468,1512,-4.3104,0.1963,10.6998,0.4543,0.9738,0.2105
1003,41.801,2,lifter,0.6935,217,684,350,924,-8.0154,0.4142,19.7396,0.8471,1.8205,0.3767
1003,41.801,3,lifter,0.1571,1341,1151,1662,1495,-4.1491,0.1871,10.3038,0.4359,0.9343,0.2005
1004,41.843,1,lifter,0.7693,195,1067,465,1512,-4.3013,0.1957,10.6775,0.4533,0.9716,0.21
1004,41.843,2,lifter,0.6945,216,684,350,924,-8.0316,0.4151,19.7791,0.8488,1.8242,0.3775
1004,41.843,3,lifter,0.1585,1341,1152,1664,1496,-4.2236,0.1916,10.4861,0.444,0.9515,0.2043
1005,41.885,1,lifter,0.7636,195,1067,465,1512,-4.2992,0.1956,10.6724,0.453,0.9712,0.2099
1005,41.885,2,lifter,0.6957,217,684,350,924,-8.0158,0.4142,19.7406,0.8472,1.8206,0.3767
1005,41.885,3,lifter,0.1683,1341,1152,1664,1496,-4.3765,0.2009,10.8593,0.4603,0.9867,0.2114
1006,41.926,1,lifter,0.7699,196,1066,465,1512,-4.3017,0.1958,10.6785,0.4533,0.9717,0.2101
1006,41.926,2,lifter,0.6953,217,684,350,924,-8.0158,0.4142,19.7404,0.8471,1.8205,0.3767
1006,41.926,3,lifter,0.1375,1341,1152,1665,1488,-4.6089,0.2149,11.426,0.485,1.04,0.2221
1007,41.968,1,lifter,0.769,196,1066,465,1512,-4.2984,0.1956,10.6705,0.4529,0.971,0.2099
1007,41.968,2,lifter,0.6962,217,684,350,924,-8.0158,0.4142,19.7404,0.8471,1.8205,0.3767
1007,41.968,3,lifter,0.1352,1341,1151,1665,1489,-4.6262,0.2162,11.4665,0.4863,1.043,0.2218
1008,42.01,1,lifter,0.7674,196,1067,465,1512,-4.3019,0.1958,10.6791,0.4533,0.9718,0.21
1008,42.01,2,lifter,0.6975,217,684,350,924,-8.0113,0.4139,19.7296,0.8467,1.8195,0.3765
1008,42.01,3,lifter,0.1483,1341,1151,1665,1498,-4.5897,0.2143,11.3752,0.4816,1.0334,0.2188
1009,42.051,1,lifter,0.7646,196,1067,465,1512,-4.287,0.1949,10.6425,0.4516,0.9682,0.2092
1009,42.051,2,lifter,0.7005,217,684,349,923,-8.0781,0.4177,19.8927,0.8537,1.8348,0.3796
1009,42.051,3,lifter,0.1534,1340,1151,1665,1499,-4.6047,0.2153,11.4115,0.4832,1.0367,0.2193
1010,42.093,1,lifter,0.7634,196,1067,465,1512,-4.2995,0.1957,10.6733,0.453,0.9712,0.2099
1010,42.093,2,lifter,0.7011,217,684,349,923,-8.0843,0.418,19.9077,0.8543,1.8362,0.3799
1010,42.093,3,lifter,0.1517,1340,1151,1665,1498,-4.6273,0.2167,11.4667,0.4856,1.0419,0.2203
1011,42.135,1,lifter,0.7667,196,1067,465,1512,-4.2825,0.1947,10.6316,0.4512,0.9672,0.209
1011,42.135,2,lifter,0.7001,217,684,350,923,-8.0422,0.4156,19.805,0.8499,1.8266,0.3779
1011,42.135,3,lifter,0.1475,1341,1151,1665,1498,-4.6401,0.2176,11.4976,0.4868,1.0447,0.2207
1012,42.176,1,lifter,0.77,196,1067,465,1512,-4.2769,0.1943,10.618,0.4506,0.9659,0.2087
1012,42.176,2,lifter,0.704,215,684,349,923,-8.1384,0.4212,20.0399,0.8601,1.8488,0.3826
1012,42.176,3,lifter,0.1455,1341,1151,1665,1498,-4.7245,0.2228,11.7031,0.4958,1.064,0.2243
1013,42.218,1,lifter,0.7713,196,1067,465,1512,-4.2942,0.1954,10.6601,0.4524,0.9699,0.2096
1013,42.218,2,lifter,0.7059,216,684,349,923,-8.1175,0.4199,19.9887,0.8579,1.8439,0.3815
1013,42.218,3,lifter,0.143,1341,1151,1665,1498,-4.8228,0.2289,11.9424,0.5062,1.0865,0.2287
1014,42.26,1,lifter,0.7685,196,1067,465,1512,-4.2871,0.1949,10.643,0.4517,0.9683,0.2092
1014,42.26,2,lifter,0.7078,216,684,349,923,-8.1282,0.4205,20.0148,0.859,1.8464,0.3821
1014,42.26,3,lifter,0.1479,1341,1151,1665,1497,-4.8877,0.2329,12.1006,0.5131,1.1015,0.2316
1015,42.301,1,lifter,0.7733,196,1067,465,1512,-4.2861,0.1949,10.6403,0.4516,0.968,0.2092
1015,42.301,2,lifter,0.7085,215,684,349,923,-8.149,0.4218,20.0657,0.8613,1.8512,0.3831
1015,42.301,3,lifter,0.1597,1341,1151,1665,1499,-4.9565,0.2372,12.2686,0.5206,1.1173,0.2346
1016,42.343,1,lifter,0.7715,195,1067,465,1512,-4.2718,0.194,10.6053,0.45,0.9646,0.2084
1016,42.343,2,lifter,0.7083,216,684,350,923,-8.0619,0.4168,19.8531,0.852,1.8311,0.3789
1016,42.343,3,lifter,0.1579,1341,1151,1665,1501,-4.9985,0.2399,12.3709,0.5251,1.127,0.2363
1017,42.385,1,lifter,0.7758,196,1067,466,1512,-4.2658,0.1937,10.5908,0.4493,0.9632,0.2081
1017,42.385,2,lifter,0.707,215,684,350,923,-8.0904,0.4185,19.9227,0.8551,1.8377,0.3803
1017,42.385,3,lifter,0.1628,1341,1151,1665,1501,-5.0332,0.2421,12.4557,0.5289,1.135,0.2378
1018,42.426,1,lifter,0.7753,195,1067,466,1512,-4.2508,0.1928,10.5539,0.4477,0.9597,0.2073
1018,42.426,2,lifter,0.7074,216,684,350,924,-8.0516,0.4162,19.8279,0.8509,1.8288,0.3784
1018,42.426,3,lifter,0.1695,1341,1151,1664,1503,-5.0889,0.2456,12.5918,0.5349,1.1478,0.2402
1019,42.468,1,lifter,0.7689,195,1067,466,1512,-4.2323,0.1917,10.5087,0.4456,0.9553,0.2063
1019,42.468,2,lifter,0.7012,218,684,350,924,-8.0333,0.4151,19.7833,0.849,1.8246,0.3775
1019,42.468,3,lifter,0.1714,1341,1151,1665,1502,-5.0993,0.2462,12.6171,0.5361,1.1502,0.2407
1019,42.468,4,lifter,0.1079,771,1172,1044,1512,-4.1708,0.1877,10.3636,0.4408,0.9434,0.2057
1020,42.51,1,lifter,0.7704,195,1067,466,1512,-4.2149,0.1907,10.4661,0.4437,0.9512,0.2054
1020,42.51,2,lifter,0.706,217,684,350,923,-8.054,0.4163,19.8337,0.8511,1.8293,0.3785
1020,42.51,3,lifter,0.1654,1340,1151,1665,1502,-5.1174,0.2473,12.6615,0.5381,1.1544,0.2415
1020,42.51,4,lifter,0.1004,771,1172,1046,1512,-4.182,0.1884,10.3909,0.4421,0.946,0.2063
1021,42.551,1,lifter,0.7637,195,1067,466,1512,-4.2103,0.1904,10.4546,0.4432,0.9501,0.2051
1021,42.551,2,lifter,0.7053,218,684,350,924,-8.0232,0.4146,19.7586,0.8479,1.8222,0.377
1021,42.551,3,lifter,0.1608,1340,1151,1665,1503,-5.1568,0.2496,12.7577,0.5423,1.1635,0.2434
1022,42.593,1,lifter,0.7671,194,1067,467,1512,-4.1952,0.1895,10.4177,0.4415,0.9465,0.2043
1022,42.593,2,lifter,0.7049,218,684,350,924,-8.0262,0.4147,19.7659,0.8482,1.8229,0.3772
1022,42.593,3,lifter,0.1618,1340,1151,1664,1502,-5.1319,0.2482,12.6966,0.5396,1.1578,0.2422
1022,42.593,4,lifter,0.1024,771,1172,1046,1512,-4.1794,0.1882,10.3845,0.4418,0.9454,0.2062
1023,42.635,1,lifter,0.7645,194,1067,467,1512,-4.1839,0.1889,10.3902,0.4403,0.9438,0.2037
1023,42.635,2,lifter,0.7097,217,684,349,924,-8.08,0.4178,19.8973,0.8539,1.8353,0.3798
1023,42.635,3,lifter,0.1657,1340,1152,1664,1503,-5.1616,0.2499,12.7692,0.5429,1.1645,0.2436
1024,42.676,1,lifter,0.7683,194,1067,467,1512,-4.1668,0.1879,10.3482,0.4384,0.9398,0.2028
1024,42.676,2,lifter,0.7068,217,684,349,924,-8.0793,0.4178,19.8954,0.8538,1.8351,0.3797
1024,42.676,3,lifter,0.1577,1340,1151,1664,1503,-5.1447,0.2489,12.728,0.541,1.1605,0.2428
1025,42.718,1,lifter,0.7692,194,1067,467,1512,-4.1556,0.1872,10.3208,0.4372,0.9371,0.2022
1025,42.718,2,lifter,0.7032,218,684,350,923,-8.0449,0.4157,19.8115,0.8501,1.8272,0.378
1025,42.718,3,lifter,0.1567,1339,1151,1664,1503,-5.1381,0.2485,12.7119,0.5403,1.159,0.2424
1026,42.76,1,lifter,0.7703,195,1067,467,1512,-4.1435,0.1865,10.2913,0.4358,0.9342,0.2015
1026,42.76,2,lifter,0.7068,217,684,349,923,-8.0978,0.4188,19.9405,0.8558,1.8393,0.3806
1026,42.76,3,lifter,0.1566,1340,1151,1664,1503,-5.1449,0.2489,12.7287,0.5411,1.1605,0.2427
1027,42.801,1,lifter,0.7738,195,1067,465,1512,-4.1413,0.1864,10.2858,0.4356,0.9337,0.2014
1027,42.801,2,lifter,0.7085,217,684,349,924,-8.0837,0.418,19.9062,0.8543,1.8361,0.3799
1027,42.801,3,lifter,0.1574,1340,1151,1664,1503,-5.1424,0.2488,12.7224,0.5408,1.16,0.2426
1028,42.843,1,lifter,0.7754,195,1067,465,1512,-4.1317,0.1858,10.2623,0.4345,0.9314,0.2009
1028,42.843,2,lifter,0.7102,217,684,349,924,-8.0876,0.4182,19.9158,0.8547,1.837,0.3801
1028,42.843,3,lifter,0.1588,1339,1151,1664,1503,-5.1405,0.2487,12.7178,0.5406,1.1596,0.2425
1029,42.885,1,lifter,0.7777,195,1067,466,1512,-4.118,0.185,10.2288,0.433,0.9282,0.2001
1029,42.885,2,lifter,0.7053,218,685,350,924,-7.9986,0.4132,19.6985,0.8454,1.8166,0.3759
1029,42.885,3,lifter,0.1574,1339,1151,1664,1503,-5.1494,0.2492,12.7395,0.5416,1.1616,0.243
1030,42.926,1,lifter,0.7803,195,1067,466,1512,-4.1065,0.1843,10.2006,0.4317,0.9254,0.1995
1030,42.926,2,lifter,0.7077,217,685,350,924,-8.0038,0.4135,19.7112,0.8459,1.8178,0.3761
1030,42.926,3,lifter,0.1562,1339,1151,1664,1503,-5.1492,0.2492,12.7391,0.5416,1.1616,0.243
1031,42.968,1,lifter,0.7833,195,1067,467,1512,-4.0917,0.1835,10.1644,0.4301,0.9219,0.1987
1031,42.968,2,lifter,0.704,218,685,350,924,-8.0037,0.4135,19.7109,0.8459,1.8178,0.3761
1031,42.968,3,lifter,0.1566,1339,1151,1664,1503,-5.1498,0.2492,12.7406,0.5416,1.1617,0.243
1032,43.01,1,lifter,0.7832,195,1067,467,1512,-4.0833,0.183,10.1438,0.4291,0.9199,0.1982
1032,43.01,2,lifter,0.708,217,685,350,924,-8.0062,0.4137,19.7171,0.8462,1.8184,0.3763
1032,43.01,3,lifter,0.1552,1339,1151,1664,1503,-5.149,0.2492,12.7385,0.5415,1.1615,0.243
1033,43.051,1,lifter,0.7889,195,1067,466,1512,-4.0832,0.183,10.1436,0.4291,0.9199,0.1982
1033,43.051,2,lifter,0.7031,218,685,350,924,-8.0065,0.4137,19.7177,0.8462,1.8184,0.3763
1033,43.051,3,lifter,0.1605,1340,1152,1664,1504,-5.2081,0.2527,12.8829,0.548,1.1751,0.2457
1034,43.093,1,lifter,0.7944,195,1067,466,1512,-4.0799,0.1828,10.1356,0.4288,0.9192,0.198
1034,43.093,2,lifter,0.7075,218,685,350,924,-8.0065,0.4137,19.7177,0.8462,1.8184,0.3763
1034,43.093,3,lifter,0.1593,1340,1152,1664,1503,-5.163,0.25,12.7729,0.5431,1.1647,0.2436
1035,43.135,1,lifter,0.7971,196,1067,467,1512,-4.0763,0.1826,10.1267,0.4284,0.9183,0.1978
1035,43.135,2,lifter,0.7039,218,685,350,924,-8.0065,0.4137,19.7177,0.8462,1.8184,0.3763
1035,43.135,3,lifter,0.1593,1340,1152,1664,1503,-5.1662,0.2502,12.7806,0.5434,1.1654,0.2437
1036,43.176,1,lifter,0.7968,196,1067,468,1512,-4.0648,0.1819,10.0987,0.4271,0.9156,0.1972
1036,43.176,2,lifter,0.7094,217,684,350,924,-8.049,0.416,19.8216,0.8506,1.8282,0.3783
1036,43.176,3,lifter,0.1592,1340,1152,1664,1504,-5.2055,0.2525,12.8765,0.5478,1.1745,0.2456
1037,43.218,1,lifter,0.7842,195,1067,467,1512,-4.0684,0.1821,10.1075,0.4275,0.9164,0.1974
1037,43.218,2,lifter,0.7064,217,685,350,924,-8.0048,0.4136,19.7135,0.846,1.818,0.3762
1037,43.218,3,lifter,0.1538,1340,1152,1664,1504,-5.2101,0.2528,12.8879,0.5483,1.1755,0.2458
1038,43.26,1,lifter,0.7836,195,1067,467,1512,-4.0685,0.1821,10.1077,0.4275,0.9165,0.1974
1038,43.26,2,lifter,0.7065,217,685,350,924,-8.0048,0.4136,19.7134,0.846,1.818,0.3762
1038,43.26,3,lifter,0.1607,1340,1152,1664,1503,-5.1647,0.2501,12.777,0.5433,1.1651,0.2437
1039,43.302,1,lifter,0.7826,196,1067,468,1512,-4.0621,0.1818,10.092,0.4268,0.9149,0.1971
1039,43.302,2,lifter,0.7148,217,685,350,923,-8.035,0.4152,19.7873,0.8492,1.8249,0.3776
1039,43.302,3,lifter,0.1554,1340,1152,1664,1503,-5.1811,0.2511,12.8169,0.545,1.1689,0.2445
1040,43.343,1,lifter,0.7834,195,1067,468,1512,-4.0565,0.1814,10.0783,0.4262,0.9136,0.1967
1040,43.343,2,lifter,0.7135,217,684,350,923,-8.062,0.4167,19.8532,0.852,1.8311,0.3789
1040,43.343,3,lifter,0.1529,1340,1152,1664,1503,-5.186,0.2514,12.8291,0.5456,1.1701,0.2447
1041,43.385,1,lifter,0.7858,196,1067,468,1512,-4.0604,0.1817,10.088,0.4266,0.9146,0.197
1041,43.385,2,lifter,0.715,217,684,350,923,-8.0628,0.4168,19.8552,0.852,1.8313,0.3789
1041,43.385,3,lifter,0.1487,1340,1152,1664,1503,-5.1833,0.2512,12.8223,0.5452,1.1695,0.2446
1042,43.427,1,lifter,0.7883,196,1067,467,1512,-4.069,0.1822,10.1089,0.4276,0.9166,0.1974
1042,43.427,2,lifter,0.7116,217,685,350,923,-8.0348,0.4152,19.7867,0.8491,1.8249,0.3776
1042,43.427,3,lifter,0.1479,1340,1152,1664,1502,-5.145,0.2489,12.7286,0.541,1.1607,0.2428
1043,43.468,1,lifter,0.7809,195,1067,466,1512,-4.0698,0.1822,10.111,0.4277,0.9168,0.1975
1043,43.468,2,lifter,0.7061,218,685,350,923,-8.0298,0.4149,19.7746,0.8486,1.8237,0.3773
1043,43.468,3,lifter,0.1517,1340,1151,1664,1503,-5.1445,0.2489,12.7275,0.541,1.1606,0.2428
1044,43.51,1,lifter,0.7801,195,1067,467,1512,-4.0656,0.182,10.1006,0.4272,0.9158,0.1973
1044,43.51,2,lifter,0.7014,219,685,350,923,-8.036,0.4153,19.7899,0.8493,1.8252,0.3776
1044,43.51,3,lifter,0.1518,1340,1152,1664,1502,-5.1322,0.2482,12.6974,0.5396,1.1579,0.2423
1045,43.552,1,lifter,0.7792,195,1067,467,1512,-4.0683,0.1821,10.1073,0.4275,0.9164,0.1974
1045,43.552,2,lifter,0.7066,217,685,350,923,-8.0318,0.415,19.7794,0.8488,1.8242,0.3774
1045,43.552,3,lifter,0.154,1340,1152,1662,1502,-4.9961,0.2397,12.3649,0.5249,1.1267,0.2364
1046,43.593,1,lifter,0.7779,195,1067,467,1512,-4.0691,0.1822,10.1091,0.4276,0.9166,0.1975
1046,43.593,2,lifter,0.7086,216,685,350,923,-8.0459,0.4159,19.8138,0.8503,1.8275,0.3781
1046,43.593,3,lifter,0.1571,1339,1152,1662,1502,-4.5736,0.2133,11.3347,0.4798,1.0297,0.2178
1047,43.635,1,lifter,0.7785,195,1067,467,1512,-4.069,0.1822,10.1089,0.4276,0.9166,0.1974
1047,43.635,2,lifter,0.7072,216,685,350,923,-8.0443,0.4158,19.8101,0.8502,1.8271,0.3781
1047,43.635,3,lifter,0.1709,1340,1152,1660,1502,-4.144,0.1869,10.2894,0.4347,0.9322,0.1992
1048,43.677,1,lifter,0.7798,195,1067,467,1512,-4.0701,0.1822,10.1116,0.4277,0.9168,0.1975
1048,43.677,2,lifter,0.7064,216,684,350,923,-8.0765,0.4176,19.8886,0.8535,1.8345,0.3796
1048,43.677,3,lifter,0.1728,1339,1151,1660,1502,-4.1652,0.1881,10.3433,0.4377,0.9381,0.2014
1049,43.718,1,lifter,0.7818,195,1067,466,1512,-4.0763,0.1826,10.1268,0.4284,0.9183,0.1978
1049,43.718,2,lifter,0.7056,216,684,350,923,-8.0697,0.4172,19.8721,0.8528,1.8329,0.3793
1049,43.718,3,lifter,0.1798,1340,1151,1660,1501,-4.378,0.2012,10.8614,0.4599,0.9863,0.2105
1050,43.76,1,lifter,0.7841,195,1067,466,1512,-4.0767,0.1826,10.1277,0.4284,0.9184,0.1979
1050,43.76,2,lifter,0.7045,216,682,350,923,-8.1278,0.4205,20.0142,0.8589,1.8463,0.382
1050,43.76,3,lifter,0.1725,1340,1152,1662,1499,-4.7327,0.2229,11.7257,0.4973,1.067,0.2263
1051,43.802,1,lifter,0.7876,196,1067,466,1512,-4.081,0.1829,10.1382,0.4289,0.9194,0.1981
1051,43.802,2,lifter,0.7056,216,682,350,923,-8.1323,0.4208,20.025,0.8594,1.8473,0.3823
1051,43.802,3,lifter,0.1718,1340,1151,1664,1499,-4.8047,0.2276,11.899,0.5044,1.0827,0.2284
1052,43.843,1,lifter,0.7858,196,1067,466,1512,-4.0805,0.1828,10.1371,0.4288,0.9193,0.198
1052,43.843,2,lifter,0.7064,216,682,350,923,-8.1322,0.4208,20.0249,0.8594,1.8473,0.3823
1052,43.843,3,lifter,0.1722,1339,1151,1664,1499,-4.6913,0.2207,11.6219,0.4923,1.0564,0.223
1053,43.885,1,lifter,0.7838,196,1067,467,1512,-4.0762,0.1826,10.1267,0.4284,0.9183,0.1978
1053,43.885,2,lifter,0.7053,216,682,350,923,-8.1279,0.4205,20.0142,0.8589,1.8463,0.382
1053,43.885,3,lifter,0.1715,1340,1151,1664,1502,-4.5074,0.2096,11.1731,0.4725,1.0138,0.2141
1054,43.927,1,lifter,0.783,195,1067,467,1512,-4.0704,0.1822,10.1125,0.4277,0.9169,0.1975
1054,43.927,2,lifter,0.7063,216,682,350,923,-8.1279,0.4205,20.0142,0.8589,1.8463,0.382
1054,43.927,3,lifter,0.1671,1340,1151,1662,1502,-4.3768,0.2015,10.8552,0.4587,0.9839,0.2084
1055,43.968,1,lifter,0.7829,194,1067,467,1512,-4.0646,0.1819,10.0982,0.4271,0.9156,0.1972
1055,43.968,2,lifter,0.7035,216,682,350,923,-8.1278,0.4205,20.0141,0.8589,1.8463,0.382
1055,43.968,3,lifter,0.1588,1339,1151,1662,1500,-4.4295,0.2047,10.9841,0.4645,0.9962,0.211
1056,44.01,1,lifter,0.784,195,1067,467,1512,-4.0704,0.1822,10.1123,0.4277,0.9169,0.1975
1056,44.01,2,lifter,0.6949,218,682,350,923,-8.1001,0.4188,19.9465,0.8559,1.8398,0.3807
1056,44.01,3,lifter,0.1679,1340,1151,1662,1500,-4.5333,0.2111,11.2364,0.4754,1.0199,0.2155
1057,44.052,1,lifter,0.7853,195,1067,467,1512,-4.0704,0.1822,10.1123,0.4277,0.9169,0.1975
1057,44.052,2,lifter,0.7003,217,682,350,923,-8.1078,0.4193,19.9651,0.8568,1.8416,0.3811
1057,44.052,3,lifter,0.1677,1340,1151,1663,1501,-4.6847,0.2205,11.6051,0.4915,1.0546,0.2222
1058,44.093,1,lifter,0.7858,195,1067,467,1512,-4.0704,0.1822,10.1123,0.4277,0.9169,0.1975
1058,44.093,2,lifter,0.7006,217,682,350,923,-8.1053,0.4192,19.9591,0.8565,1.841,0.3809
1058,44.093,3,lifter,0.1688,1339,1151,1664,1502,-4.8569,0.2312,12.0247,0.5098,1.0942,0.2298
1059,44.135,1,lifter,0.7855,195,1067,467,1512,-4.0711,0.1823,10.1142,0.4278,0.9171,0.1976
1059,44.135,2,lifter,0.6958,218,682,350,923,-8.0977,0.4187,19.9405,0.8557,1.8393,0.3806
1059,44.135,3,lifter,0.1689,1339,1151,1664,1502,-4.9558,0.2373,12.2665,0.5205,1.1171,0.2343
1060,44.177,1,lifter,0.7855,195,1067,467,1512,-4.0713,0.1823,10.1145,0.4278,0.9171,0.1976
1060,44.177,2,lifter,0.7013,217,682,350,923,-8.1052,0.4192,19.9589,0.8565,1.841,0.3809
1060,44.177,3,lifter,0.172,1339,1151,1664,1502,-5.039,0.2425,12.4697,0.5295,1.1363,0.2381
1061,44.218,1,lifter,0.7864,195,1067,467,1512,-4.0712,0.1823,10.1144,0.4278,0.9171,0.1976
1061,44.218,2,lifter,0.7014,217,682,350,923,-8.1052,0.4192,19.9589,0.8565,1.841,0.3809
1061,44.218,3,lifter,0.1679,1339,1151,1664,1502,-5.0861,0.2454,12.5848,0.5346,1.1472,0.2401
1062,44.26,1,lifter,0.7876,195,1067,467,1512,-4.0712,0.1823,10.1144,0.4278,0.9171,0.1976
1062,44.26,2,lifter,0.7017,217,682,350,923,-8.1082,0.4193,19.9661,0.8568,1.8417,0.3811
1062,44.26,3,lifter,0.17,1339,1151,1664,1504,-5.1444,0.2489,12.7272,0.541,1.1606,0.2428
1063,44.302,1,lifter,0.7874,195,1067,467,1512,-4.0703,0.1822,10.1122,0.4277,0.9169,0.1975
1063,44.302,2,lifter,0.7017,217,683,350,923,-8.0666,0.417,19.8647,0.8524,1.8321,0.3791
1063,44.302,3,lifter,0.1697,1339,1151,1664,1504,-5.1457,0.249,12.7303,0.5411,1.1609,0.2429
1064,44.343,1,lifter,0.7867,195,1067,466,1512,-4.0411,0.1805,10.0406,0.4245,0.9101,0.196
1064,44.343,2,lifter,0.6767,222,679,352,924,-8.1696,0.4229,20.1164,0.8633,1.8559,0.3842
1064,44.343,3,lifter,0.1687,1341,1153,1665,1504,-5.362,0.2618,13.259,0.5648,1.2107,0.2532
1064,44.343,4,lifter,0.1339,771,1171,1088,1512,-4.4656,0.2053,11.0835,0.4725,1.012,0.2205
1065,44.385,1,lifter,0.7855,195,1067,466,1512,-4.0415,0.1805,10.0417,0.4245,0.9101,0.196
1065,44.385,2,lifter,0.6824,223,680,352,924,-8.1681,0.423,20.1128,0.8633,1.8556,0.3842
1065,44.385,3,lifter,0.1642,1341,1152,1665,1504,-5.3446,0.2607,13.2166,0.5629,1.2067,0.2523
1065,44.385,4,lifter,0.1341,772,1171,1087,1512,-4.4618,0.2051,11.0742,0.4721,1.0111,0.2203
1066,44.427,1,lifter,0.7845,195,1067,466,1512,-4.041,0.1805,10.0405,0.4245,0.91,0.196
1066,44.427,2,lifter,0.6828,223,680,352,924,-8.1545,0.4223,20.0796,0.8618,1.8525,0.3835
1066,44.427,3,lifter,0.1614,1341,1152,1665,1504,-5.341,0.2605,13.2076,0.5625,1.2058,0.2522
1066,44.427,4,lifter,0.137,772,1171,1083,1512,-4.468,0.2054,11.0894,0.4729,1.0127,0.2207
1067,44.468,1,lifter,0.7842,195,1067,466,1512,-4.0413,0.1805,10.0413,0.4245,0.9101,0.196
1067,44.468,2,lifter,0.6904,223,680,352,925,-8.1136,0.42,19.9799,0.8576,1.8432,0.3816
1067,44.468,3,lifter,0.1575,1341,1152,1665,1504,-5.3398,0.2605,13.2049,0.5624,1.2056,0.2521
1067,44.468,4,lifter,0.14,772,1171,1082,1512,-4.4689,0.2055,11.0917,0.473,1.0129,0.2208
1068,44.51,1,lifter,0.7845,195,1067,466,1512,-4.0429,0.1806,10.045,0.4247,0.9105,0.1961
1068,44.51,2,lifter,0.6939,222,680,352,925,-8.0259,0.4148,19.7654,0.8481,1.8228,0.3773
1068,44.51,3,lifter,0.1548,1341,1152,1665,1504,-5.3385,0.2604,13.2015,0.5622,1.2053,0.2521
1068,44.51,4,lifter,0.1422,773,1171,1081,1512,-4.4659,0.2053,11.0843,0.4726,1.0122,0.2207
1069,44.552,1,lifter,0.7849,195,1067,466,1512,-4.0433,0.1806,10.046,0.4247,0.9105,0.1961
1069,44.552,2,lifter,0.6977,222,680,352,925,-8.0261,0.4148,19.7659,0.8482,1.8229,0.3774
1069,44.552,3,lifter,0.1542,1341,1152,1665,1503,-5.2987,0.258,13.1044,0.5578,1.1961,0.2502
1069,44.552,4,lifter,0.1454,773,1171,1083,1512,-4.4649,0.2052,11.0818,0.4725,1.0119,0.2206
1070,44.593,1,lifter,0.7849,195,1067,466,1512,-4.0433,0.1806,10.046,0.4247,0.9105,0.1961
1070,44.593,2,lifter,0.6981,222,680,352,925,-8.0261,0.4148,19.7659,0.8482,1.8229,0.3774
1070,44.593,3,lifter,0.1559,1341,1152,1665,1503,-5.2995,0.2581,13.1063,0.5579,1.1963,0.2502
1070,44.593,4,lifter,0.1433,772,1171,1084,1512,-4.4656,0.2053,11.0836,0.4726,1.0121,0.2206
1071,44.635,1,lifter,0.7851,195,1066,466,1512,-4.0419,0.1806,10.0427,0.4246,0.9103,0.1961
1071,44.635,2,lifter,0.687,222,680,352,925,-8.0246,0.4147,19.7623,0.848,1.8225,0.3773
1071,44.635,3,lifter,0.1526,1341,1153,1665,1503,-5.3123,0.2588,13.1375,0.5593,1.1993,0.2508
1071,44.635,4,lifter,0.1419,772,1171,1085,1512,-4.4631,0.2051,11.0775,0.4723,1.0115,0.2205
1072,44.677,1,lifter,0.7824,194,1066,466,1512,-4.0345,0.1801,10.0245,0.4238,0.9085,0.1957
1072,44.677,2,lifter,0.6869,222,679,352,925,-8.1419,0.4214,20.0486,0.8604,1.8495,0.3829
1072,44.677,3,lifter,0.1447,1341,1153,1665,1503,-5.3161,0.2591,13.1469,0.5598,1.2001,0.251
1072,44.677,4,lifter,0.1446,772,1171,1087,1512,-4.4605,0.205,11.0711,0.472,1.0108,0.2203
1073,44.719,1,lifter,0.7835,194,1066,466,1512,-4.0339,0.1801,10.0232,0.4237,0.9084,0.1956
1073,44.719,2,lifter,0.6802,222,680,352,925,-8.0242,0.4147,19.7613,0.8479,1.8224,0.3773
1073,44.719,3,lifter,0.1462,1341,1153,1665,1503,-5.3126,0.2589,13.1382,0.5594,1.1993,0.2508
1073,44.719,4,lifter,0.1446,772,1171,1086,1512,-4.4642,0.2052,11.0801,0.4724,1.0117,0.2205
1074,44.76,1,lifter,0.782,194,1066,466,1512,-4.0345,0.1801,10.0244,0.4238,0.9085,0.1957
1074,44.76,2,lifter,0.6686,222,680,352,924,-8.0656,0.417,19.8624,0.8523,1.8319,0.3792
1074,44.76,3,lifter,0.1461,772,1171,1087,1512,-4.4609,0.205,11.0721,0.472,1.0109,0.2203
1074,44.76,4,lifter,0.1442,1340,1153,1665,1503,-5.3166,0.2591,13.1481,0.5598,1.2003,0.251
1075,44.802,1,lifter,0.7809,194,1066,466,1512,-4.0341,0.1801,10.0237,0.4237,0.9084,0.1956
1075,44.802,2,lifter,0.6707,222,680,352,925,-8.0246,0.4147,19.7624,0.848,1.8225,0.3773
1075,44.802,3,lifter,0.1478,772,1172,1084,1512,-4.4556,0.2047,11.0592,0.4715,1.0097,0.2201
1075,44.802,4,lifter,0.1451,1341,1153,1665,1503,-5.321,0.2594,13.1588,0.5603,1.2012,0.2512
1076,44.844,1,lifter,0.7803,194,1066,466,1512,-4.0345,0.1801,10.0245,0.4238,0.9085,0.1957
1076,44.844,2,lifter,0.6712,222,680,352,925,-8.0183,0.4144,19.7469,0.8473,1.8211,0.377
1076,44.844,3,lifter,0.1503,772,1172,1080,1512,-4.4526,0.2045,11.0519,0.4712,1.0091,0.22
1076,44.844,4,lifter,0.1444,1341,1153,1665,1503,-5.3151,0.259,13.1445,0.5597,1.1999,0.2509
1077,44.885,1,lifter,0.7813,194,1066,466,1512,-4.0345,0.1801,10.0246,0.4238,0.9085,0.1957
1077,44.885,2,lifter,0.6728,222,680,352,925,-8.023,0.4146,19.7584,0.8478,1.8221,0.3772
1077,44.885,3,lifter,0.1482,772,1172,1079,1512,-4.4491,0.2043,11.0432,0.4708,1.0083,0.2198
1077,44.885,4,lifter,0.1439,1341,1153,1665,1503,-5.3164,0.2591,13.1476,0.5598,1.2002,0.251
1078,44.927,1,lifter,0.7822,194,1066,466,1512,-4.0352,0.1802,10.0262,0.4239,0.9086,0.1957
1078,44.927,2,lifter,0.6713,222,680,352,924,-8.0632,0.4168,19.8564,0.852,1.8313,0.3791
1078,44.927,3,lifter,0.147,771,1172,1079,1512,-4.4506,0.2044,11.0469,0.471,1.0086,0.2199
1078,44.927,4,lifter,0.1445,1340,1153,1665,1503,-5.3156,0.259,13.1456,0.5597,1.2,0.251
1079,44.969,1,lifter,0.7814,194,1066,466,1512,-4.0355,0.1802,10.0271,0.4239,0.9087,0.1957
1079,44.969,2,lifter,0.6718,222,680,352,925,-8.0168,0.4143,19.7433,0.8472,1.8207,0.3769
1079,44.969,3,lifter,0.1451,1340,1153,1665,1503,-5.3198,0.2593,13.1559,0.5602,1.201,0.2512
1079,44.969,4,lifter,0.1385,772,1172,1089,1512,-4.4427,0.204,11.0275,0.47,1.0066,0.2193
1080,45.01,1,lifter,0.7815,194,1066,466,1512,-4.0356,0.1802,10.0273,0.4239,0.9088,0.1957
1080,45.01,2,lifter,0.6729,222,680,352,925,-8.023,0.4146,19.7585,0.8478,1.8222,0.3772
1080,45.01,3,lifter,0.1483,1340,1153,1665,1503,-5.3201,0.2593,13.1565,0.5602,1.2011,0.2512
1080,45.01,4,lifter,0.138,772,1171,1088,1512,-4.4581,0.2048,11.0651,0.4717,1.0102,0.2201
1081,45.052,1,lifter,0.782,194,1066,466,1512,-4.0357,0.1802,10.0274,0.4239,0.9088,0.1957
1081,45.052,2,lifter,0.6732,222,680,352,924,-8.0668,0.4171,19.8653,0.8524,1.8322,0.3793
1081,45.052,3,lifter,0.1486,1340,1153,1665,1504,-5.3604,0.2617,13.2552,0.5646,1.2104,0.2531
1081,45.052,4,lifter,0.1359,772,1171,1089,1512,-4.4532,0.2046,11.0533,0.4712,1.0091,0.2198
1082,45.094,1,lifter,0.7812,194,1066,466,1512,-4.0353,0.1802,10.0266,0.4239,0.9087,0.1957
1082,45.094,2,lifter,0.6737,222,680,352,924,-8.0657,0.417,19.8627,0.8523,1.8319,0.3792
1082,45.094,3,lifter,0.1517,1340,1153,1665,1504,-5.3601,0.2617,13.2543,0.5646,1.2103,0.2531
1082,45.094,4,lifter,0.133,771,1171,1088,1512,-4.4614,0.205,11.0733,0.4721,1.011,0.2203
1083,45.135,1,lifter,0.7813,194,1066,466,1512,-4.0374,0.1803,10.0316,0.4241,0.9092,0.1958
1083,45.135,2,lifter,0.6723,222,680,352,925,-8.0236,0.4147,19.76,0.8479,1.8223,0.3772
1083,45.135,3,lifter,0.1542,1340,1153,1665,1503,-5.3112,0.2588,13.1348,0.5592,1.199,0.2508
1083,45.135,4,lifter,0.1304,770,1171,1090,1512,-4.4545,0.2046,11.0563,0.4713,1.0093,0.2199
1084,45.177,1,lifter,0.7809,194,1067,466,1512,-4.0384,0.1803,10.0339,0.4242,0.9094,0.1959
1084,45.177,2,lifter,0.6722,222,680,352,925,-8.0256,0.4148,19.7648,0.8481,1.8228,0.3773
1084,45.177,3,lifter,0.151,1340,1153,1665,1503,-5.3104,0.2587,13.133,0.5591,1.1988,0.2507
1084,45.177,4,lifter,0.135,770,1171,1086,1512,-4.4624,0.2051,11.0758,0.4722,1.0113,0.2204
1085,45.219,1,lifter,0.7819,194,1066,466,1512,-4.0365,0.1802,10.0294,0.424,0.9089,0.1958
1085,45.219,2,lifter,0.6735,222,680,352,925,-8.0248,0.4147,19.7627,0.848,1.8226,0.3773
1085,45.219,3,lifter,0.1526,1340,1152,1665,1504,-5.3351,0.2602,13.1932,0.5618,1.2045,0.2519
1085,45.219,4,lifter,0.1309,770,1171,1092,1512,-4.4366,0.2036,11.0126,0.4693,1.0051,0.2189
1086,45.26,1,lifter,0.7812,194,1066,466,1512,-4.0368,0.1803,10.0301,0.424,0.909,0.1958
1086,45.26,2,lifter,0.6767,222,679,352,925,-8.141,0.4213,20.0464,0.8603,1.8493,0.3828
1086,45.26,3,lifter,0.1549,1340,1152,1665,1504,-5.3346,0.2602,13.1921,0.5618,1.2044,0.2519
1086,45.26,4,lifter,0.1322,770,1171,1091,1512,-4.4426,0.204,11.0272,0.47,1.0065,0.2193
1087,45.302,1,lifter,0.7831,194,1066,466,1512,-4.0377,0.1803,10.0322,0.4241,0.9092,0.1958
1087,45.302,2,lifter,0.6737,222,680,352,925,-8.023,0.4146,19.7585,0.8478,1.8222,0.3772
1087,45.302,3,lifter,0.1538,1340,1152,1665,1504,-5.3285,0.2598,13.1773,0.5611,1.203,0.2516
1087,45.302,4,lifter,0.1296,770,1171,1091,1512,-4.4423,0.2039,11.0265,0.4699,1.0064,0.2192
1088,45.344,1,lifter,0.7838,194,1067,466,1512,-4.0385,0.1804,10.0343,0.4242,0.9094,0.1959
1088,45.344,2,lifter,0.6728,222,680,352,925,-8.023,0.4146,19.7584,0.8478,1.8222,0.3772
1088,45.344,3,lifter,0.1514,1340,1152,1665,1504,-5.3325,0.26,13.1869,0.5616,1.2039,0.2518
1088,45.344,4,lifter,0.1309,770,1171,1089,1512,-4.4568,0.2048,11.062,0.4715,1.0099,0.22
1089,45.385,1,lifter,0.7832,194,1066,466,1512,-4.0361,0.1802,10.0285,0.424,0.9089,0.1958
1089,45.385,2,lifter,0.6721,222,680,352,925,-8.0253,0.4148,19.7641,0.8481,1.8227,0.3773
1089,45.385,3,lifter,0.1496,1340,1152,1665,1504,-5.3307,0.2599,13.1826,0.5614,1.2035,0.2517
1089,45.385,4,lifter,0.134,771,1171,1089,1512,-4.4586,0.2049,11.0665,0.4717,1.0103,0.2201
1090,45.427,1,lifter,0.7824,194,1067,466,1512,-4.037,0.1803,10.0307,0.4241,0.9091,0.1958
1090,45.427,2,lifter,0.6694,222,680,352,925,-8.0307,0.4151,19.7773,0.8486,1.8239,0.3776
1090,45.427,3,lifter,0.1468,1340,1153,1665,1503,-5.3064,0.2585,13.1231,0.5587,1.1979,0.2505
1090,45.427,4,lifter,0.1367,771,1171,1086,1512,-4.4647,0.2052,11.0813,0.4724,1.0118,0.2205
1091,45.469,1,lifter,0.782,194,1067,466,1512,-4.0369,0.1803,10.0303,0.424,0.909,0.1958
1091,45.469,2,lifter,0.6725,222,680,352,925,-8.0275,0.4149,19.7694,0.8483,1.8232,0.3774
1091,45.469,3,lifter,0.1464,1340,1153,1665,1503,-5.3059,0.2585,13.1219,0.5586,1.1978,0.2505
1091,45.469,4,lifter,0.1374,771,1171,1085,1512,-4.4618,0.2051,11.0743,0.4721,1.0112,0.2204
1092,45.51,1,lifter,0.7849,194,1067,465,1512,-4.0367,0.1802,10.0298,0.424,0.909,0.1958
1092,45.51,2,lifter,0.6749,222,680,352,925,-8.0282,0.4149,19.7712,0.8484,1.8234,0.3775
1092,45.51,3,lifter,0.1469,1340,1153,1665,1504,-5.3439,0.2607,13.2149,0.5628,1.2065,0.2523
1092,45.51,4,lifter,0.1399,770,1171,1081,1512,-4.4621,0.2051,11.0749,0.4722,1.0113,0.2204
1093,45.552,1,lifter,0.784,194,1067,466,1512,-4.0358,0.1802,10.0276,0.4239,0.9088,0.1957
1093,45.552,2,lifter,0.6704,222,680,352,924,-8.0816,0.4179,19.9013,0.854,1.8356,0.38
1093,45.552,3,lifter,0.1484,1340,1153,1665,1504,-5.3471,0.2609,13.2227,0.5632,1.2073,0.2525
1093,45.552,4,lifter,0.1412,771,1171,1082,1512,-4.4668,0.2053,11.0865,0.4727,1.0124,0.2207
1094,45.594,1,lifter,0.7844,194,1067,465,1512,-4.0374,0.1803,10.0317,0.4241,0.9092,0.1958
1094,45.594,2,lifter,0.6732,222,680,352,925,-8.0407,0.4157,19.8017,0.8497,1.8263,0.3781
1094,45.594,3,lifter,0.1496,1340,1153,1665,1503,-5.3155,0.259,13.1452,0.5597,1.2,0.251
1094,45.594,4,lifter,0.1403,770,1171,1084,1512,-4.4629,0.2051,11.077,0.4723,1.0114,0.2204
1095,45.635,1,lifter,0.7847,194,1067,465,1512,-4.0368,0.1803,10.0302,0.424,0.909,0.1958
1095,45.635,2,lifter,0.678,222,680,352,925,-8.0374,0.4155,19.7936,0.8494,1.8255,0.3779
1095,45.635,3,lifter,0.1501,1340,1153,1665,1503,-5.3127,0.2589,13.1385,0.5594,1.1993,0.2508
1095,45.635,4,lifter,0.1416,770,1171,1082,1512,-4.4603,0.205,11.0705,0.472,1.0108,0.2203
1096,45.677,1,lifter,0.7876,195,1067,466,1512,-4.0429,0.1806,10.045,0.4247,0.9105,0.1961
1096,45.677,2,lifter,0.6719,222,680,352,924,-8.0766,0.4176,19.8892,0.8535,1.8345,0.3797
1096,45.677,3,lifter,0.1493,1340,1153,1665,1503,-5.3098,0.2587,13.1313,0.5591,1.1987,0.2507
1096,45.677,4,lifter,0.1368,771,1171,1087,1512,-4.4568,0.2048,11.0619,0.4716,1.0099,0.2201
1097,45.719,1,lifter,0.7873,195,1067,465,1512,-4.0408,0.1805,10.0398,0.4245,0.9099,0.196
1097,45.719,2,lifter,0.674,222,681,352,925,-8.0138,0.4141,19.736,0.8468,1.82,0.3768
1097,45.719,3,lifter,0.152,1340,1153,1665,1503,-5.3162,0.2591,13.1471,0.5598,1.2001,0.251
1097,45.719,4,lifter,0.1379,771,1171,1088,1512,-4.4563,0.2048,11.0608,0.4715,1.0098,0.22
1098,45.76,1,lifter,0.7879,195,1067,465,1512,-4.0408,0.1805,10.04,0.4245,0.91,0.196
1098,45.76,2,lifter,0.6786,222,681,352,925,-8.0102,0.4139,19.727,0.8465,1.8192,0.3766
1098,45.76,3,lifter,0.1508,1340,1153,1665,1503,-5.3127,0.2589,13.1385,0.5594,1.1993,0.2508
1098,45.76,4,lifter,0.1385,771,1171,1086,1512,-4.4604,0.205,11.0708,0.472,1.0108,0.2203
1099,45.802,1,lifter,0.7878,195,1067,465,1512,-4.0425,0.1806,10.0441,0.4246,0.9103,0.1961
1099,45.802,2,lifter,0.6788,221,681,352,925,-7.9566,0.4107,19.5961,0.8408,1.8068,0.3739
1099,45.802,3,lifter,0.1511,1340,1153,1665,1503,-5.3192,0.2592,13.1545,0.5601,1.2008,0.2511
1099,45.802,4,lifter,0.1372,771,1171,1087,1512,-4.456,0.2047,11.06,0.4715,1.0097,0.22
1100,45.844,1,lifter,0.7889,195,1067,465,1512,-4.0359,0.1802,10.0279,0.4239,0.9088,0.1958
1100,45.844,2,lifter,0.6758,221,681,352,924,-7.9704,0.4115,19.6297,0.8422,1.81,0.3746
1100,45.844,3,lifter,0.146,1340,1153,1665,1503,-5.3138,0.2589,13.1412,0.5595,1.1996,0.2509
1100,45.844,4,lifter,0.1392,771,1171,1087,1512,-4.4571,0.2048,11.0628,0.4716,1.01,0.2201
1101,45.885,1,lifter,0.7872,195,1067,465,1512,-4.0328,0.18,10.0204,0.4236,0.9081,0.1956
1101,45.885,2,lifter,0.6723,221,680,352,925,-8.0196,0.4143,19.7499,0.8474,1.8213,0.377
1101,45.885,3,lifter,0.1488,1340,1153,1665,1503,-5.3223,0.2594,13.1619,0.5605,1.2015,0.2513
1101,45.885,4,lifter,0.1429,771,1171,1085,1512,-4.4613,0.205,11.0729,0.472,1.011,0.2203
1102,45.927,1,lifter,0.7865,195,1067,465,1512,-4.0394,0.1804,10.0365,0.4243,0.9096,0.1959
1102,45.927,2,lifter,0.6694,221,680,352,924,-8.0628,0.4167,19.8554,0.852,1.8312,0.379
1102,45.927,3,lifter,0.1488,1340,1153,1665,1503,-5.3223,0.2594,13.162,0.5605,1.2015,0.2513
1102,45.927,4,lifter,0.145,771,1171,1081,1512,-4.4584,0.2049,11.0659,0.4718,1.0104,0.2202
1103,45.969,1,lifter,0.7862,195,1067,465,1512,-4.0372,0.1803,10.0312,0.4241,0.9091,0.1958
1103,45.969,2,lifter,0.6694,221,680,352,925,-8.0175,0.4142,19.7448,0.8472,1.8209,0.3769
1103,45.969,3,lifter,0.1586,1340,1153,1665,1503,-5.3205,0.2593,13.1576,0.5603,1.2011,0.2512
1103,45.969,4,lifter,0.1372,771,1171,1086,1512,-4.4608,0.205,11.0718,0.472,1.0109,0.2202
1104,46.01,1,lifter,0.7858,195,1067,465,1512,-4.0352,0.1802,10.0263,0.4239,0.9087,0.1957
1104,46.01,2,lifter,0.6656,221,681,352,925,-7.9746,0.4118,19.64,0.8427,1.811,0.3748
1104,46.01,3,lifter,0.1596,1340,1153,1665,1504,-5.3596,0.2616,13.2532,0.5646,1.2101,0.2531
1104,46.01,4,lifter,0.1521,771,1171,1078,1512,-4.4541,0.2046,11.0554,0.4713,1.0094,0.22
1105,46.052,1,lifter,0.7835,195,1067,465,1512,-4.0373,0.1803,10.0313,0.4241,0.9092,0.1958
1105,46.052,2,lifter,0.669,222,681,353,925,-7.9913,0.4128,19.6811,0.8445,1.8149,0.3757
1105,46.052,3,lifter,0.1631,1340,1153,1665,1504,-5.3628,0.2618,13.2609,0.5649,1.2109,0.2532
1105,46.052,4,lifter,0.1516,771,1171,1073,1512,-4.4614,0.205,11.0733,0.4722,1.0112,0.2205
1106,46.094,1,lifter,0.7842,195,1067,465,1512,-4.04,0.1804,10.038,0.4244,0.9098,0.196
1106,46.094,2,lifter,0.6692,221,681,352,925,-7.9743,0.4117,19.6393,0.8426,1.8109,0.3748
1106,46.094,3,lifter,0.1632,1340,1153,1665,1503,-5.3126,0.2589,13.1383,0.5594,1.1993,0.2508
1106,46.094,4,lifter,0.1488,771,1171,1072,1512,-4.4576,0.2048,11.0641,0.4718,1.0104,0.2203
1107,46.136,1,lifter,0.785,195,1067,465,1512,-4.0405,0.1805,10.0391,0.4244,0.9099,0.196
1107,46.136,2,lifter,0.671,221,681,352,924,-7.9991,0.4131,19.6998,0.8452,1.8166,0.376
1107,46.136,3,lifter,0.1664,1341,1153,1665,1504,-5.3546,0.2613,13.2409,0.564,1.2089,0.2528
1107,46.136,4,lifter,0.1475,771,1171,1076,1512,-4.4533,0.2045,11.0537,0.4713,1.0093,0.22
1108,46.177,1,lifter,0.7851,195,1067,465,1512,-4.037,0.1803,10.0306,0.424,0.9091,0.1958
1108,46.177,2,lifter,0.6746,221,681,352,925,-7.9795,0.412,19.6521,0.8432,1.8121,0.375
1108,46.177,3,lifter,0.1632,1341,1153,1665,1504,-5.355,0.2613,13.2419,0.5641,1.209,0.2528
1108,46.177,4,lifter,0.1496,771,1171,1074,1512,-4.4626,0.2051,11.0763,0.4723,1.0115,0.2206
1109,46.219,1,lifter,0.788,195,1067,465,1512,-4.0372,0.1803,10.0312,0.4241,0.9091,0.1958
1109,46.219,2,lifter,0.673,221,681,352,924,-7.9961,0.4129,19.6924,0.8449,1.8159,0.3758
1109,46.219,3,lifter,0.1651,1341,1153,1665,1504,-5.3534,0.2612,13.238,0.5639,1.2087,0.2527
1109,46.219,4,lifter,0.1535,771,1171,1072,1512,-4.4566,0.2047,11.0618,0.4717,1.0101,0.2203
1110,46.261,1,lifter,0.7862,195,1067,465,1512,-4.0367,0.1802,10.0299,0.424,0.909,0.1958
1110,46.261,2,lifter,0.6805,221,681,352,925,-7.9782,0.412,19.6488,0.843,1.8118,0.375
1110,46.261,3,lifter,0.1658,1341,1152,1665,1504,-5.3391,0.2604,13.2031,0.5623,1.2054,0.252
1110,46.261,4,lifter,0.141,772,1171,1080,1512,-4.4567,0.2047,11.0617,0.4716,1.01,0.2202
1111,46.302,1,lifter,0.7844,195,1067,465,1512,-4.036,0.1802,10.0282,0.4239,0.9088,0.1957
1111,46.302,2,lifter,0.677,221,680,352,925,-8.0211,0.4144,19.7536,0.8476,1.8217,0.377
1111,46.302,3,lifter,0.1671,1341,1152,1665,1503,-5.3019,0.2582,13.1123,0.5582,1.1968,0.2503
1111,46.302,4,lifter,0.1426,772,1171,1079,1512,-4.4534,0.2045,11.0538,0.4713,1.0093,0.22
1112,46.344,1,lifter,0.7838,195,1067,465,1512,-4.0368,0.1803,10.0301,0.424,0.909,0.1958
1112,46.344,2,lifter,0.6786,221,681,352,925,-7.9753,0.4118,19.6417,0.8427,1.8111,0.3748
1112,46.344,3,lifter,0.1642,1341,1152,1665,1504,-5.3372,0.2603,13.1986,0.5621,1.2049,0.2519
1112,46.344,4,lifter,0.1397,772,1171,1082,1512,-4.465,0.2052,11.082,0.4725,1.0119,0.2206
1113,46.386,1,lifter,0.7818,194,1067,465,1512,-4.0329,0.18,10.0205,0.4236,0.9081,0.1956
1113,46.386,2,lifter,0.6801,221,680,352,925,-8.0261,0.4147,19.7657,0.8481,1.8228,0.3773
1113,46.386,3,lifter,0.1662,1341,1153,1665,1504,-5.3528,0.2612,13.2366,0.5638,1.2085,0.2527
1113,46.386,4,lifter,0.1406,772,1171,1081,1512,-4.4611,0.205,11.0726,0.4721,1.011,0.2204
1114,46.427,1,lifter,0.7813,194,1067,465,1512,-4.0331,0.18,10.021,0.4236,0.9081,0.1956
1114,46.427,2,lifter,0.6795,221,681,352,925,-7.98,0.4121,19.6532,0.8432,1.8122,0.3751
1114,46.427,3,lifter,0.1647,1341,1152,1665,1503,-5.2981,0.258,13.103,0.5578,1.1959,0.2501
1114,46.427,4,lifter,0.1422,772,1171,1080,1512,-4.4575,0.2048,11.0637,0.4717,1.0102,0.2202
1115,46.469,1,lifter,0.782,194,1067,466,1512,-4.032,0.18,10.0184,0.4235,0.9079,0.1955
1115,46.469,2,lifter,0.682,221,680,352,925,-8.0263,0.4147,19.7664,0.8481,1.8229,0.3773
1115,46.469,3,lifter,0.1635,1341,1152,1665,1504,-5.3282,0.2598,13.1764,0.5611,1.2028,0.2515
1115,46.469,4,lifter,0.1388,771,1171,1084,1512,-4.4657,0.2053,11.0839,0.4726,1.0121,0.2206
1116,46.511,1,lifter,0.7825,194,1067,465,1512,-4.0337,0.1801,10.0226,0.4237,0.9083,0.1956
1116,46.511,2,lifter,0.6783,221,681,352,925,-7.9785,0.412,19.6496,0.8431,1.8119,0.375
1116,46.511,3,lifter,0.1671,1341,1152,1665,1504,-5.3347,0.2601,13.1923,0.5618,1.2043,0.2518
1116,46.511,4,lifter,0.143,771,1171,1084,1512,-4.4653,0.2053,11.0827,0.4725,1.012,0.2205
1117,46.552,1,lifter,0.7833,195,1067,465,1512,-4.0393,0.1804,10.0363,0.4243,0.9096,0.1959
1117,46.552,2,lifter,0.6748,221,681,352,925,-7.9787,0.412,19.6501,0.8431,1.8119,0.375
1117,46.552,3,lifter,0.1672,1340,1152,1665,1504,-5.333,0.2601,13.1883,0.5616,1.204,0.2518
1117,46.552,4,lifter,0.1408,772,1172,1086,1512,-4.449,0.2043,11.0429,0.4707,1.0081,0.2196
1118,46.594,1,lifter,0.7833,195,1067,465,1512,-4.0413,0.1805,10.0412,0.4245,0.9101,0.196
1118,46.594,2,lifter,0.6758,221,681,352,925,-7.9789,0.412,19.6506,0.8431,1.812,0.375
1118,46.594,3,lifter,0.1687,1341,1153,1665,1503,-5.314,0.2589,13.1419,0.5596,1.1996,0.2508
1118,46.594,4,lifter,0.1417,771,1172,1085,1512,-4.4497,0.2043,11.0446,0.4708,1.0083,0.2197
1119,46.636,1,lifter,0.7849,194,1067,465,1512,-4.0351,0.1802,10.026,0.4238,0.9086,0.1957
1119,46.636,2,lifter,0.6666,221,681,352,925,-7.9849,0.4123,19.6653,0.8438,1.8134,0.3753
1119,46.636,3,lifter,0.1642,1340,1152,1665,1504,-5.3346,0.2602,13.1922,0.5618,1.2043,0.2518
1119,46.636,4,lifter,0.1403,771,1172,1086,1512,-4.4509,0.2044,11.0475,0.4709,1.0085,0.2197
1120,46.677,1,lifter,0.7844,194,1067,465,1512,-4.0335,0.1801,10.0222,0.4237,0.9082,0.1956
1120,46.677,2,lifter,0.6693,221,681,352,925,-7.9887,0.4126,19.6744,0.8442,1.8142,0.3755
1120,46.677,3,lifter,0.1656,1340,1152,1665,1504,-5.3393,0.2604,13.2036,0.5623,1.2054,0.2521
1120,46.677,4,lifter,0.1382,771,1172,1090,1512,-4.4326,0.2034,11.0027,0.4688,1.0041,0.2187
1121,46.719,1,lifter,0.7856,194,1067,465,1512,-4.0335,0.1801,10.0221,0.4237,0.9082,0.1956
1121,46.719,2,lifter,0.6713,221,681,352,924,-8.0094,0.4137,19.7251,0.8463,1.819,0.3764
1121,46.719,3,lifter,0.1679,1340,1152,1665,1504,-5.3389,0.2604,13.2026,0.5623,1.2053,0.252
1121,46.719,4,lifter,0.1385,771,1172,1089,1512,-4.4443,0.2041,11.0313,0.4701,1.0069,0.2193
1122,46.761,1,lifter,0.7851,194,1067,465,1512,-4.0331,0.18,10.0212,0.4236,0.9082,0.1956
1122,46.761,2,lifter,0.6714,221,681,352,924,-8.0126,0.4139,19.7328,0.8467,1.8197,0.3766
1122,46.761,3,lifter,0.1658,1340,1152,1665,1504,-5.3416,0.2606,13.2092,0.5626,1.2059,0.2522
1122,46.761,4,lifter,0.1392,771,1172,1086,1512,-4.4502,0.2044,11.0458,0.4708,1.0084,0.2197
1123,46.802,1,lifter,0.7849,194,1067,465,1512,-4.0321,0.18,10.0185,0.4235,0.9079,0.1955
1123,46.802,2,lifter,0.6702,221,681,352,924,-8.0194,0.4143,19.7494,0.8474,1.8213,0.3769
1123,46.802,3,lifter,0.165,1340,1152,1665,1504,-5.3412,0.2605,13.2083,0.5625,1.2059,0.2521
1123,46.802,4,lifter,0.1382,771,1172,1086,1512,-4.4516,0.2045,11.0492,0.471,1.0087,0.2198
1124,46.844,1,lifter,0.7845,194,1067,465,1512,-4.0332,0.18,10.0213,0.4236,0.9082,0.1956
1124,46.844,2,lifter,0.6716,221,681,352,924,-8.0201,0.4143,19.7511,0.8475,1.8214,0.377
1124,46.844,3,lifter,0.1647,1340,1152,1665,1504,-5.3402,0.2605,13.2058,0.5624,1.2056,0.2521
1124,46.844,4,lifter,0.1382,771,1172,1087,1512,-4.4483,0.2043,11.0413,0.4706,1.0079,0.2196
1125,46.886,1,lifter,0.7846,194,1067,465,1512,-4.0337,0.1801,10.0226,0.4237,0.9083,0.1956
1125,46.886,2,lifter,0.6718,221,681,352,924,-8.016,0.4141,19.741,0.847,1.8205,0.3768
1125,46.886,3,lifter,0.1669,1340,1152,1665,1504,-5.3416,0.2606,13.2092,0.5626,1.206,0.2522
1125,46.886,4,lifter,0.1392,771,1172,1087,1512,-4.4475,0.2042,11.0393,0.4705,1.0077,0.2195
1126,46.927,1,lifter,0.7843,194,1067,465,1512,-4.0332,0.18,10.0213,0.4236,0.9082,0.1956
1126,46.927,2,lifter,0.6716,221,681,352,924,-8.014,0.414,19.7362,0.8468,1.82,0.3767
1126,46.927,3,lifter,0.1681,1341,1153,1665,1504,-5.3557,0.2614,13.2436,0.5641,1.2092,0.2528
1126,46.927,4,lifter,0.1381,771,1172,1087,1512,-4.448,0.2043,11.0405,0.4706,1.0078,0.2196
1127,46.969,1,lifter,0.7845,194,1067,465,1512,-4.0335,0.1801,10.022,0.4237,0.9082,0.1956
1127,46.969,2,lifter,0.6737,220,681,352,924,-7.9857,0.4123,19.667,0.8438,1.8135,0.3753
1127,46.969,3,lifter,0.1649,1340,1152,1665,1503,-5.2974,0.258,13.1013,0.5577,1.1958,0.2501
1127,46.969,4,lifter,0.1391,770,1172,1086,1512,-4.4495,0.2043,11.0442,0.4707,1.0082,0.2197
1128,47.011,1,lifter,0.7817,194,1067,465,1512,-4.0321,0.18,10.0188,0.4235,0.9079,0.1955
1128,47.011,2,lifter,0.679,220,680,352,924,-8.0556,0.4163,19.8377,0.8512,1.8296,0.3786
1128,47.011,3,lifter,0.1614,1341,1152,1665,1504,-5.335,0.2602,13.1932,0.5619,1.2044,0.2518
1128,47.011,4,lifter,0.1373,771,1172,1086,1512,-4.4502,0.2044,11.0459,0.4708,1.0084,0.2197
1129,47.052,1,lifter,0.781,194,1067,465,1512,-4.0329,0.18,10.0206,0.4236,0.9081,0.1956
1129,47.052,2,lifter,0.6805,220,680,352,924,-8.055,0.4163,19.8364,0.8511,1.8294,0.3786
1129,47.052,3,lifter,0.1612,1340,1152,1665,1504,-5.336,0.2602,13.1955,0.562,1.2047,0.2519
1129,47.052,4,lifter,0.1344,770,1172,1088,1512,-4.4473,0.2042,11.0386,0.4705,1.0076,0.2195
1130,47.094,1,lifter,0.7814,194,1067,465,1512,-4.032,0.18,10.0183,0.4235,0.9079,0.1955
1130,47.094,2,lifter,0.6732,221,680,352,924,-8.0846,0.418,19.9086,0.8543,1.8363,0.38
1130,47.094,3,lifter,0.1592,1340,1152,1665,1504,-5.3363,0.2602,13.1962,0.562,1.2047,0.2519
1130,47.094,4,lifter,0.1319,770,1172,1089,1512,-4.4425,0.204,11.0269,0.4699,1.0065,0.2192
1131,47.136,1,lifter,0.7815,194,1067,465,1512,-4.031,0.1799,10.016,0.4234,0.9077,0.1955
1131,47.136,2,lifter,0.6816,220,681,352,924,-7.9869,0.4124,19.6701,0.8439,1.8138,0.3753
1131,47.136,3,lifter,0.1622,1340,1152,1665,1503,-5.2985,0.258,13.1038,0.5579,1.196,0.2501
1131,47.136,4,lifter,0.1326,770,1172,1088,1512,-4.4468,0.2042,11.0375,0.4704,1.0075,0.2195
1132,47.177,1,lifter,0.782,194,1067,465,1512,-4.0318,0.18,10.0178,0.4235,0.9078,0.1955
1132,47.177,2,lifter,0.6797,220,680,352,924,-8.0558,0.4163,19.8382,0.8512,1.8296,0.3786
1132,47.177,3,lifter,0.164,1340,1152,1665,1503,-5.2992,0.2581,13.1056,0.5579,1.1962,0.2501
1132,47.177,4,lifter,0.136,771,1172,1088,1512,-4.4451,0.2041,11.0333,0.4702,1.0071,0.2194
1133,47.219,1,lifter,0.7816,194,1067,465,1512,-4.0319,0.18,10.0182,0.4235,0.9079,0.1955
1133,47.219,2,lifter,0.6808,220,681,352,924,-7.9915,0.4127,19.6813,0.8444,1.8148,0.3755
1133,47.219,3,lifter,0.166,1340,1152,1665,1504,-5.3363,0.2602,13.1963,0.562,1.2047,0.2519
1133,47.219,4,lifter,0.136,770,1172,1087,1512,-4.4493,0.2043,11.0436,0.4707,1.0081,0.2196
1134,47.261,1,lifter,0.7822,194,1067,465,1512,-4.0312,0.1799,10.0164,0.4234,0.9077,0.1955
1134,47.261,2,lifter,0.6801,220,680,352,924,-8.0556,0.4163,19.8378,0.8512,1.8296,0.3786
1134,47.261,3,lifter,0.1617,1340,1152,1665,1503,-5.3066,0.2585,13.1236,0.5587,1.1979,0.2505
1134,47.261,4,lifter,0.1351,770,1172,1086,1512,-4.4485,0.2043,11.0418,0.4706,1.008,0.2196
1135,47.302,1,lifter,0.783,194,1067,465,1512,-4.0308,0.1799,10.0155,0.4234,0.9076,0.1955
1135,47.302,2,lifter,0.6777,220,680,352,924,-8.0565,0.4164,19.8399,0.8513,1.8298,0.3786
1135,47.302,3,lifter,0.1659,1340,1152,1665,1504,-5.3429,0.2606,13.2123,0.5627,1.2062,0.2522
1135,47.302,4,lifter,0.134,770,1172,1085,1512,-4.4492,0.2043,11.0434,0.4707,1.0082,0.2197
1136,47.344,1,lifter,0.7828,194,1067,465,1512,-4.0311,0.1799,10.0163,0.4234,0.9077,0.1955
1136,47.344,2,lifter,0.6801,220,680,352,924,-8.0555,0.4163,19.8377,0.8512,1.8296,0.3786
1136,47.344,3,lifter,0.1666,1340,1152,1665,1504,-5.3375,0.2603,13.1993,0.5621,1.205,0.252
1136,47.344,4,lifter,0.1334,770,1172,1085,1512,-4.4494,0.2043,11.0439,0.4708,1.0082,0.2197
1137,47.386,1,lifter,0.7836,194,1067,465,1512,-4.0306,0.1799,10.015,0.4234,0.9076,0.1955
1137,47.386,2,lifter,0.682,220,681,352,924,-7.9928,0.4127,19.6845,0.8445,1.8151,0.3756
1137,47.386,3,lifter,0.1676,1340,1152,1665,1504,-5.3412,0.2605,13.2081,0.5625,1.2059,0.2521
1137,47.386,4,lifter,0.1341,770,1172,1084,1512,-4.4526,0.2045,11.0517,0.4711,1.009,0.2199
1138,47.427,1,lifter,0.7843,194,1067,465,1512,-4.0308,0.1799,10.0154,0.4234,0.9076,0.1955
1138,47.427,2,lifter,0.6841,220,681,352,924,-7.988,0.4125,19.6728,0.844,1.814,0.3754
1138,47.427,3,lifter,0.1662,1340,1152,1665,1504,-5.3406,0.2605,13.2068,0.5625,1.2057,0.2521
1138,47.427,4,lifter,0.1317,770,1172,1089,1512,-4.4412,0.2039,11.0239,0.4698,1.0062,0.2192
1139,47.469,1,lifter,0.7832,194,1067,465,1512,-4.0312,0.1799,10.0163,0.4234,0.9077,0.1955
1139,47.469,2,lifter,0.6832,220,681,352,924,-7.9881,0.4125,19.6729,0.844,1.814,0.3754
1139,47.469,3,lifter,0.166,1340,1152,1665,1504,-5.3409,0.2605,13.2074,0.5625,1.2058,0.2521
1139,47.469,4,lifter,0.1306,770,1172,1089,1512,-4.4415,0.2039,11.0244,0.4698,1.0063,0.2192
1140,47.511,1,lifter,0.7812,194,1067,465,1512,-4.0313,0.1799,10.0168,0.4234,0.9077,0.1955
1140,47.511,2,lifter,0.6813,220,681,352,924,-7.9889,0.4125,19.6751,0.8441,1.8142,0.3754
1140,47.511,3,lifter,0.1641,1340,1152,1665,1504,-5.3432,0.2606,13.2131,0.5628,1.2063,0.2522
1140,47.511,4,lifter,0.1322,770,1171,1088,1512,-4.4566,0.2048,11.0614,0.4715,1.0098,0.22
1141,47.552,1,lifter,0.7806,194,1067,465,1512,-4.0307,0.1799,10.0152,0.4234,0.9076,0.1955
1141,47.552,2,lifter,0.6755,222,681,352,924,-8.0654,0.417,19.862,0.8523,1.8319,0.3792
1141,47.552,3,lifter,0.1641,1340,1152,1665,1504,-5.3443,0.2607,13.2158,0.5629,1.2066,0.2523
1141,47.552,4,lifter,0.1318,770,1172,1089,1512,-4.4411,0.2039,11.0235,0.4698,1.0062,0.2192
1142,47.594,1,lifter,0.7813,194,1067,465,1512,-4.031,0.1799,10.0159,0.4234,0.9077,0.1955
1142,47.594,2,lifter,0.676,221,681,352,924,-8.0063,0.4135,19.7173,0.846,1.8182,0.3763
1142,47.594,3,lifter,0.1641,1341,1152,1665,1503,-5.3076,0.2586,13.1262,0.5589,1.1981,0.2505
1142,47.594,4,lifter,0.1346,770,1172,1084,1512,-4.4526,0.2045,11.0517,0.4711,1.009,0.2199
1143,47.636,1,lifter,0.7836,194,1067,465,1512,-4.0303,0.1799,10.0144,0.4233,0.9075,0.1955
1143,47.636,2,lifter,0.6745,222,681,352,924,-8.0592,0.4166,19.8468,0.8516,1.8305,0.3789
1143,47.636,3,lifter,0.1619,1340,1152,1665,1504,-5.3426,0.2606,13.2116,0.5627,1.2062,0.2522
1143,47.636,4,lifter,0.1348,770,1171,1085,1512,-4.4582,0.2048,11.0656,0.4717,1.0103,0.2202
1144,47.678,1,lifter,0.7838,194,1067,465,1512,-4.0296,0.1798,10.0127,0.4232,0.9073,0.1954
1144,47.678,2,lifter,0.674,222,681,352,924,-8.0633,0.4169,19.8567,0.8521,1.8314,0.3791
1144,47.678,3,lifter,0.1624,1340,1152,1665,1504,-5.3433,0.2607,13.2133,0.5628,1.2063,0.2522
1144,47.678,4,lifter,0.1361,770,1171,1085,1512,-4.4585,0.2049,11.0663,0.4718,1.0104,0.2202
1145,47.719,1,lifter,0.7838,194,1067,465,1512,-4.0304,0.1799,10.0145,0.4233,0.9075,0.1955
1145,47.719,2,lifter,0.6748,222,680,352,924,-8.1279,0.4205,20.0144,0.8589,1.8462,0.3822
1145,47.719,3,lifter,0.1626,1340,1152,1665,1504,-5.3386,0.2604,13.202,0.5623,1.2053,0.252
1145,47.719,4,lifter,0.134,770,1171,1085,1512,-4.4587,0.2049,11.0668,0.4718,1.0104,0.2202
1146,47.761,1,lifter,0.7841,194,1067,465,1512,-4.031,0.1799,10.016,0.4234,0.9077,0.1955
1146,47.761,2,lifter,0.6754,222,681,352,924,-8.0615,0.4168,19.8524,0.8519,1.831,0.379
1146,47.761,3,lifter,0.1631,1341,1152,1665,1503,-5.3049,0.2584,13.1194,0.5586,1.1975,0.2504
1146,47.761,4,lifter,0.1376,770,1171,1077,1512,-4.4541,0.2046,11.0555,0.4714,1.0095,0.2201
1147,47.803,1,lifter,0.7826,194,1067,465,1512,-4.0314,0.1799,10.0169,0.4234,0.9077,0.1955
1147,47.803,2,lifter,0.6747,222,680,352,924,-8.1382,0.4211,20.0395,0.86,1.8486,0.3826
1147,47.803,3,lifter,0.1679,1341,1152,1665,1503,-5.305,0.2584,13.1197,0.5586,1.1975,0.2504
1147,47.803,4,lifter,0.1376,770,1171,1075,1512,-4.4612,0.205,11.0729,0.4722,1.0112,0.2205
1148,47.844,1,lifter,0.783,194,1067,465,1512,-4.0307,0.1799,10.0152,0.4234,0.9076,0.1955
1148,47.844,2,lifter,0.6753,222,681,352,924,-8.0757,0.4176,19.8871,0.8534,1.8342,0.3797
1148,47.844,3,lifter,0.167,1341,1152,1665,1503,-5.3041,0.2583,13.1176,0.5585,1.1973,0.2504
1148,47.844,4,lifter,0.1351,769,1171,1078,1512,-4.4518,0.2044,11.0498,0.4711,1.0089,0.2199
1149,47.886,1,lifter,0.7834,194,1067,465,1512,-4.03,0.1799,10.0135,0.4233,0.9074,0.1954
1149,47.886,2,lifter,0.6773,221,681,352,924,-8.0218,0.4144,19.7553,0.8476,1.8218,0.377
1149,47.886,3,lifter,0.166,1341,1152,1665,1503,-5.305,0.2584,13.1198,0.5586,1.1975,0.2504
1149,47.886,4,lifter,0.1381,769,1171,1078,1512,-4.4512,0.2044,11.0483,0.471,1.0087,0.2199
1150,47.928,1,lifter,0.7838,194,1067,465,1512,-4.031,0.1799,10.0159,0.4234,0.9076,0.1955
1150,47.928,2,lifter,0.6774,221,680,352,924,-8.0945,0.4185,19.9327,0.8553,1.8385,0.3805
1150,47.928,3,lifter,0.1676,1341,1152,1665,1503,-5.3027,0.2583,13.1143,0.5583,1.197,0.2503
1150,47.928,4,lifter,0.1374,770,1171,1077,1512,-4.4544,0.2046,11.0562,0.4714,1.0095,0.2201
1151,47.969,1,lifter,0.7843,194,1067,465,1512,-4.0333,0.1801,10.0216,0.4236,0.9082,0.1956
1151,47.969,2,lifter,0.6786,221,680,352,924,-8.0945,0.4185,19.9327,0.8553,1.8385,0.3805
1151,47.969,3,lifter,0.1667,1341,1152,1665,1503,-5.3129,0.2589,13.139,0.5595,1.1993,0.2508
1151,47.969,4,lifter,0.1392,770,1172,1072,1512,-4.4428,0.2039,11.0278,0.4702,1.0069,0.2195
1152,48.011,1,lifter,0.7846,194,1067,465,1512,-4.0327,0.18,10.0202,0.4236,0.908,0.1956
1152,48.011,2,lifter,0.6788,221,680,352,924,-8.0792,0.4176,19.8955,0.8537,1.835,0.3798
1152,48.011,3,lifter,0.1671,1341,1152,1665,1503,-5.3093,0.2587,13.1304,0.5591,1.1985,0.2506
1152,48.011,4,lifter,0.1398,770,1171,1074,1512,-4.4553,0.2046,11.0584,0.4715,1.0098,0.2201
1153,48.053,1,lifter,0.7854,194,1067,465,1512,-4.0296,0.1798,10.0125,0.4232,0.9073,0.1954
1153,48.053,2,lifter,0.6783,221,680,352,924,-8.0812,0.4178,19.9002,0.8539,1.8355,0.3798
1153,48.053,3,lifter,0.1647,1340,1152,1665,1503,-5.2987,0.258,13.1043,0.5579,1.196,0.2501
1153,48.053,4,lifter,0.1431,770,1171,1076,1512,-4.4514,0.2044,11.0488,0.4711,1.0088,0.2199
1154,48.094,1,lifter,0.7822,194,1067,465,1512,-4.0289,0.1798,10.0107,0.4232,0.9072,0.1954
1154,48.094,2,lifter,0.6766,221,680,352,924,-8.0918,0.4184,19.9261,0.855,1.8379,0.3804
1154,48.094,3,lifter,0.1567,1341,1153,1665,1503,-5.3136,0.2589,13.1408,0.5595,1.1995,0.2508
1154,48.094,4,lifter,0.1447,770,1171,1073,1512,-4.4554,0.2046,11.0587,0.4716,1.0098,0.2202
1155,48.136,1,lifter,0.7829,195,1067,465,1512,-4.038,0.1803,10.0331,0.4241,0.9093,0.1958
1155,48.136,2,lifter,0.6794,221,681,352,925,-8.0011,0.4132,19.7047,0.8454,1.817,0.376
1155,48.136,3,lifter,0.1764,1341,1152,1665,1504,-5.3775,0.2627,13.297,0.5666,1.2142,0.2538
1155,48.136,4,lifter,0.1482,770,1171,1068,1512,-4.4374,0.2036,11.0148,0.4696,1.0056,0.2192
1156,48.178,1,lifter,0.7835,195,1067,465,1512,-4.0363,0.1802,10.029,0.424,0.9089,0.1957
1156,48.178,2,lifter,0.6831,221,680,352,924,-8.0775,0.4176,19.8912,0.8535,1.8346,0.3797
1156,48.178,3,lifter,0.1778,1341,1152,1665,1504,-5.3827,0.263,13.3097,0.5671,1.2154,0.2541
1156,48.178,4,lifter,0.1435,770,1171,1071,1512,-4.4403,0.2037,11.0218,0.4699,1.0063,0.2194
1157,48.219,1,lifter,0.7852,195,1067,465,1512,-4.0318,0.18,10.0178,0.4235,0.9078,0.1955
1157,48.219,2,lifter,0.6761,221,680,352,924,-8.055,0.4163,19.8363,0.8511,1.8294,0.3786
1157,48.219,3,lifter,0.1666,1341,1152,1665,1504,-5.3464,0.2608,13.2209,0.5631,1.207,0.2523
1157,48.219,4,lifter,0.1479,772,1171,1077,1512,-4.4368,0.2036,11.0133,0.4694,1.0054,0.2191
1158,48.261,1,lifter,0.7881,195,1067,465,1512,-4.0355,0.1802,10.0269,0.4239,0.9087,0.1957
1158,48.261,2,lifter,0.6813,220,680,351,924,-8.1129,0.4195,19.9776,0.8572,1.8427,0.3813
1158,48.261,3,lifter,0.1594,1341,1153,1665,1504,-5.3591,0.2616,13.252,0.5645,1.21,0.253
1158,48.261,4,lifter,0.1493,772,1172,1077,1512,-4.4403,0.2038,11.0216,0.4698,1.0062,0.2193
1159,48.303,1,lifter,0.7836,195,1067,465,1512,-4.0348,0.1801,10.0251,0.4238,0.9085,0.1957
1159,48.303,2,lifter,0.6779,221,682,351,925,-8.0008,0.4133,19.7041,0.8455,1.817,0.376
1159,48.303,3,lifter,0.1728,1341,1153,1665,1504,-5.3923,0.2635,13.333,0.5682,1.2176,0.2545
1159,48.303,4,lifter,0.1572,773,1172,1073,1512,-4.4406,0.2038,11.0225,0.4699,1.0063,0.2194
